date,product_id,price,competitor_price,quantity_sold,cost_per_unit,promotion_flag,is_weekend,channel,region,year,month,day_of_week,day_of_year,log_quantity,log_price,log_competitor_price,sin_doy,cos_doy,product_A,product_B
2021-01-01,A,107.45,114.93,8,60,0,0,Online,East,2021,1,4,1,2.0918640616783932,4.67702562308852,4.744323247380668,0.017213356155834685,0.9998518392091162,1,0
2021-01-02,A,98.58,93.66,8,60,0,1,Store,North,2021,1,5,2,2.0918640616783932,4.590868401277231,4.539671203755396,0.03442161162274574,0.9994074007397048,1,0
2021-01-03,A,91.29,82.62,9,60,0,1,Online,West,2021,1,6,3,2.2082744135228043,4.514041252576989,4.414251781968619,0.051619667223253764,0.998666816288476,1,0
2021-01-04,A,100.33,97.32,8,60,0,0,Store,East,2021,1,0,4,2.0918640616783932,4.608464752937522,4.578004517915322,0.06880242680231986,0.9976303053065857,1,0
2021-01-05,A,121.98,110.99,7,60,0,0,Online,East,2021,1,1,5,1.9600947840472698,4.8038570968683105,4.709440107163888,0.08596479873744647,0.9962981749346078,1,0
2021-01-06,A,106.26,104.68,8,60,0,0,Store,South,2021,1,2,6,2.0918640616783932,4.665888921022797,4.650908077661946,0.10310169744743485,0.9946708199115211,1,0
2021-01-07,A,91.0,80.01,10,60,0,0,Online,East,2021,1,3,7,2.312535423847214,4.51085950651685,4.382151626862033,0.1202080448993527,0.9927487224577402,1,0
2021-01-08,A,116.95,105.49,7,60,0,0,Online,West,2021,1,4,8,1.9600947840472698,4.761746493030188,4.658616161693717,0.13727877211326478,0.9905324521322229,1,0
2021-01-09,A,103.13,104.58,8,60,0,1,Store,South,2021,1,5,9,2.0918640616783932,4.635990328327978,4.649952328759984,0.15430882066428117,0.9880226656636976,1,0
2021-01-10,A,72.0,81.22,12,60,0,1,Online,South,2021,1,6,10,2.4932054526026954,4.276666119016055,4.397161522258152,0.1712931441814776,0.9852201067560606,1,0
2021-01-11,A,84.86,79.04,10,60,1,0,Online,West,2021,1,0,11,2.312535423847214,4.441002839774179,4.369954053439613,0.1882267098432442,0.9821256058680006,1,0
2021-01-12,A,77.35,72.62,11,60,0,0,Online,North,2021,1,1,12,2.4069451083182885,4.348340577019075,4.28524036598619,0.2051044998686192,0.9787400799669153,1,0
2021-01-13,A,89.85,76.52,12,60,1,0,Store,East,2021,1,2,13,2.4932054526026954,4.498141613229568,4.337552144572052,0.22192151300416552,0.9750645322571948,1,0
2021-01-14,A,107.14,120.84,10,60,0,0,Store,North,2021,1,3,14,2.312535423847214,4.674136390452814,4.794467356518472,0.2386727660059501,0.9711000518829505,1,0
2021-01-15,A,77.38,67.25,12,60,0,0,Online,East,2021,1,4,15,2.4932054526026954,4.348728349272367,4.208417018481948,0.255353295116187,0.9668478136052775,1,0
2021-01-16,A,76.39,77.79,14,60,0,1,Store,East,2021,1,5,16,2.6461747973841225,4.335851797553269,4.354012888218683,0.2719581575341055,0.9623090774541486,1,0
2021-01-17,A,105.42,113.99,12,60,0,1,Online,East,2021,1,6,17,2.4932054526026954,4.6579523714270605,4.736110725248687,0.288482432880609,0.9574851883550393,1,0
2021-01-18,A,97.74,89.0,10,60,1,0,Online,North,2021,1,0,18,2.312535423847214,4.582310891842009,4.48863636973214,0.30492122465628907,0.9523775757303974,1,0
2021-01-19,A,113.55,105.01,8,60,0,0,Store,West,2021,1,1,19,2.0918640616783932,4.732243268551567,4.654055583717902,0.3212696616923644,0.9469877530760753,1,0
2021-01-20,A,102.04,108.0,12,60,1,0,Store,South,2021,1,2,20,2.4932054526026954,4.625364893273611,4.68213122712422,0.3375228995941133,0.9413173175128471,1,0
2021-01-21,A,113.73,124.09,9,60,0,0,Store,East,2021,1,3,21,2.2082744135228043,4.733827218196353,4.821007108786528,0.3536761221763716,0.9353679493131483,1,0
2021-01-22,A,88.39,84.58,12,60,1,0,Online,East,2021,1,4,22,2.4932054526026954,4.481758841072857,4.437697832044343,0.3697245428906731,0.9291414114031743,1,0
2021-01-23,A,119.11,132.0,9,60,0,1,Online,North,2021,1,5,23,2.2082744135228043,4.78004743589281,4.882801922586371,0.38566340624360707,0.9226395488404876,1,0
2021-01-24,A,129.18,120.24,8,60,0,1,Online,West,2021,1,6,24,2.0918640616783932,4.861206780604327,4.789489745444719,0.401487989205973,0.9158642882672872,1,0
2021-01-25,A,128.29,123.04,9,60,1,0,Store,South,2021,1,0,25,2.2082744135228043,4.854293326261248,4.812509505757334,0.4171936026123168,0.9088176373395029,1,0
2021-01-26,A,116.3,104.02,11,60,1,0,Online,South,2021,1,1,26,2.4069451083182885,4.7561730595246186,4.644583188344926,0.4327755925504312,0.901501684131884,1,0
2021-01-27,A,90.11,84.13,13,60,1,0,Online,South,2021,1,2,27,2.5726122302071057,4.501031146246946,4.432363221562722,0.4482293417404106,0.893918596519257,1,0
2021-01-28,A,72.0,73.14,15,60,0,0,Online,West,2021,1,3,28,2.714694743820879,4.276666119016055,4.292375412721235,0.4635502709028509,0.886070621534138,1,0
2021-01-29,A,111.87,107.43,8,60,0,0,Store,East,2021,1,4,29,2.0918640616783932,4.717337482858839,4.676839472678451,0.47873384011578846,0.8779600847008882,1,0
2021-01-30,A,107.69,96.4,11,60,0,1,Store,East,2021,1,5,30,2.4069451083182885,4.679256729340789,4.5685062016165,0.4937755501599772,0.869589389346611,1,0
2021-01-31,A,125.6,107.38,9,60,0,1,Online,West,2021,1,6,31,2.2082744135228043,4.833102254034098,4.676373944994423,0.5086709438521044,0.8609610158889943,1,0
2021-02-01,A,106.42,117.2,7,60,0,0,Store,South,2021,2,0,32,1.9600947840472698,4.667393529168224,4.763881877142913,0.5234156073655503,0.8520775211013093,1,0
2021-02-02,A,112.2,122.88,8,60,0,0,Online,South,2021,2,1,33,2.0918640616783932,4.720282993088596,4.811208269399362,0.5380051715382996,0.8429415373547828,1,0
2021-02-03,A,115.01,104.27,9,60,0,0,Store,West,2021,2,2,34,2.2082744135228043,4.74501908110449,4.646983688801502,0.5524353131676196,0.8335557718385699,1,0
2021-02-04,A,109.26,95.63,10,60,0,0,Store,West,2021,2,3,35,2.312535423847214,4.693730362967572,4.560486578361451,0.5667017562911176,0.8239230057575542,1,0
2021-02-05,A,72.25,81.79,19,60,1,0,Online,South,2021,2,4,36,2.9496883350525844,4.2801323269925415,4.4041549867468825,0.5808002734538009,0.8140460935082178,1,0
2021-02-06,A,127.99,133.82,10,60,0,1,Store,North,2021,2,5,37,2.312535423847214,4.8519521358677,4.896495613354671,0.5947266869607634,0.8039279618328213,1,0
2021-02-07,A,80.05,76.84,14,60,0,1,Store,West,2021,2,6,38,2.6461747973841225,4.382651439442724,4.341725337900356,0.6084768701151261,0.7935716089521474,1,0
2021-02-08,A,86.99,83.53,12,60,0,0,Online,South,2021,2,0,39,2.4932054526026954,4.46579316951945,4.425205848767815,0.6220467484408675,0.7829801036770629,1,0
2021-02-09,A,99.83,111.99,11,60,0,0,Online,North,2021,2,1,40,2.4069451083182885,4.603468739348334,4.718409581594602,0.6354323008901774,0.7721565844991642,1,0
2021-02-10,A,96.03,87.25,13,60,0,0,Online,East,2021,2,2,41,2.5726122302071057,4.564660642649882,4.468777561082536,0.6486295610349814,0.7611042586607747,1,0
2021-02-11,A,99.83,93.22,13,60,1,0,Store,North,2021,2,3,42,2.5726122302071057,4.603468739348334,4.534962290944595,0.6616346182422783,0.7498264012045686,1,0
2021-02-12,A,98.14,111.88,15,60,1,0,Store,East,2021,2,4,43,2.714694743820879,4.586395030661757,4.717426868333759,0.6744436188329455,0.7383263540031065,1,0
2021-02-13,A,85.76,79.8,13,60,0,1,Online,South,2021,2,5,44,2.5726122302071057,4.451552697322492,4.379523504455763,0.6870527672236669,0.7266075247685656,1,0
2021-02-14,A,102.6,104.75,12,60,0,1,Store,South,2021,2,6,45,2.4932054526026954,4.630837932736669,4.6515765588022475,0.6994583270516471,0.7146733860429609,1,0
2021-02-15,A,80.41,75.48,12,60,0,0,Store,North,2021,2,0,46,2.4932054526026954,4.387138546560058,4.32386772050035,0.7116566222817746,0.702527474169157,1,0
2021-02-16,A,85.61,80.31,17,60,1,0,Store,North,2021,2,1,47,2.8390784635086144,4.449802098754394,4.38589414620037,0.7236440382959124,0.6901733882429719,1,0
2021-02-17,A,89.01,75.79,11,60,0,0,Online,West,2021,2,2,48,2.4069451083182885,4.48874872297084,4.327966357823938,0.7354170229639855,0.6776147890466889,1,0
2021-02-18,A,114.31,127.68,10,60,0,0,Online,South,2021,2,3,49,2.312535423847214,4.738914056037687,4.849527133701499,0.7469720876965552,0.6648553979642865,1,0
2021-02-19,A,128.34,121.73,8,60,0,0,Store,South,2021,2,4,50,2.0918640616783932,4.8546829923223696,4.801805477421505,0.7583058084785625,0.6518989958787126,1,0
2021-02-20,A,93.78,80.77,16,60,1,1,Online,West,2021,2,5,51,2.7788192719904172,4.5409516136614405,4.391605609454205,0.7694148268839378,0.6387494220515272,1,0
2021-02-21,A,114.5,106.65,13,60,1,1,Online,South,2021,2,6,52,2.5726122302071057,4.740574822994295,4.669552444917359,0.7802958510707755,0.6254105729852463,1,0
2021-02-22,A,100.68,101.91,10,60,0,0,Store,North,2021,2,0,53,2.312535423847214,4.611947170267115,4.6240900708406025,0.7909456567567772,0.6118864012687243,1,0
2021-02-23,A,98.39,96.43,10,60,0,0,Online,South,2021,2,1,54,2.312535423847214,4.588939172877674,4.568817356522293,0.8013610881746766,0.5981809144059164,1,0
2021-02-24,A,88.42,79.76,14,60,0,0,Online,South,2021,2,2,55,2.6461747973841225,4.482098188398097,4.379022125653583,0.8115390590073611,0.5842981736283683,1,0
2021-02-25,A,102.76,103.27,11,60,0,0,Online,North,2021,2,3,56,2.4069451083182885,4.632396172241683,4.637346917683312,0.8214765533024142,0.5702422926917871,1,0
2021-02-26,A,77.21,73.87,13,60,0,0,Online,South,2021,2,4,57,2.5726122302071057,4.3465289823207245,4.302306791540646,0.8311706263658079,0.5560174366570446,1,0
2021-02-27,A,110.49,105.39,12,60,0,1,Store,South,2021,2,5,58,2.4932054526026954,4.704925019125084,4.657667754945845,0.8406184056344782,0.5416278206559814,1,0
2021-02-28,A,123.15,106.35,12,60,0,1,Store,South,2021,2,6,59,2.4932054526026954,4.813403124566547,4.666735541646246,0.8498170915275278,0.5270777086423722,1,0
2021-03-01,A,147.81,155.96,8,60,0,0,Store,South,2021,3,0,60,2.0918640616783932,4.995927665223982,5.049599564114397,0.8587639582758029,0.5123714121284237,1,0
2021-03-02,A,101.05,114.39,11,60,0,0,Online,West,2021,3,1,61,2.4069451083182885,4.61561544384963,4.739613662537582,0.8674563547295968,0.49751328890718066,1,0
2021-03-03,A,103.4,113.35,11,60,0,0,Store,West,2021,3,2,62,2.4069451083182885,4.638604962074329,4.730480376953538,0.8758917051442429,0.48250774176121847,1,0
2021-03-04,A,92.7,87.67,15,60,1,0,Online,South,2021,3,3,63,2.714694743820879,4.529368472571809,4.473579765600494,0.8840675099433636,0.46735921715800227,1,0
2021-03-05,A,99.57,105.34,10,60,0,0,Store,West,2021,3,4,64,2.312535423847214,4.600860914399993,4.657193214055243,0.8919813464595485,0.45207220393230435,1,0
2021-03-06,A,112.19,104.86,12,60,0,1,Store,West,2021,3,5,65,2.4932054526026954,4.720193862556873,4.652626127144386,0.8996308696522433,0.43665123195606403,1,0
2021-03-07,A,124.16,110.29,11,60,0,1,Online,East,2021,3,6,66,2.4069451083182885,4.821571056434909,4.703113260318055,0.9070138128026359,0.4211008707960896,1,0
2021-03-08,A,123.29,132.71,9,60,0,0,Store,South,2021,3,0,67,2.2082744135228043,4.814539303880461,4.888166296449158,0.9141279881853337,0.40542572835999735,1,0
2021-03-09,A,72.0,67.63,15,60,0,0,Online,North,2021,3,1,68,2.714694743820879,4.276666119016055,4.214051671586849,0.9209712877166346,0.38963044953078796,1,0
2021-03-10,A,104.86,119.04,11,60,0,0,Store,North,2021,3,2,69,2.4069451083182885,4.652626127144386,4.779459571084781,0.9275416835791966,0.37371971479046906,1,0
2021-03-11,A,103.03,104.69,10,60,0,0,Store,West,2021,3,3,70,2.312535423847214,4.635020207956977,4.651003602331263,0.9338372288229252,0.35769823883312546,1,0
2021-03-12,A,89.51,90.84,13,60,0,0,Store,East,2021,3,4,71,2.5726122302071057,4.494350350882848,4.5090997172373575,0.9398560579418954,0.3415707691678556,1,0
2021-03-13,A,113.33,125.81,16,60,1,1,Online,West,2021,3,5,72,2.7788192719904172,4.730303916744857,4.83477283236304,0.9455963874271426,0.3253420847119801,1,0
2021-03-14,A,92.93,81.36,18,60,1,1,Online,North,2021,3,6,73,2.89591193827178,4.531846521569248,4.398883751740304,0.9510565162951535,0.30901699437494745,1,0
2021-03-15,A,95.24,106.89,13,60,0,0,Online,West,2021,3,0,74,2.5726122302071057,4.556400021618662,4.671800268285854,0.9562348265919056,0.29260033563334836,1,0
2021-03-16,A,72.0,80.78,19,60,0,0,Online,North,2021,3,1,75,2.9496883350525844,4.276666119016055,4.391729410135267,0.9611297838723007,0.27609697309746883,1,0
2021-03-17,A,121.66,130.45,8,60,0,0,Store,East,2021,3,2,76,2.0918640616783932,4.801230268892559,4.870990011582737,0.9657399376548549,0.2595117970697999,1,0
2021-03-18,A,107.79,122.74,13,60,0,0,Online,West,2021,3,3,77,2.5726122302071057,4.680184889793537,4.810068296960951,0.970063921851507,0.2428497220959356,1,0
2021-03-19,A,72.0,78.53,22,60,1,0,Online,East,2021,3,4,78,3.095577608523707,4.276666119016055,4.363480717386783,0.9741004551724205,0.22611568550828828,1,0
2021-03-20,A,101.04,115.99,15,60,0,1,Online,West,2021,3,5,79,2.714694743820879,4.6155164780422355,4.753503980493785,0.9778483415056568,0.20931464596304847,1,0
2021-03-21,A,89.47,102.78,14,60,0,1,Online,East,2021,3,6,80,2.6461747973841225,4.493903373559505,4.632590781564083,0.9813064702716093,0.19245158197082998,1,0
2021-03-22,A,132.85,123.97,8,60,0,0,Online,South,2021,3,0,81,2.0918640616783932,4.8892206722058225,4.8200396008500555,0.9844738167520922,0.1755314904214282,1,0
2021-03-23,A,88.65,84.93,12,60,0,0,Online,East,2021,3,1,82,2.4932054526026954,4.484696032520217,4.441827387791918,0.9873494423939864,0.15855938510313478,1,0
2021-03-24,A,72.0,78.78,17,60,0,0,Online,South,2021,3,2,83,2.8390784635086144,4.276666119016055,4.36665915754276,0.989932495087353,0.141540295217043,1,0
2021-03-25,A,125.27,141.02,8,60,0,0,Store,East,2021,3,3,84,2.0918640616783932,4.8304714078561,4.948901724290895,0.9922222094179323,0.12447926388678915,1,0
2021-03-26,A,117.69,134.9,10,60,0,0,Online,East,2021,3,4,85,2.312535423847214,4.768054048889571,4.90453376321371,0.994217906893952,0.10738134666416309,1,0
2021-03-27,A,117.3,119.73,11,60,0,1,Online,East,2021,3,5,86,2.4069451083182885,4.76473475565943,4.785239207728752,0.995918996147179,0.09025161003104117,1,0
2021-03-28,A,98.37,109.13,18,60,1,1,Store,South,2021,3,6,87,2.89591193827178,4.588735879524666,4.692539832124998,0.9973249731081555,0.07309512989807777,1,0
2021-03-29,A,102.5,109.45,13,60,0,0,Online,North,2021,3,0,88,2.5726122302071057,4.629862798578463,4.695467823968872,0.9984354211555643,0.055916990100603484,1,0
2021-03-30,A,83.99,95.43,14,60,0,0,Online,North,2021,3,1,89,2.6461747973841225,4.430697744137536,4.558392994429163,0.9992500112396835,0.03872228089217446,1,0
2021-03-31,A,72.0,79.16,16,60,0,0,Store,West,2021,3,2,90,2.7788192719904172,4.276666119016055,4.371471120734365,0.9997685019798909,0.021516097436222254,1,0
2021-04-01,A,115.4,112.06,10,60,0,0,Online,East,2021,4,3,91,2.312535423847214,4.748404354073999,4.719034442137138,0.9999907397361901,0.004303538296244289,1,0
2021-04-02,A,108.91,118.87,16,60,1,0,Store,South,2021,4,4,92,2.7788192719904172,4.690521853087595,4.778030458992533,0.9999166586547379,-0.01291029607500882,1,0
2021-04-03,A,115.88,112.13,10,60,0,1,Store,West,2021,4,5,93,2.312535423847214,4.7525551729011495,4.71965891247279,0.9995462806873573,-0.030120304846908114,1,0
2021-04-04,A,72.0,80.87,23,60,0,1,Online,North,2021,4,6,94,3.139832617527748,4.276666119016055,4.392842927107731,0.9988797155850336,-0.04732138832243185,1,0
2021-04-05,A,99.78,92.54,12,60,0,0,Store,North,2021,4,0,95,2.4932054526026954,4.6029677624328915,4.527640983478854,0.9979171608653922,-0.06450844944931623,1,0
2021-04-06,A,82.78,84.76,13,60,0,0,Online,East,2021,4,1,96,2.5726122302071057,4.416186486320586,4.4398237334000985,0.9966589017541702,-0.08167639533042241,1,0
2021-04-07,A,105.5,95.43,10,60,0,0,Store,East,2021,4,2,97,2.312535423847214,4.658710952916121,4.558392994429163,0.9951053111006976,-0.09882013873287143,1,0
2021-04-08,A,107.02,110.29,11,60,0,0,Store,South,2021,4,3,98,2.4069451083182885,4.673015732883159,4.703113260318055,0.9932568492674143,-0.11593459959550041,1,0
2021-04-09,A,87.77,76.94,12,60,0,0,Online,South,2021,4,4,99,2.4932054526026954,4.474719756604026,4.343025897324149,0.9911140639934547,-0.1330147065341959,1,0
2021-04-10,A,81.72,71.73,14,60,0,1,Store,West,2021,4,5,100,2.6461747973841225,4.403298769949421,4.272909070138343,0.9886775902323405,-0.1500553983446526,1,0
2021-04-11,A,98.32,107.35,14,60,0,1,Online,East,2021,4,6,101,2.6461747973841225,4.58822746525778,4.67609452432479,0.9859481499638304,-0.16705162550211924,1,0
2021-04-12,A,112.0,103.13,10,60,0,0,Online,South,2021,4,0,102,2.312535423847214,4.718498871295094,4.635990328327978,0.9829265519799822,-0.18399835165768005,1,0
2021-04-13,A,112.77,126.14,10,60,0,0,Online,North,2021,4,1,103,2.312535423847214,4.725350346244197,4.837392401235505,0.9796136916454901,-0.20089055513063506,1,0
2021-04-14,A,94.63,91.71,13,60,0,0,Store,West,2021,4,2,104,2.5726122302071057,4.549974550520141,4.518631424570852,0.9760105506323683,-0.21772323039653177,1,0
2021-04-15,A,90.3,80.0,14,60,1,0,Online,West,2021,4,3,105,2.6461747973841225,4.5031374604229395,4.382026634673881,0.9721181966290613,-0.23449138957040985,1,0
2021-04-16,A,120.15,119.41,9,60,0,0,Store,East,2021,4,4,106,2.2082744135228043,4.788740962182478,4.7825629495452935,0.9679377830240642,-0.25119006388481935,1,0
2021-04-17,A,93.39,82.96,16,60,0,1,Online,South,2021,4,5,107,2.7788192719904172,4.536784273121627,4.418358563921272,0.9634705485641488,-0.2678143051621742,1,0
2021-04-18,A,78.77,78.73,18,60,0,1,Store,North,2021,4,6,108,2.89591193827178,4.3665322137152325,4.3660242771963755,0.9587178169872964,-0.2843591872810034,1,0
2021-04-19,A,90.24,81.76,12,60,0,0,Online,East,2021,4,0,109,2.4932054526026954,4.502472787749749,4.403788126455394,0.9536809966304457,-0.30081980763566735,1,0
2021-04-20,A,111.96,95.35,13,60,1,0,Online,South,2021,4,1,110,2.5726122302071057,4.718141664647253,4.557554332046428,0.9483615800121715,-0.3171912885891061,1,0
2021-04-21,A,107.92,109.76,11,60,0,0,Online,West,2021,4,2,111,2.4069451083182885,4.6813902118995,4.6982961639775755,0.9427611433904207,-0.3334687789181868,1,0
2021-04-22,A,86.35,92.47,14,60,0,0,Store,South,2021,4,3,112,2.6461747973841225,4.458408804592688,4.526884267589547,0.9368813462954315,-0.3496474552512284,1,0
2021-04-23,A,109.58,98.22,9,60,0,0,Online,North,2021,4,4,113,2.2082744135228043,4.696654876110269,4.5872098606110985,0.9307239310379795,-0.36572252349726897,1,0
2021-04-24,A,88.78,90.07,12,60,0,1,Online,West,2021,4,5,114,2.4932054526026954,4.486161399405889,4.5005871457956514,0.9242907221930934,-0.3816892202666588,1,0
2021-04-25,A,90.97,95.92,16,60,0,1,Online,West,2021,4,6,115,2.7788192719904172,4.510529781833971,4.5635145107192585,0.9175836260593937,-0.39754281428255595,1,0
2021-04-26,A,119.33,105.25,12,60,1,0,Store,South,2021,4,0,116,2.4932054526026954,4.781892764381564,4.656338472562491,0.9106046300942163,-0.4132786077829042,1,0
2021-04-27,A,105.57,119.45,11,60,0,0,Online,West,2021,4,1,117,2.4069451083182885,4.659374240001603,4.782897873771819,0.9033558023246845,-0.4288919379124835,1,0
2021-04-28,A,108.69,116.86,11,60,0,0,Store,North,2021,4,2,118,2.4069451083182885,4.688499793575096,4.760976637126291,0.895839290734909,-0.4443781781046132,1,0
2021-04-29,A,108.15,108.9,12,60,0,0,Store,North,2021,4,3,119,2.4932054526026954,4.683519152399068,4.690430029938915,0.8880573226294932,-0.45973273945210397,1,0
2021-04-30,A,92.49,98.42,18,60,1,0,Store,North,2021,4,4,120,2.89591193827178,4.527100530566169,4.589244035437832,0.8800122039735357,-0.47495107206704995,1,0
2021-05-01,A,100.28,92.22,18,60,1,1,Online,South,2021,5,5,121,2.89591193827178,4.607966273290093,4.52417702677856,0.8717063187093218,-0.49002866642905923,1,0
2021-05-02,A,72.0,68.39,19,60,0,1,Store,West,2021,5,6,122,2.9496883350525844,4.276666119016055,4.225226615110005,0.8631421280499114,-0.5049610547215204,1,0
2021-05-03,A,107.64,108.72,15,60,1,0,Store,South,2021,5,0,123,2.714694743820879,4.678792325858705,4.688775769842889,0.854322169749827,-0.5197438121555155,1,0
2021-05-04,A,112.42,121.82,11,60,0,0,Online,South,2021,5,1,124,2.4069451083182885,4.722241857573929,4.802544545408338,0.8452490573530633,-0.5343725582809787,1,0
2021-05-05,A,107.18,102.11,13,60,1,0,Online,West,2021,5,2,125,2.5726122302071057,4.674509664066704,4.6260506635674465,0.835925479418637,-0.548842958284719,1,0
2021-05-06,A,133.86,133.95,8,60,0,0,Online,West,2021,5,3,126,2.0918640616783932,4.896794477672496,4.897466595990617,0.8263541987239096,-0.5631507242749186,1,0
2021-05-07,A,114.46,119.3,11,60,0,0,Online,East,2021,5,4,127,2.4069451083182885,4.740225416980956,4.78164132910387,0.8165380514459161,-0.5772916165517272,1,0
2021-05-08,A,117.73,133.94,12,60,0,1,Online,East,2021,5,5,128,2.4932054526026954,4.768393867090105,4.8973919384819045,0.8064799463209448,-0.5912614448635781,1,0
2021-05-09,A,109.82,98.4,11,60,0,1,Online,North,2021,5,6,129,2.4069451083182885,4.698842661850726,4.589040804058207,0.7961828637826158,-0.6050560696488488,1,0
2021-05-10,A,113.02,116.17,9,60,0,0,Store,North,2021,5,0,130,2.2082744135228043,4.727564794201697,4.755054635525384,0.7856498550787145,-0.6186714032625031,1,0
2021-05-11,A,103.25,92.49,11,60,0,0,Store,South,2021,5,1,131,2.4069451083182885,4.637153231841142,4.527100530566169,0.7748840413670407,-0.6321034111873487,1,0
2021-05-12,A,95.06,85.52,10,60,0,0,Store,North,2021,5,2,132,2.312535423847214,4.554508271185863,4.4487502667167895,0.7638886127905428,-0.6453481132295501,1,0
2021-05-13,A,100.84,103.6,12,60,0,0,Online,North,2021,5,3,133,2.4932054526026954,4.6135351023197195,4.640537329825382,0.7526668275320084,-0.6584015846980488,1,0
2021-05-14,A,109.24,112.64,9,60,0,0,Online,South,2021,5,4,134,2.2082744135228043,4.693547296605504,4.724196892409732,0.741222010848596,-0.6712599575675313,1,0
2021-05-15,A,96.55,92.12,13,60,0,1,Online,East,2021,5,5,135,2.5726122302071057,4.570061008874523,4.523092074952484,0.7295575540864875,-0.6839194216246106,1,0
2021-05-16,A,107.08,96.33,9,60,0,1,Online,North,2021,5,6,136,2.2082744135228043,4.673576218652152,4.567779796769532,0.717676913675962,-0.6963762255968722,1,0
2021-05-17,A,127.73,109.08,9,60,0,0,Online,West,2021,5,0,137,2.2082744135228043,4.849918661054685,4.692081557977388,0.705583610107178,-0.7086266782644596,1,0
2021-05-18,A,134.15,148.66,7,60,0,0,Online,East,2021,5,1,138,1.9600947840472698,4.8989585768716335,5.001661819297148,0.6932812268869777,-0.7206671495538609,1,0
2021-05-19,A,89.84,96.57,12,60,0,0,Store,West,2021,5,2,139,2.4932054526026954,4.498030310430188,4.570268133978827,0.6807734094770161,-0.7324940716135789,1,0
2021-05-20,A,133.85,128.94,9,60,1,0,Online,North,2021,5,3,140,2.2082744135228043,4.896719769966362,4.859347179882474,0.6680638642135335,-0.7441039398713607,1,0
2021-05-21,A,96.18,96.88,12,60,0,0,Online,South,2021,5,4,141,2.4932054526026954,4.566221435849517,4.573473099244837,0.6551563572090853,-0.7554933140726803,1,0
2021-05-22,A,94.65,89.95,12,60,0,1,Store,South,2021,5,5,142,2.4932054526026954,4.550185877655332,4.499253960396542,0.6420547132365637,-0.766658819300159,1,0
2021-05-23,A,112.5,109.42,9,60,0,1,Online,South,2021,5,6,143,2.2082744135228043,4.722953221644475,4.69519368863568,0.6287628145958344,-0.777597146973627,1,0
2021-05-24,A,96.15,97.64,12,60,0,0,Online,East,2021,5,0,144,2.4932054526026954,4.565909472034789,4.581287245524759,0.6152845999633276,-0.7883050558305255,1,0
2021-05-25,A,92.13,96.35,12,60,0,0,Online,West,2021,5,1,145,2.4932054526026954,4.52320062312084,4.567987394860375,0.6016240632249226,-0.7987793728863649,1,0
2021-05-26,A,100.2,109.42,13,60,1,0,Store,South,2021,5,2,146,2.5726122302071057,4.607168188650764,4.69519368863568,0.5877852522924732,-0.8090169943749473,1,0
2021-05-27,A,90.14,100.86,10,60,0,0,Online,East,2021,5,3,147,2.312535423847214,4.501364017262502,4.6137334166485795,0.5737722679043246,-0.8190148866680801,1,0
2021-05-28,A,104.95,111.38,13,60,1,0,Store,East,2021,5,4,148,2.5726122302071057,4.653484046266642,4.7129477781615225,0.5595892624101765,-0.8287700871745037,1,0
2021-05-29,A,89.43,91.86,11,60,0,1,Store,South,2021,5,5,149,2.4069451083182885,4.49345619635809,4.520265678897648,0.545240438540651,-0.8382797052177743,1,0
2021-05-30,A,90.59,100.4,14,60,0,1,Store,West,2021,5,6,150,2.6461747973841225,4.506343831681196,4.609162207257629,0.5307300481619334,-0.8475409228928311,1,0
2021-05-31,A,114.58,124.88,9,60,0,0,Online,South,2021,5,0,151,2.2082744135228043,4.741273268980431,4.827353276207177,0.5160623910158528,-0.8565509959010036,1,0
2021-06-01,A,113.05,109.74,10,60,0,0,Store,South,2021,6,1,152,2.312535423847214,4.727830198723979,4.69811393163083,0.5012418134457758,-0.865307254363206,1,0
2021-06-02,A,100.28,90.4,10,60,0,0,Online,South,2021,6,2,153,2.312535423847214,4.607966273290093,4.504244267398131,0.48627270710869,-0.8738071036110808,1,0
2021-06-03,A,120.2,120.13,8,60,0,0,Online,South,2021,6,3,154,2.0918640616783932,4.789157022101107,4.788574489733284,0.4711595076738638,-0.8820480249558537,1,0
2021-06-04,A,92.96,79.33,10,60,0,0,Store,South,2021,6,4,155,2.312535423847214,4.532169293103601,4.373616367313912,0.4559066935084588,-0.8900275764346767,1,0
2021-06-05,A,86.4,89.85,14,60,0,1,Online,North,2021,6,5,156,2.6461747973841225,4.45898767581001,4.498141613229568,0.440518784350495,-0.8977433935342337,1,0
2021-06-06,A,72.39,72.8,13,60,0,1,Online,East,2021,6,6,157,2.5726122302071057,4.28206816830505,4.28771595520264,0.42500033996955416,-0.9051931898913974,1,0
2021-06-07,A,96.62,108.67,11,60,0,0,Store,South,2021,6,0,158,2.4069451083182885,4.57078575912626,4.68831576707476,0.4093559588156213,-0.9123747579707273,1,0
2021-06-08,A,131.22,148.42,7,60,0,0,Online,West,2021,6,1,159,1.9600947840472698,4.876875303916732,5.000046092541988,0.39359027665646673,-0.9192859697186104,1,0
2021-06-09,A,81.52,89.87,14,60,1,0,Store,East,2021,6,2,160,2.6461747973841225,4.400848388914469,4.498364181670282,0.3777079652039649,-0.9259247771938498,1,0
2021-06-10,A,117.24,103.4,7,60,0,0,Store,North,2021,6,3,161,1.9600947840472698,4.764223115842691,4.638604962074329,0.36171373072976765,-0.9322892131745133,1,0
2021-06-11,A,111.52,110.17,10,60,0,0,Online,West,2021,6,4,162,2.312535423847214,4.714203947012214,4.702024627351974,0.3456123126707335,-0.9383773917408641,1,0
2021-06-12,A,83.68,85.95,13,60,0,1,Online,East,2021,6,5,163,2.5726122302071057,4.427000000316613,4.453765731828859,0.3294084822245304,-0.9441875088341993,1,0
2021-06-13,A,103.26,90.46,14,60,1,1,Store,East,2021,6,6,164,2.6461747973841225,4.637250079451503,4.504907764049697,0.3131070409358269,-0.9497178427914316,1,0
2021-06-14,A,108.4,114.65,12,60,1,0,Online,North,2021,6,0,165,2.4932054526026954,4.685828089005546,4.741884009303914,0.29671281927349075,-0.9549667548552551,1,0
2021-06-15,A,120.32,104.14,8,60,0,0,Online,West,2021,6,1,166,2.0918640616783932,4.79015486020153,4.645736147734753,0.28023067519921585,-0.9599326896597447,1,0
2021-06-16,A,112.28,96.58,8,60,0,0,Online,West,2021,6,2,167,2.0918640616783932,4.720995751493682,4.570371680445396,0.26366549272800704,-0.9646141756912435,1,0
2021-06-17,A,97.06,105.66,8,60,0,0,Online,East,2021,6,3,168,2.0918640616783932,4.57532934397707,4.6602263917361695,0.24702218048093552,-0.9690098257244062,1,0
2021-06-18,A,114.07,98.23,7,60,0,0,Online,West,2021,6,4,169,1.9600947840472698,4.736812295039806,4.5873116676867784,0.23030567023061221,-0.9731183372332619,1,0
2021-06-19,A,115.28,116.33,9,60,0,1,Online,East,2021,6,5,170,2.2082744135228043,4.747363951691266,4.756430979828675,0.21352091543979612,-0.9769384927771817,1,0
2021-06-20,A,106.19,115.45,8,60,0,1,Store,West,2021,6,6,171,2.0918640616783932,4.665229942415754,4.748837535800504,0.19667288979357647,-0.980469160361632,1,0
2021-06-21,A,115.15,112.3,7,60,0,0,Store,East,2021,6,0,172,1.9600947840472698,4.746235626266694,4.721173861744398,0.1797665857255624,-0.9837092937736097,1,0
2021-06-22,A,101.23,114.57,10,60,0,0,Store,West,2021,6,1,173,2.312535423847214,4.6173951556106605,4.741185989905534,0.16280701293851715,-0.986657932891657,1,0
2021-06-23,A,99.64,102.05,8,60,0,0,Online,South,2021,6,2,174,2.0918640616783932,4.60156369039398,4.625462889255854,0.1457991969198751,-0.9893142039703663,1,0
2021-06-24,A,74.77,80.1,9,60,0,0,Online,South,2021,6,3,175,2.2082744135228043,4.314416735011824,4.383275854074314,0.12874817745258132,-0.99167731989929,1,0
2021-06-25,A,111.79,119.02,7,60,0,0,Online,North,2021,6,4,176,1.9600947840472698,4.716622111282234,4.779291546216706,0.11165900712169512,-0.993746580436178,1,0
2021-06-26,A,99.48,96.03,10,60,0,1,Online,South,2021,6,5,177,2.312535423847214,4.599956618935204,4.564660642649882,0.09453674981719912,-0.9955213724144752,1,0
2021-06-27,A,90.27,92.67,14,60,1,1,Store,West,2021,6,6,178,2.6461747973841225,4.502805179310063,4.5290447955986,0.07738647923346301,-0.9970011699250151,1,0
2021-06-28,A,134.65,121.2,7,60,1,0,Online,West,2021,6,0,179,1.9600947840472698,4.902678819257608,4.797442073635214,0.06021327736579302,-0.9981855344718586,1,0
2021-06-29,A,92.85,102.06,9,60,0,0,Online,North,2021,6,1,180,2.2082744135228043,4.530985287798715,4.625560875635825,0.04302223300453059,-0.99907411510223,1,0
2021-06-30,A,90.65,98.26,8,60,0,0,Online,East,2021,6,2,181,2.0918640616783932,4.50700593720086,4.587617026740502,0.02581844022713308,-0.9996666485105112,1,0
2021-07-01,A,101.45,104.41,7,60,0,0,Online,East,2021,7,3,182,1.9600947840472698,4.619566066271823,4.648325456302019,0.008606996888688698,-0.9999629591162655,1,0
2021-07-02,A,111.94,100.32,10,60,1,0,Online,West,2021,7,4,183,2.312535423847214,4.717963013463214,4.608365076884611,-0.008606996888688009,-0.9999629591162655,1,0
2021-07-03,A,72.0,67.1,11,60,0,1,Online,South,2021,7,5,184,2.4069451083182885,4.276666119016055,4.206184043977636,-0.02581844022713239,-0.9996666485105112,1,0
2021-07-04,A,104.29,109.14,9,60,0,1,Online,West,2021,7,6,185,2.2082744135228043,4.6471754801331215,4.6926314617580855,-0.04302223300453034,-0.99907411510223,1,0
2021-07-05,A,96.47,97.41,10,60,1,0,Online,West,2021,7,0,186,2.312535423847214,4.569232079182462,4.578928874782864,-0.060213277365792774,-0.9981855344718586,1,0
2021-07-06,A,72.0,74.0,12,60,1,0,Online,South,2021,7,1,187,2.4932054526026954,4.276666119016055,4.30406509320417,-0.07738647923346322,-0.9970011699250151,1,0
2021-07-07,A,116.56,124.73,7,60,0,0,Store,West,2021,7,2,188,1.9600947840472698,4.758406161886949,4.826151401137618,-0.09453674981719933,-0.9955213724144752,1,0
2021-07-08,A,112.31,118.96,7,60,0,0,Store,South,2021,7,3,189,1.9600947840472698,4.721262904974945,4.778787302151899,-0.11165900712169444,-0.9937465804361781,1,0
2021-07-09,A,102.92,117.17,8,60,0,0,Store,South,2021,7,4,190,2.0918640616783932,4.6339519874135435,4.763625871680064,-0.12874817745258066,-0.99167731989929,1,0
2021-07-10,A,94.45,101.34,8,60,0,1,Store,South,2021,7,5,191,2.0918640616783932,4.548070593947519,4.618481200047763,-0.14579919691987442,-0.9893142039703664,1,0
2021-07-11,A,87.84,79.75,10,60,0,1,Online,North,2021,7,6,192,2.312535423847214,4.47551697776122,4.378896741664954,-0.16280701293851646,-0.9866579328916572,1,0
2021-07-12,A,79.6,82.8,10,60,0,0,Store,South,2021,7,0,193,2.312535423847214,4.377014092850337,4.416428061391214,-0.17976658572556214,-0.9837092937736098,1,0
2021-07-13,A,117.8,113.98,6,60,0,0,Store,South,2021,7,1,194,1.8082887711792655,4.768988271217486,4.736022994406854,-0.19667288979357622,-0.9804691603616321,1,0
2021-07-14,A,102.63,89.33,7,60,0,0,Store,South,2021,7,2,195,1.9600947840472698,4.631130287657623,4.492337377713747,-0.2135209154397959,-0.9769384927771817,1,0
2021-07-15,A,96.49,83.69,8,60,0,0,Store,South,2021,7,3,196,2.0918640616783932,4.569439376032292,4.427119496044782,-0.23030567023061196,-0.973118337233262,1,0
2021-07-16,A,91.62,98.71,8,60,0,0,Online,South,2021,7,4,197,2.0918640616783932,4.517649588458596,4.5921862584297966,-0.24702218048093527,-0.9690098257244063,1,0
2021-07-17,A,117.05,108.36,7,60,0,1,Online,South,2021,7,5,198,1.9600947840472698,4.76260119393692,4.685459017216894,-0.2636654927280072,-0.9646141756912435,1,0
2021-07-18,A,81.55,88.76,10,60,0,1,Online,South,2021,7,6,199,2.312535423847214,4.401216329067023,4.485936098064394,-0.2802306751992161,-0.9599326896597445,1,0
2021-07-19,A,89.15,79.29,10,60,1,0,Store,West,2021,7,0,200,2.312535423847214,4.49032034430915,4.373112017284307,-0.2967128192734901,-0.9549667548552553,1,0
2021-07-20,A,109.75,107.11,6,60,0,0,Online,North,2021,7,1,201,1.8082887711792655,4.698205051955281,4.673856343776539,-0.3131070409358267,-0.9497178427914317,1,0
2021-07-21,A,72.3,68.41,9,60,0,0,Store,East,2021,7,2,202,2.2082744135228043,4.280824129164719,4.2255190127729065,-0.3294084822245302,-0.9441875088341994,1,0
2021-07-22,A,101.11,97.12,8,60,1,0,Online,West,2021,7,3,203,2.0918640616783932,4.616209033103308,4.575947327311188,-0.3456123126707333,-0.9383773917408642,1,0
2021-07-23,A,93.72,82.22,7,60,0,0,Online,South,2021,7,4,204,1.9600947840472698,4.540311613639595,4.409398581469732,-0.3617137307297674,-0.9322892131745134,1,0
2021-07-24,A,109.64,97.51,8,60,0,1,Store,East,2021,7,5,205,2.0918640616783932,4.697202271434585,4.579954936847027,-0.37770796520396466,-0.9259247771938499,1,0
2021-07-25,A,97.58,82.98,7,60,0,1,Store,West,2021,7,6,206,1.9600947840472698,4.580672554387691,4.418599614904722,-0.39359027665646645,-0.9192859697186105,1,0
2021-07-26,A,79.63,79.43,8,60,0,0,Online,North,2021,7,0,207,2.0918640616783932,4.377390906269353,4.374876130645041,-0.4093559588156211,-0.9123747579707274,1,0
2021-07-27,A,78.2,89.56,10,60,0,0,Online,South,2021,7,1,208,2.312535423847214,4.359269647551265,4.494908791730554,-0.42500033996955394,-0.9051931898913975,1,0
2021-07-28,A,93.22,96.01,5,60,0,0,Store,North,2021,7,2,209,1.62924053973028,4.534962290944595,4.564452352709533,-0.4405187843504952,-0.8977433935342336,1,0
2021-07-29,A,114.1,101.98,6,60,0,0,Online,East,2021,7,3,210,1.8082887711792655,4.73707525686803,4.62477671562701,-0.455906693508459,-0.8900275764346766,1,0
2021-07-30,A,136.03,144.29,5,60,0,0,Online,West,2021,7,4,211,1.62924053973028,4.912875449645338,4.971825163309164,-0.47115950767386394,-0.8820480249558535,1,0
2021-07-31,A,100.94,112.52,7,60,0,1,Store,South,2021,7,5,212,1.9600947840472698,4.614526280912116,4.723130983621656,-0.4862727071086902,-0.8738071036110807,1,0
2021-08-01,A,84.98,86.7,8,60,0,1,Store,South,2021,8,6,213,2.0918640616783932,4.442415934686665,4.462453883786496,-0.5012418134457756,-0.8653072543632061,1,0
2021-08-02,A,101.53,115.28,6,60,0,0,Store,North,2021,8,0,214,1.8082887711792655,4.6203543213131315,4.747363951691266,-0.5160623910158526,-0.8565509959010037,1,0
2021-08-03,A,127.18,141.33,6,60,0,0,Store,South,2021,8,1,215,1.8082887711792655,4.845603405839261,4.9510975813800595,-0.5307300481619331,-0.8475409228928312,1,0
2021-08-04,A,94.97,99.55,8,60,0,0,Online,South,2021,8,2,216,2.0918640616783932,4.553561052254861,4.6006600305102054,-0.5452404385406507,-0.8382797052177745,1,0
2021-08-05,A,131.13,132.17,5,60,0,0,Online,South,2021,8,3,217,1.62924053973028,4.876189197543333,4.884088972769716,-0.5595892624101763,-0.828770087174504,1,0
2021-08-06,A,125.98,125.2,6,60,0,0,Online,South,2021,8,4,218,1.8082887711792655,4.836123164193783,4.829912458665998,-0.5737722679043243,-0.8190148866680802,1,0
2021-08-07,A,84.53,91.87,8,60,0,1,Online,South,2021,8,5,219,2.0918640616783932,4.437106500940836,4.520374534283375,-0.5877852522924734,-0.8090169943749472,1,0
2021-08-08,A,107.59,107.37,5,60,0,1,Online,North,2021,8,6,220,1.62924053973028,4.678327706605818,4.676280813446044,-0.6016240632249227,-0.7987793728863648,1,0
2021-08-09,A,96.14,106.76,6,60,0,0,Store,West,2021,8,0,221,1.8082887711792655,4.565805462465814,4.670583324536324,-0.6152845999633277,-0.7883050558305253,1,0
2021-08-10,A,120.77,130.47,6,60,0,0,Online,East,2021,8,1,222,1.8082887711792655,4.793887910287284,4.871143315277656,-0.6287628145958345,-0.7775971469736268,1,0
2021-08-11,A,76.57,81.75,10,60,0,0,Store,South,2021,8,2,223,2.312535423847214,4.338205355125032,4.403665809777363,-0.6420547132365636,-0.7666588193001592,1,0
2021-08-12,A,109.0,125.09,7,60,0,0,Online,East,2021,8,3,224,1.9600947840472698,4.6913478822291435,4.82903347822665,-0.655156357209085,-0.7554933140726804,1,0
2021-08-13,A,122.15,130.69,6,60,0,0,Store,West,2021,8,4,225,1.8082887711792655,4.805249797703749,4.872828106608945,-0.6680638642135333,-0.7441039398713608,1,0
2021-08-14,A,124.9,120.13,6,60,0,1,Online,South,2021,8,5,226,1.8082887711792655,4.827513417131532,4.788574489733284,-0.6807734094770159,-0.7324940716135792,1,0
2021-08-15,A,75.24,83.61,9,60,0,1,Online,North,2021,8,6,227,2.2082744135228043,4.32068300443283,4.426163130161966,-0.6932812268869771,-0.7206671495538615,1,0
2021-08-16,A,89.71,93.81,7,60,0,0,Online,East,2021,8,0,228,1.9600947840472698,4.496582245571192,4.541271460137859,-0.7055836101071774,-0.7086266782644601,1,0
2021-08-17,A,80.58,87.19,8,60,0,0,Store,East,2021,8,1,229,2.0918640616783932,4.389250479763201,4.468089645439724,-0.7176769136759615,-0.6963762255968726,1,0
2021-08-18,A,106.5,104.64,5,60,0,0,Online,West,2021,8,2,230,1.62924053973028,4.66814498514948,4.650525887708889,-0.7295575540864876,-0.6839194216246105,1,0
2021-08-19,A,96.11,88.87,7,60,0,0,Store,West,2021,8,3,231,1.9600947840472698,4.565493368835193,4.487174627750384,-0.7412220108485957,-0.6712599575675315,1,0
2021-08-20,A,80.55,83.1,6,60,0,0,Online,North,2021,8,4,232,1.8082887711792655,4.388878109622984,4.420044701861403,-0.7526668275320083,-0.6584015846980489,1,0
2021-08-21,A,105.73,108.44,8,60,1,1,Online,North,2021,8,5,233,2.0918640616783932,4.660888674744435,4.686197024630465,-0.7638886127905429,-0.64534811322955,1,0
2021-08-22,A,95.18,82.38,6,60,0,1,Online,North,2021,8,6,234,1.8082887711792655,4.555769835692964,4.411342689007935,-0.7748840413670406,-0.6321034111873488,1,0
2021-08-23,A,97.15,97.36,6,60,0,0,Online,North,2021,8,0,235,1.8082887711792655,4.576256175823449,4.578415448679272,-0.7856498550787144,-0.6186714032625032,1,0
2021-08-24,A,129.58,110.81,4,60,0,0,Store,East,2021,8,1,236,1.410986973710262,4.864298451021812,4.707817022948234,-0.7961828637826154,-0.6050560696488494,1,0
2021-08-25,A,114.97,114.59,4,60,0,0,Online,West,2021,8,2,237,1.410986973710262,4.744671224765649,4.7413605404383565,-0.8064799463209447,-0.5912614448635782,1,0
2021-08-26,A,100.96,90.73,6,60,0,0,Store,North,2021,8,3,238,1.8082887711792655,4.6147243987929025,4.507888063181538,-0.8165380514459157,-0.5772916165517278,1,0
2021-08-27,A,116.1,104.85,5,60,0,0,Store,South,2021,8,4,239,1.62924053973028,4.754451888703846,4.652530757347929,-0.8263541987239095,-0.5631507242749187,1,0
2021-08-28,A,98.46,90.9,8,60,1,1,Store,North,2021,8,5,240,2.0918640616783932,4.589650374330055,4.509760001183433,-0.8359254794186365,-0.5488429582847199,1,0
2021-08-29,A,116.58,106.64,6,60,0,1,Online,North,2021,8,6,241,1.8082887711792655,4.758577732617404,4.6694586758704535,-0.8452490573530634,-0.5343725582809785,1,0
2021-08-30,A,72.24,64.85,8,60,0,0,Online,North,2021,8,0,242,2.0918640616783932,4.27999390910873,4.172076910762453,-0.8543221697498269,-0.5197438121555157,1,0
2021-08-31,A,115.08,124.83,5,60,0,0,Store,West,2021,8,1,243,1.62924053973028,4.7456275386833475,4.826952811662959,-0.8631421280499115,-0.5049610547215202,1,0
2021-09-01,A,118.35,133.46,5,60,0,0,Store,North,2021,9,2,244,1.62924053973028,4.7736463359599925,4.893801807475461,-0.8717063187093218,-0.4900286664290594,1,0
2021-09-02,A,95.54,104.65,7,60,0,0,Online,North,2021,9,3,245,1.9600947840472698,4.559545007961816,4.650621448892009,-0.8800122039735356,-0.4749510720670502,1,0
2021-09-03,A,116.64,120.48,4,60,0,0,Online,North,2021,9,4,246,1.410986973710262,4.759092268260348,4.791483764051583,-0.888057322629493,-0.4597327394521046,1,0
2021-09-04,A,76.71,73.79,8,60,0,1,Online,East,2021,9,5,247,2.0918640616783932,4.3400320779712045,4.301223221070275,-0.8958392907349089,-0.44437817810461344,1,0
2021-09-05,A,106.77,115.07,5,60,0,1,Online,West,2021,9,6,248,1.62924053973028,4.670676988190211,4.745540638835367,-0.9033558023246842,-0.4288919379124841,1,0
2021-09-06,A,72.0,61.75,9,60,0,0,Online,South,2021,9,0,249,2.2082744135228043,4.276666119016055,4.123093975508087,-0.9106046300942162,-0.41327860778290443,1,0
2021-09-07,A,75.54,75.01,7,60,0,0,Online,South,2021,9,1,250,1.9600947840472698,4.324662317284311,4.317621437981545,-0.9175836260593934,-0.3975428142825566,1,0
2021-09-08,A,96.21,108.54,6,60,0,0,Store,South,2021,9,2,251,1.8082887711792655,4.566533302373173,4.6871187686352584,-0.9242907221930934,-0.3816892202666586,1,0
2021-09-09,A,93.0,96.27,6,60,0,0,Store,North,2021,9,3,252,1.8082887711792655,4.532599493153256,4.567156743789875,-0.9307239310379793,-0.3657225234972692,1,0
2021-09-10,A,102.7,96.88,6,60,0,0,Store,North,2021,9,4,253,1.8082887711792655,4.631812116934513,4.573473099244837,-0.9368813462954315,-0.34964745525122826,1,0
2021-09-11,A,84.12,93.19,8,60,0,1,Online,East,2021,9,5,254,2.0918640616783932,4.432244350834499,4.534640419797564,-0.9427611433904206,-0.33346877891818705,1,0
2021-09-12,A,102.41,94.93,7,60,1,1,Online,East,2021,9,6,255,1.9600947840472698,4.628984364087346,4.5531397778937075,-0.9483615800121716,-0.31719128858910595,1,0
2021-09-13,A,93.08,93.82,6,60,0,0,Online,South,2021,9,0,256,1.8082887711792655,4.533459338434091,4.541378052900312,-0.9536809966304455,-0.300819807635668,1,0
2021-09-14,A,100.73,92.52,5,60,0,0,Store,South,2021,9,1,257,1.62924053973028,4.612443669954589,4.527424837363238,-0.9587178169872964,-0.2843591872810036,1,0
2021-09-15,A,111.1,120.09,5,60,0,0,Online,West,2021,9,2,258,1.62924053973028,4.7104306966455844,4.788241461672592,-0.9634705485641486,-0.26781430516217486,1,0
2021-09-16,A,112.04,109.48,5,60,0,0,Online,West,2021,9,3,259,1.62924053973028,4.718855950391908,4.695741884172478,-0.9679377830240642,-0.25119006388481957,1,0
2021-09-17,A,96.33,86.3,5,60,0,0,Store,North,2021,9,4,260,1.62924053973028,4.567779796769532,4.457829598089382,-0.9721181966290612,-0.23449138957041052,1,0
2021-09-18,A,97.22,83.33,6,60,0,1,Store,West,2021,9,5,261,1.8082887711792655,4.576976451617309,4.422808628394115,-0.9760105506323682,-0.21772323039653224,1,0
2021-09-19,A,80.1,83.28,8,60,0,1,Online,West,2021,9,6,262,2.0918640616783932,4.383275854074314,4.422208424306714,-0.9796136916454901,-0.20089055513063528,1,0
2021-09-20,A,106.22,103.17,5,60,0,0,Store,North,2021,9,0,263,1.62924053973028,4.665512414994253,4.6363781131122845,-0.9829265519799822,-0.18399835165767986,1,0
2021-09-21,A,105.85,100.68,7,60,1,0,Store,West,2021,9,1,264,1.9600947840472698,4.662022997580874,4.611947170267115,-0.9859481499638303,-0.1670516255021195,1,0
2021-09-22,A,91.27,83.79,5,60,0,0,Online,North,2021,9,2,265,1.62924053973028,4.513822146528786,4.428313668625195,-0.9886775902323404,-0.15005539834465262,1,0
2021-09-23,A,107.4,93.54,5,60,0,0,Online,West,2021,9,3,266,1.62924053973028,4.676560182074764,4.53838915229774,-0.9911140639934546,-0.13301470653419636,1,0
2021-09-24,A,106.94,101.3,6,60,0,0,Store,East,2021,9,4,267,1.8082887711792655,4.672267929520586,4.618086411254637,-0.9932568492674143,-0.11593459959550066,1,0
2021-09-25,A,77.51,89.03,7,60,0,1,Online,South,2021,9,5,268,1.9600947840472698,4.35040696029342,4.48897339158558,-0.9951053111006974,-0.09882013873287211,1,0
2021-09-26,A,108.37,97.82,6,60,0,1,Online,West,2021,9,6,269,1.8082887711792655,4.685551297934904,4.583129055111211,-0.99665890175417,-0.08167639533042288,1,0
2021-09-27,A,76.66,84.06,6,60,0,0,Online,West,2021,9,0,270,1.8082887711792655,4.339380059952409,4.431530829576971,-0.9979171608653922,-0.06450844944931625,1,0
2021-09-28,A,91.99,82.4,6,60,1,0,Store,West,2021,9,1,271,1.8082887711792655,4.521679875489066,4.411585436915426,-0.9988797155850335,-0.04732138832243232,1,0
2021-09-29,A,111.6,97.97,4,60,0,0,Store,West,2021,9,2,272,1.410986973710262,4.71492104994721,4.584661309356551,-0.9995462806873573,-0.03012030484690836,1,0
2021-09-30,A,102.0,110.63,5,60,0,0,Online,North,2021,9,3,273,1.62924053973028,4.624972813284271,4.70619130004682,-0.9999166586547379,-0.012910296075008843,1,0
2021-10-01,A,89.77,86.56,5,60,0,0,Online,North,2021,10,4,274,1.62924053973028,4.497250843768597,4.460837815098172,-0.9999907397361901,0.004303538296243821,1,0
2021-10-02,A,87.28,85.9,6,60,0,1,Online,East,2021,10,5,275,1.8082887711792655,4.469121341524815,4.45318382899021,-0.9997685019798909,0.021516097436222233,1,0
2021-10-03,A,105.48,107.59,7,60,0,1,Online,North,2021,10,6,276,1.9600947840472698,4.658521361485086,4.678327706605818,-0.9992500112396835,0.03872228089217399,1,0
2021-10-04,A,101.23,97.6,6,60,1,0,Store,South,2021,10,0,277,1.8082887711792655,4.6173951556106605,4.580877493419047,-0.9984354211555643,0.05591699010060302,1,0
2021-10-05,A,94.58,103.62,5,60,0,0,Online,East,2021,10,1,278,1.62924053973028,4.54944603721573,4.640730361386642,-0.9973249731081555,0.07309512989807776,1,0
2021-10-06,A,84.45,96.5,7,60,0,0,Store,North,2021,10,2,279,1.9600947840472698,4.436159643253809,4.56954300834494,-0.9959189961471792,0.0902516100310407,1,0
2021-10-07,A,72.0,74.3,7,60,0,0,Store,South,2021,10,3,280,1.9600947840472698,4.276666119016055,4.308110951723713,-0.994217906893952,0.10738134666416306,1,0
2021-10-08,A,100.16,97.11,5,60,0,0,Online,West,2021,10,4,281,1.62924053973028,4.606768907351788,4.575844356606263,-0.9922222094179324,0.12447926388678869,1,0
2021-10-09,A,114.26,105.09,4,60,0,1,Store,West,2021,10,5,282,1.410986973710262,4.738476553296317,4.654817125877505,-0.989932495087353,0.141540295217043,1,0
2021-10-10,A,72.96,73.1,8,60,0,1,Online,South,2021,10,6,283,2.0918640616783932,4.289911345766076,4.291828366755733,-0.9873494423939864,0.15855938510313475,1,0
2021-10-11,A,75.15,72.59,8,60,0,0,Online,North,2021,10,0,284,2.0918640616783932,4.319486116198983,4.284827171296749,-0.9844738167520923,0.17553149042142777,1,0
2021-10-12,A,102.23,117.06,5,60,0,0,Online,North,2021,10,1,285,1.62924053973028,4.627225176768922,4.7626866238630745,-0.9813064702716093,0.19245158197082995,1,0
2021-10-13,A,89.36,80.72,6,60,0,0,Store,West,2021,10,2,286,1.8082887711792655,4.492673154760945,4.390986376045354,-0.9778483415056568,0.20931464596304888,1,0
2021-10-14,A,76.99,79.85,7,60,0,0,Online,East,2021,10,3,287,1.9600947840472698,4.343675543289958,4.380149874661021,-0.9741004551724206,0.22611568550828803,1,0
2021-10-15,A,93.51,97.83,7,60,0,0,Online,South,2021,10,4,288,1.9600947840472698,4.5380683824473556,4.583231278469338,-0.970063921851507,0.2428497220959358,1,0
2021-10-16,A,108.12,116.86,6,60,0,1,Online,East,2021,10,5,289,1.8082887711792655,4.683241721408247,4.760976637126291,-0.965739937654855,0.25951179706979943,1,0
2021-10-17,A,120.54,123.51,5,60,0,1,Online,North,2021,10,6,290,1.62924053973028,4.7919816480548985,4.816322124449923,-0.9611297838723007,0.27609697309746883,1,0
2021-10-18,A,85.09,86.31,6,60,0,0,Store,East,2021,10,0,291,1.8082887711792655,4.443709519861466,4.457945466231566,-0.9562348265919058,0.2926003356333479,1,0
2021-10-19,A,94.16,98.44,8,60,1,0,Store,North,2021,10,1,292,2.0918640616783932,4.544995462952021,4.589447225522855,-0.9510565162951536,0.30901699437494723,1,0
2021-10-20,A,122.07,136.43,6,60,1,0,Store,North,2021,10,2,293,1.8082887711792655,4.804594650681708,4.915811662574783,-0.9455963874271428,0.3253420847119795,1,0
2021-10-21,A,97.03,109.56,6,60,0,0,Store,West,2021,10,3,294,1.8082887711792655,4.575020209037208,4.696472344394877,-0.9398560579418953,0.341570769167856,1,0
2021-10-22,A,121.16,135.52,5,60,0,0,Store,West,2021,10,4,295,1.62924053973028,4.797111986159036,4.909119230903745,-0.9338372288229252,0.35769823883312546,1,0
2021-10-23,A,115.16,101.54,7,60,1,1,Online,West,2021,10,5,296,1.9600947840472698,4.746322465743975,4.620452809519248,-0.9275416835791965,0.3737197147904692,1,0
2021-10-24,A,94.52,82.36,6,60,0,1,Store,North,2021,10,6,297,1.8082887711792655,4.548811452318707,4.411099882159589,-0.9209712877166346,0.38963044953078774,1,0
2021-10-25,A,88.46,101.51,6,60,1,0,Store,East,2021,10,0,298,1.8082887711792655,4.482550472440181,4.62015731579634,-0.9141279881853337,0.4054257283599973,1,0
2021-10-26,A,93.23,82.0,5,60,0,0,Store,West,2021,10,1,299,1.62924053973028,4.535069558308602,4.406719247264253,-0.9070138128026362,0.42110087079608916,1,0
2021-10-27,A,88.03,88.42,8,60,1,0,Store,West,2021,10,2,300,2.0918640616783932,4.4776776654728145,4.482098188398097,-0.8996308696522434,0.4366512319560638,1,0
2021-10-28,A,78.67,71.73,8,60,0,0,Store,South,2021,10,3,301,2.0918640616783932,4.365261888341151,4.272909070138343,-0.8919813464595487,0.45207220393230374,1,0
2021-10-29,A,114.43,108.33,5,60,0,0,Online,South,2021,10,4,302,1.62924053973028,4.739963282329623,4.6851821239574765,-0.8840675099433637,0.46735921715800205,1,0
2021-10-30,A,121.83,130.9,8,60,1,1,Store,East,2021,10,5,303,2.0918640616783932,4.8026266303663165,4.874433672915854,-0.8758917051442433,0.48250774176121763,1,0
2021-10-31,A,87.56,84.31,7,60,0,1,Online,South,2021,10,6,304,1.9600947840472698,4.472324272654662,4.434500481934585,-0.867456354729597,0.4975132889071803,1,0
2021-11-01,A,96.68,107.9,6,60,0,0,Online,West,2021,11,0,305,1.8082887711792655,4.571406555835282,4.681204872264089,-0.858763958275803,0.5123714121284235,1,0
2021-11-02,A,111.19,103.13,5,60,0,0,Store,South,2021,11,1,306,1.62924053973028,4.711240449715158,4.635990328327978,-0.8498170915275277,0.5270777086423724,1,0
2021-11-03,A,118.21,126.31,5,60,0,0,Store,East,2021,11,2,307,1.62924053973028,4.772462703762286,4.8387392027858835,-0.8406184056344783,0.5416278206559811,1,0
2021-11-04,A,116.87,108.78,4,60,0,0,Store,South,2021,11,3,308,1.410986973710262,4.761062205945065,4.689327493994814,-0.8311706263658079,0.5560174366570446,1,0
2021-11-05,A,106.0,116.1,5,60,0,0,Online,West,2021,11,4,309,1.62924053973028,4.663439094112067,4.754451888703846,-0.8214765533024145,0.5702422926917867,1,0
2021-11-06,A,85.39,92.01,6,60,0,1,Store,South,2021,11,5,310,1.8082887711792655,4.447228997919515,4.52189726679427,-0.8115390590073611,0.5842981736283683,1,0
2021-11-07,A,127.17,141.41,6,60,0,1,Store,East,2021,11,6,311,1.8082887711792655,4.845524774032655,4.9516634723196855,-0.8013610881746769,0.5981809144059159,1,0
2021-11-08,A,103.09,112.74,5,60,0,0,Store,West,2021,11,0,312,1.62924053973028,4.635602393108293,4.7250842826534285,-0.7909456567567774,0.6118864012687242,1,0
2021-11-09,A,96.86,105.58,6,60,0,0,Online,West,2021,11,1,313,1.8082887711792655,4.573266636975083,4.65946895939547,-0.780295851070776,0.6254105729852457,1,0
2021-11-10,A,106.5,112.5,6,60,0,0,Online,West,2021,11,2,314,1.8082887711792655,4.66814498514948,4.722953221644475,-0.7694148268839381,0.6387494220515268,1,0
2021-11-11,A,78.25,70.01,6,60,0,0,Store,North,2021,11,3,315,1.8082887711792655,4.359908829420263,4.248638088989106,-0.7583058084785625,0.6518989958787125,1,0
2021-11-12,A,95.69,99.8,6,60,0,0,Online,South,2021,11,4,316,1.8082887711792655,4.561113799791172,4.603168183317418,-0.7469720876965551,0.6648553979642867,1,0
2021-11-13,A,78.72,83.34,7,60,0,1,Store,West,2021,11,5,317,1.9600947840472698,4.365897252743998,4.422928625994308,-0.7354170229639858,0.6776147890466887,1,0
2021-11-14,A,93.76,91.01,8,60,1,1,Online,East,2021,11,6,318,2.0918640616783932,4.540738325828703,4.510969390589264,-0.7236440382959123,0.690173388242972,1,0
2021-11-15,A,101.9,103.78,5,60,0,0,Store,South,2021,11,0,319,1.62924053973028,4.623991940228679,4.642273273939594,-0.7116566222817751,0.7025274741691566,1,0
2021-11-16,A,124.09,106.33,5,60,0,0,Store,East,2021,11,1,320,1.62924053973028,4.821007108786528,4.666547465662995,-0.6994583270516471,0.7146733860429608,1,0
2021-11-17,A,97.45,105.78,6,60,0,0,Store,West,2021,11,2,321,1.8082887711792655,4.57933942595357,4.6613614656378335,-0.6870527672236675,0.726607524768565,1,0
2021-11-18,A,72.0,63.84,8,60,0,0,Online,East,2021,11,3,322,2.0918640616783932,4.276666119016055,4.1563799531415535,-0.6744436188329457,0.7383263540031063,1,0
2021-11-19,A,107.2,114.78,6,60,1,0,Store,North,2021,11,4,323,1.8082887711792655,4.674696248636701,4.743017252680216,-0.661634618242279,0.749826401204568,1,0
2021-11-20,A,106.84,106.71,6,60,0,1,Store,East,2021,11,5,324,1.8082887711792655,4.67133238824176,4.6701148746284735,-0.6486295610349818,0.7611042586607742,1,0
2021-11-21,A,94.42,96.45,8,60,0,1,Online,North,2021,11,6,325,2.0918640616783932,4.54775291511814,4.569024739351738,-0.6354323008901775,0.7721565844991641,1,0
2021-11-22,A,110.77,113.64,7,60,0,0,Store,East,2021,11,0,326,1.9600947840472698,4.7074559795288415,4.733035556985987,-0.622046748440868,0.7829801036770625,1,0
2021-11-23,A,115.49,127.34,6,60,0,0,Store,South,2021,11,1,327,1.8082887711792655,4.749183946126996,4.846860674588879,-0.6084768701151264,0.7935716089521472,1,0
2021-11-24,A,102.35,106.37,6,60,0,0,Store,East,2021,11,2,328,1.8082887711792655,4.628398312107299,4.666923582263574,-0.594726686960764,0.8039279618328208,1,0
2021-11-25,A,124.92,134.87,5,60,0,0,Store,West,2021,11,3,329,1.62924053973028,4.827673532414877,4.904311351528766,-0.5808002734538014,0.8140460935082175,1,0
2021-11-26,A,110.93,110.0,6,60,0,0,Online,South,2021,11,4,330,1.8082887711792655,4.708899371750569,4.700480365792417,-0.5667017562911184,0.8239230057575536,1,0
2021-11-27,A,85.35,78.88,9,60,1,1,Online,West,2021,11,5,331,2.2082744135228043,4.4467604492404496,4.36792771029438,-0.5524353131676203,0.8335557718385695,1,0
2021-11-28,A,83.96,92.65,7,60,0,1,Online,West,2021,11,6,332,1.9600947840472698,4.430340494952432,4.528828952731369,-0.5380051715382992,0.8429415373547832,1,0
2021-11-29,A,72.0,68.7,12,60,1,0,Online,West,2021,11,0,333,2.4932054526026954,4.276666119016055,4.229749199228304,-0.5234156073655503,0.8520775211013093,1,0
2021-11-30,A,84.05,93.69,8,60,0,0,Store,West,2021,11,1,334,2.0918640616783932,4.431411859854625,4.539991459963097,-0.5086709438521042,0.8609610158889945,1,0
2021-12-01,A,113.27,129.62,5,60,0,0,Store,South,2021,12,2,335,1.62924053973028,4.729774349212622,4.86460709299957,-0.4937755501599774,0.8695893893466109,1,0
2021-12-02,A,91.64,86.38,8,60,1,0,Store,North,2021,12,3,336,2.0918640616783932,4.517867857585295,4.458756167532555,-0.4787338401157883,0.8779600847008883,1,0
2021-12-03,A,88.98,98.34,7,60,0,0,Online,North,2021,12,4,337,1.9600947840472698,4.488411625377895,4.5884308619837935,-0.4635502709028512,0.8860706215341377,1,0
2021-12-04,A,92.62,93.8,7,60,0,1,Online,South,2021,12,5,338,1.9600947840472698,4.528505101052606,4.541164856012179,-0.4482293417404106,0.893918596519257,1,0
2021-12-05,A,98.76,98.31,7,60,0,1,Store,West,2021,12,6,339,1.9600947840472698,4.592692664476979,4.588125751378833,-0.4327755925504317,0.9015016841318838,1,0
2021-12-06,A,96.99,107.52,7,60,0,0,Store,West,2021,12,0,340,1.9600947840472698,4.574607880405451,4.677676876774839,-0.41719360261231697,0.9088176373395028,1,0
2021-12-07,A,100.31,109.53,6,60,0,0,Online,East,2021,12,1,341,1.8082887711792655,4.608265390895394,4.696198484335655,-0.4014879892059737,0.9158642882672868,1,0
2021-12-08,A,72.0,80.04,9,60,0,0,Store,West,2021,12,2,342,2.2082744135228043,4.276666119016055,4.382526509715532,-0.38566340624360745,0.9226395488404875,1,0
2021-12-09,A,78.31,87.18,11,60,1,0,Store,East,2021,12,3,343,2.4069451083182885,4.360675308762846,4.467974946810247,-0.3697245428906732,0.9291414114031743,1,0
2021-12-10,A,101.29,108.91,7,60,0,0,Online,West,2021,12,4,344,1.9600947840472698,4.6179876896987055,4.690521853087595,-0.3536761221763721,0.935367949313148,1,0
2021-12-11,A,113.25,114.56,7,60,0,1,Online,West,2021,12,5,345,1.9600947840472698,4.7295977643631435,4.7410987032123355,-0.33752289959411347,0.941317317512847,1,0
2021-12-12,A,72.0,63.22,9,60,0,1,Online,West,2021,12,6,346,2.2082744135228043,4.276666119016055,4.146620706787472,-0.32126966169236515,0.946987753076075,1,0
2021-12-13,A,72.54,78.91,10,60,0,0,Store,East,2021,12,0,347,2.312535423847214,4.284138133854756,4.368307962532944,-0.3049212246562894,0.9523775757303973,1,0
2021-12-14,A,82.87,92.74,9,60,0,0,Online,South,2021,12,1,348,2.2082744135228043,4.417273114860951,4.529799878963315,-0.2884824328806098,0.9574851883550389,1,0
2021-12-15,A,90.35,100.03,11,60,1,0,Online,West,2021,12,2,349,2.4069451083182885,4.503691017038237,4.605470140997089,-0.27195815753410524,0.9623090774541487,1,0
2021-12-16,A,138.16,118.82,5,60,0,0,Store,West,2021,12,3,350,1.62924053973028,4.928412433838423,4.777609742927595,-0.2553532951161881,0.9668478136052773,1,0
2021-12-17,A,97.01,100.36,7,60,0,0,Store,West,2021,12,4,351,1.9600947840472698,4.574814065973192,4.608763721498222,-0.23867276600594997,0.9711000518829505,1,0
2021-12-18,A,87.11,99.87,11,60,0,1,Online,South,2021,12,5,352,2.4069451083182885,4.467171687830801,4.603869340255043,-0.22192151300416674,0.9750645322571945,1,0
2021-12-19,A,84.06,93.7,11,60,0,1,Online,East,2021,12,6,353,2.4069451083182885,4.431530829576971,4.540098189244376,-0.20510449986861926,0.9787400799669153,1,0
2021-12-20,A,90.95,78.11,10,60,1,0,Online,South,2021,12,0,354,2.312535423847214,4.5103099049641315,4.358118089622206,-0.1882267098432439,0.9821256058680006,1,0
2021-12-21,A,87.92,97.37,11,60,1,0,Online,East,2021,12,1,355,2.4069451083182885,4.4764273100953655,4.578518154990665,-0.1712931441814778,0.9852201067560606,1,0
2021-12-22,A,104.15,98.34,8,60,0,0,Store,West,2021,12,2,356,2.0918640616783932,4.645832167706981,4.5884308619837935,-0.154308820664281,0.9880226656636976,1,0
2021-12-23,A,85.01,90.42,10,60,1,0,Online,North,2021,12,3,357,2.312535423847214,4.442768896629268,4.504465481866459,-0.13727877211326517,0.9905324521322227,1,0
2021-12-24,A,112.86,120.97,7,60,0,0,Store,East,2021,12,4,358,1.9600947840472698,4.726148112540994,4.795542580971757,-0.12020804489935275,0.9927487224577402,1,0
2021-12-25,A,77.22,85.13,13,60,0,1,Store,East,2021,12,5,359,2.5726122302071057,4.346658490836091,4.444179499895966,-0.10310169744743544,0.9946708199115211,1,0
2021-12-26,A,95.24,81.06,8,60,0,1,Online,West,2021,12,6,360,2.0918640616783932,4.556400021618662,4.395189621200163,-0.0859647987374467,0.9962981749346077,1,0
2021-12-27,A,108.8,101.6,7,60,0,0,Store,North,2021,12,0,361,1.9600947840472698,4.689511334421843,4.6210435351443815,-0.06880242680232064,0.9976303053065857,1,0
2021-12-28,A,91.07,79.28,7,60,0,0,Online,West,2021,12,1,362,1.9600947840472698,4.511628441579727,4.372985890021733,-0.05161966722325418,0.9986668162884759,1,0
2021-12-29,A,110.85,116.34,8,60,0,0,Store,East,2021,12,2,363,2.0918640616783932,4.70817793606232,4.756516938482616,-0.034421611622745804,0.9994074007397048,1,0
2021-12-30,A,76.59,70.31,8,60,0,0,Online,East,2021,12,3,364,2.0918640616783932,4.338466519921502,4.25291403621107,-0.01721335615583528,0.9998518392091162,1,0
2021-12-31,A,91.97,98.59,11,60,1,0,Online,West,2021,12,4,365,2.4069451083182885,4.521462436914606,4.59096983658695,6.432490598706546e-16,1.0,1,0
2022-01-01,A,108.11,119.12,12,60,1,1,Store,North,2022,1,5,1,2.4932054526026954,4.68314922730468,4.780131388375754,0.017213356155834685,0.9998518392091162,1,0
2022-01-02,A,113.33,105.9,10,60,1,1,Online,South,2022,1,6,2,2.312535423847214,4.730303916744857,4.662495252607361,0.03442161162274574,0.9994074007397048,1,0
2022-01-03,A,74.5,81.75,11,60,0,0,Online,South,2022,1,0,3,2.4069451083182885,4.310799125385514,4.403665809777363,0.051619667223253764,0.998666816288476,1,0
2022-01-04,A,114.25,127.7,9,60,0,0,Online,North,2022,1,1,4,2.2082744135228043,4.738389029774314,4.8496837630384935,0.06880242680231986,0.9976303053065857,1,0
2022-01-05,A,92.43,90.46,9,60,0,0,Store,North,2022,1,2,5,2.2082744135228043,4.526451601276686,4.504907764049697,0.08596479873744647,0.9962981749346078,1,0
2022-01-06,A,88.99,97.84,9,60,0,0,Online,North,2022,1,3,6,2.2082744135228043,4.488524003868771,4.583333491378917,0.10310169744743485,0.9946708199115211,1,0
2022-01-07,A,92.3,102.51,9,60,0,0,Store,West,2022,1,4,7,2.2082744135228043,4.525044141508807,4.62996035479531,0.1202080448993527,0.9927487224577402,1,0
2022-01-08,A,72.0,68.05,14,60,0,1,Store,North,2022,1,5,8,2.6461747973841225,4.276666119016055,4.220242729097475,0.13727877211326478,0.9905324521322229,1,0
2022-01-09,A,85.2,76.78,13,60,1,1,Online,North,2022,1,6,9,2.5726122302071057,4.44500143383527,4.340944189572651,0.15430882066428117,0.9880226656636976,1,0
2022-01-10,A,84.78,85.1,11,60,0,0,Online,North,2022,1,0,10,2.4069451083182885,4.440059665924491,4.443827035579329,0.1712931441814776,0.9852201067560606,1,0
2022-01-11,A,96.89,110.95,8,60,0,0,Online,South,2022,1,1,11,2.0918640616783932,4.573576314396913,4.709079649378603,0.1882267098432442,0.9821256058680006,1,0
2022-01-12,A,88.86,88.13,8,60,0,0,Online,West,2022,1,2,12,2.0918640616783932,4.487062097507763,4.478812997111569,0.2051044998686192,0.9787400799669153,1,0
2022-01-13,A,72.0,71.42,10,60,0,0,Online,West,2022,1,3,13,2.312535423847214,4.276666119016055,4.268577942166303,0.22192151300416552,0.9750645322571948,1,0
2022-01-14,A,86.59,87.02,9,60,0,0,Online,South,2022,1,4,14,2.2082744135228043,4.46118433545971,4.466137977292534,0.2386727660059501,0.9711000518829505,1,0
2022-01-15,A,104.47,97.73,10,60,0,1,Online,West,2022,1,5,15,2.312535423847214,4.648899948849417,4.582208574350744,0.255353295116187,0.9668478136052775,1,0
2022-01-16,A,72.0,81.33,14,60,0,1,Online,North,2022,1,6,16,2.6461747973841225,4.276666119016055,4.398514952178684,0.2719581575341055,0.9623090774541486,1,0
2022-01-17,A,101.98,113.6,10,60,0,0,Online,West,2022,1,0,17,2.312535423847214,4.62477671562701,4.732683506287051,0.288482432880609,0.9574851883550393,1,0
2022-01-18,A,94.01,91.04,9,60,0,0,Online,West,2022,1,1,18,2.2082744135228043,4.543401159590459,4.511298970378021,0.30492122465628907,0.9523775757303974,1,0
2022-01-19,A,82.27,86.58,12,60,0,0,Store,West,2022,1,2,19,2.4932054526026954,4.410006521180839,4.461068842013835,0.3212696616923644,0.9469877530760753,1,0
2022-01-20,A,92.75,86.01,10,60,0,0,Store,South,2022,1,3,20,2.312535423847214,4.529907701487544,4.454463568563388,0.3375228995941133,0.9413173175128471,1,0
2022-01-21,A,112.28,122.4,7,60,0,0,Online,East,2022,1,4,21,1.9600947840472698,4.720995751493682,4.807294370078226,0.3536761221763716,0.9353679493131483,1,0
2022-01-22,A,122.82,107.01,8,60,0,1,Online,East,2022,1,5,22,2.0918640616783932,4.810719868901253,4.67292228803891,0.3697245428906731,0.9291414114031743,1,0
2022-01-23,A,126.73,132.3,10,60,1,1,Online,South,2022,1,6,23,2.312535423847214,4.842058839093973,4.88507207112091,0.38566340624360707,0.9226395488404876,1,0
2022-01-24,A,110.62,114.36,11,60,1,0,Store,East,2022,1,0,24,2.4069451083182885,4.706100904566532,4.739351367454111,0.401487989205973,0.9158642882672872,1,0
2022-01-25,A,103.15,113.33,14,60,1,0,Store,North,2022,1,1,25,2.6461747973841225,4.636184239517261,4.730303916744857,0.4171936026123168,0.9088176373395029,1,0
2022-01-26,A,74.54,74.23,11,60,0,0,Online,North,2022,1,2,26,2.4069451083182885,4.311335894051113,4.307168381129456,0.4327755925504312,0.901501684131884,1,0
2022-01-27,A,91.45,90.53,14,60,1,0,Online,North,2022,1,3,27,2.6461747973841225,4.515792374836875,4.505681287487349,0.4482293417404106,0.893918596519257,1,0
2022-01-28,A,90.31,94.99,13,60,0,0,Online,South,2022,1,4,28,2.5726122302071057,4.503248196262708,4.553771622902091,0.4635502709028509,0.886070621534138,1,0
2022-01-29,A,78.85,76.12,14,60,0,1,Online,North,2022,1,5,29,2.6461747973841225,4.367547313409047,4.332311042427949,0.47873384011578846,0.8779600847008882,1,0
2022-01-30,A,72.71,74.5,14,60,0,1,Store,West,2022,1,6,30,2.6461747973841225,4.286478926661966,4.310799125385514,0.4937755501599772,0.869589389346611,1,0
2022-01-31,A,108.65,109.03,7,60,0,0,Store,North,2022,1,0,31,1.9600947840472698,4.688131706702439,4.69162307371829,0.5086709438521044,0.8609610158889943,1,0
2022-02-01,A,95.38,85.49,11,60,0,0,Store,West,2022,2,1,32,2.4069451083182885,4.557868912870078,4.448399410038142,0.5234156073655503,0.8520775211013093,1,0
2022-02-02,A,106.55,93.8,13,60,1,0,Online,West,2022,2,2,33,2.5726122302071057,4.668614358544626,4.541164856012179,0.5380051715382996,0.8429415373547828,1,0
2022-02-03,A,128.37,114.53,7,60,0,0,Online,East,2022,2,3,34,1.9600947840472698,4.854916719096835,4.740836797409625,0.5524353131676196,0.8335557718385699,1,0
2022-02-04,A,83.28,73.27,11,60,0,0,Store,East,2022,2,4,35,2.4069451083182885,4.422208424306714,4.294151248171873,0.5667017562911176,0.8239230057575542,1,0
2022-02-05,A,96.12,90.04,17,60,1,1,Online,South,2022,2,5,36,2.8390784635086144,4.565597410868269,4.500254016038531,0.5808002734538009,0.8140460935082178,1,0
2022-02-06,A,92.88,91.32,12,60,1,1,Online,North,2022,2,6,37,2.4932054526026954,4.531308337389636,4.514369821661595,0.5947266869607634,0.8039279618328213,1,0
2022-02-07,A,76.91,73.22,11,60,0,0,Online,North,2022,2,0,38,2.4069451083182885,4.342635907068963,4.29346860769209,0.6084768701151261,0.7935716089521474,1,0
2022-02-08,A,80.98,74.83,15,60,1,0,Online,South,2022,2,1,39,2.714694743820879,4.394202210604015,4.315218874092267,0.6220467484408675,0.7829801036770629,1,0
2022-02-09,A,88.18,76.48,10,60,0,0,Online,West,2022,2,2,40,2.312535423847214,4.479380179929792,4.337029268743146,0.6354323008901774,0.7721565844991642,1,0
2022-02-10,A,102.56,92.26,11,60,0,0,Store,North,2022,2,3,41,2.4069451083182885,4.63044799317236,4.524610678129674,0.6486295610349814,0.7611042586607747,1,0
2022-02-11,A,96.92,94.06,16,60,1,0,Store,West,2022,2,4,42,2.7788192719904172,4.573885895948325,4.543932876516902,0.6616346182422783,0.7498264012045686,1,0
2022-02-12,A,115.98,114.64,10,60,0,1,Online,North,2022,2,5,43,2.312535423847214,4.7534177624482945,4.741796783519916,0.6744436188329455,0.7383263540031065,1,0
2022-02-13,A,139.67,128.26,9,60,1,1,Store,East,2022,2,6,44,2.2082744135228043,4.93928249731768,4.8540594537207165,0.6870527672236669,0.7266075247685656,1,0
2022-02-14,A,91.08,78.46,9,60,0,0,Online,North,2022,2,0,45,2.2082744135228043,4.5117382411955385,4.362588940781406,0.6994583270516471,0.7146733860429609,1,0
2022-02-15,A,90.02,100.2,16,60,1,0,Online,East,2022,2,1,46,2.7788192719904172,4.500031867864786,4.607168188650764,0.7116566222817746,0.702527474169157,1,0
2022-02-16,A,86.36,92.96,12,60,0,0,Online,West,2022,2,2,47,2.4932054526026954,4.458524605646606,4.532169293103601,0.7236440382959124,0.6901733882429719,1,0
2022-02-17,A,86.41,93.2,12,60,0,0,Online,North,2022,2,3,48,2.4932054526026954,4.4591034098533076,4.534747721691546,0.7354170229639855,0.6776147890466889,1,0
2022-02-18,A,120.44,134.69,9,60,0,0,Online,East,2022,2,4,49,2.2082744135228043,4.791151703613533,4.902975841610724,0.7469720876965552,0.6648553979642865,1,0
2022-02-19,A,106.22,120.75,14,60,0,1,Online,West,2022,2,5,50,2.6461747973841225,4.665512414994253,4.793722292532682,0.7583058084785625,0.6518989958787126,1,0
2022-02-20,A,84.65,79.87,13,60,0,1,Online,East,2022,2,6,51,2.5726122302071057,4.438525108579144,4.380400312929297,0.7694148268839378,0.6387494220515272,1,0
2022-02-21,A,109.84,93.99,10,60,0,0,Store,East,2022,2,0,52,2.312535423847214,4.699024761459715,4.54318839363221,0.7802958510707755,0.6254105729852463,1,0
2022-02-22,A,101.19,105.21,12,60,0,0,Store,North,2022,2,1,53,2.4932054526026954,4.616999937741668,4.655958352820196,0.7909456567567772,0.6118864012687243,1,0
2022-02-23,A,86.58,98.47,12,60,0,0,Store,West,2022,2,2,54,2.4932054526026954,4.461068842013835,4.589751933259711,0.8013610881746766,0.5981809144059164,1,0
2022-02-24,A,118.14,102.86,8,60,0,0,Store,West,2022,2,3,55,2.0918640616783932,4.771870361879089,4.63336884034677,0.8115390590073611,0.5842981736283683,1,0
2022-02-25,A,117.83,130.06,10,60,0,0,Online,North,2022,2,4,56,2.312535423847214,4.769242907725249,4.867995882441006,0.8214765533024142,0.5702422926917871,1,0
2022-02-26,A,85.6,90.42,16,60,0,1,Online,West,2022,2,5,57,2.7788192719904172,4.449685283147696,4.504465481866459,0.8311706263658079,0.5560174366570446,1,0
2022-02-27,A,101.6,115.25,13,60,0,1,Store,East,2022,2,6,58,2.5726122302071057,4.6210435351443815,4.747103681876758,0.8406184056344782,0.5416278206559814,1,0
2022-02-28,A,105.86,93.57,14,60,1,0,Online,South,2022,2,0,59,2.6461747973841225,4.662117466429842,4.5387098192878215,0.8498170915275278,0.5270777086423722,1,0
2022-03-01,A,75.89,69.79,13,60,0,0,Store,South,2022,3,1,60,2.5726122302071057,4.3292849234158215,4.245490733029061,0.8587639582758029,0.5123714121284237,1,0
2022-03-02,A,92.96,79.63,11,60,0,0,Store,North,2022,3,2,61,2.4069451083182885,4.532169293103601,4.377390906269353,0.8674563547295968,0.49751328890718066,1,0
2022-03-03,A,101.18,104.32,11,60,0,0,Store,South,2022,3,3,62,2.4069451083182885,4.61690110886379,4.647463098178343,0.8758917051442429,0.48250774176121847,1,0
2022-03-04,A,108.97,120.97,10,60,0,0,Store,South,2022,3,4,63,2.312535423847214,4.691072614988795,4.795542580971757,0.8840675099433636,0.46735921715800227,1,0
2022-03-05,A,103.14,95.16,12,60,0,1,Store,West,2022,3,5,64,2.4932054526026954,4.636087288622813,4.555559685434757,0.8919813464595485,0.45207220393230435,1,0
2022-03-06,A,107.86,95.56,12,60,1,1,Store,West,2022,3,6,65,2.4932054526026954,4.680834089909081,4.559754322457609,0.8996308696522433,0.43665123195606403,1,0
2022-03-07,A,72.5,64.54,15,60,0,0,Online,West,2022,3,0,66,2.714694743820879,4.283586561860629,4.167285186623816,0.9070138128026359,0.4211008707960896,1,0
2022-03-08,A,86.95,78.83,12,60,0,0,Store,South,2022,3,1,67,2.4932054526026954,4.465333240800292,4.367293635071817,0.9141279881853337,0.40542572835999735,1,0
2022-03-09,A,95.08,104.76,13,60,0,0,Online,North,2022,3,2,68,2.5726122302071057,4.554718642491993,4.651672019639511,0.9209712877166346,0.38963044953078796,1,0
2022-03-10,A,97.46,99.36,15,60,1,0,Online,South,2022,3,3,69,2.714694743820879,4.57944203741536,4.598749618185169,0.9275416835791966,0.37371971479046906,1,0
2022-03-11,A,97.61,109.61,13,60,0,0,Store,North,2022,3,4,70,2.5726122302071057,4.580979947186874,4.696928611227632,0.9338372288229252,0.35769823883312546,1,0
2022-03-12,A,111.07,122.54,13,60,0,1,Online,North,2022,3,5,71,2.5726122302071057,4.7101606331790284,4.8084375072975085,0.9398560579418954,0.3415707691678556,1,0
2022-03-13,A,114.48,130.49,14,60,0,1,Store,East,2022,3,6,72,2.6461747973841225,4.740400135248196,4.871296595474155,0.9455963874271426,0.3253420847119801,1,0
2022-03-14,A,133.62,153.64,9,60,0,0,Online,East,2022,3,0,73,2.2082744135228043,4.894999950497331,5.034612203477704,0.9510565162951535,0.30901699437494745,1,0
2022-03-15,A,72.0,71.09,16,60,0,0,Online,West,2022,3,1,74,2.7788192719904172,4.276666119016055,4.263946679941392,0.9562348265919056,0.29260033563334836,1,0
2022-03-16,A,103.3,100.69,10,60,0,0,Online,South,2022,3,2,75,2.312535423847214,4.637637376125593,4.612046489927524,0.9611297838723007,0.27609697309746883,1,0
2022-03-17,A,115.59,105.73,10,60,0,0,Store,South,2022,3,3,76,2.312535423847214,4.750049447306176,4.660888674744435,0.9657399376548549,0.2595117970697999,1,0
2022-03-18,A,110.09,97.73,10,60,0,0,Store,West,2022,3,4,77,2.312535423847214,4.701298213082312,4.582208574350744,0.970063921851507,0.2428497220959356,1,0
2022-03-19,A,123.22,112.1,13,60,1,1,Online,East,2022,3,5,78,2.5726122302071057,4.813971375586425,4.719391330078114,0.9741004551724205,0.22611568550828828,1,0
2022-03-20,A,115.03,124.76,13,60,0,1,Online,South,2022,3,6,79,2.5726122302071057,4.745192963907919,4.826391891739602,0.9778483415056568,0.20931464596304847,1,0
2022-03-21,A,96.57,96.36,11,60,0,0,Online,South,2022,3,0,80,2.4069451083182885,4.570268133978827,4.568091177746671,0.9813064702716093,0.19245158197082998,1,0
2022-03-22,A,113.71,126.59,10,60,0,0,Online,North,2022,3,1,81,2.312535423847214,4.7336513476366315,4.840953517648737,0.9844738167520922,0.1755314904214282,1,0
2022-03-23,A,115.8,125.29,10,60,0,0,Store,East,2022,3,2,82,2.312535423847214,4.751864565138895,4.830631050257462,0.9873494423939864,0.15855938510313478,1,0
2022-03-24,A,88.55,85.43,13,60,0,0,Online,East,2022,3,3,83,2.5726122302071057,4.4835673642288425,4.447697327163527,0.989932495087353,0.141540295217043,1,0
2022-03-25,A,101.53,96.9,13,60,0,0,Online,East,2022,3,4,84,2.5726122302071057,4.6203543213131315,4.5736795188967205,0.9922222094179323,0.12447926388678915,1,0
2022-03-26,A,108.87,121.25,16,60,0,1,Online,West,2022,3,5,85,2.7788192719904172,4.690154509893088,4.7978545298175925,0.994217906893952,0.10738134666416309,1,0
2022-03-27,A,110.05,108.67,13,60,0,1,Online,East,2022,3,6,86,2.5726122302071057,4.70093480797247,4.68831576707476,0.995918996147179,0.09025161003104117,1,0
2022-03-28,A,104.68,107.92,12,60,0,0,Online,West,2022,3,0,87,2.4932054526026954,4.650908077661946,4.6813902118995,0.9973249731081555,0.07309512989807777,1,0
2022-03-29,A,100.31,114.24,13,60,0,0,Online,East,2022,3,1,88,2.5726122302071057,4.608265390895394,4.738301498591274,0.9984354211555643,0.055916990100603484,1,0
2022-03-30,A,111.53,124.78,16,60,1,0,Online,East,2022,3,2,89,2.7788192719904172,4.714293613006445,4.82655218668264,0.9992500112396835,0.03872228089217446,1,0
2022-03-31,A,104.89,109.16,11,60,0,0,Store,East,2022,3,3,90,2.4069451083182885,4.652912181973512,4.692814695840138,0.9997685019798909,0.021516097436222254,1,0
2022-04-01,A,118.65,120.03,9,60,0,0,Store,South,2022,4,4,91,2.2082744135228043,4.776177982881773,4.787741711537254,0.9999907397361901,0.004303538296244289,1,0
2022-04-02,A,87.47,77.88,22,60,1,1,Online,East,2022,4,5,92,3.095577608523707,4.471295877431763,4.3551691805039985,0.9999166586547379,-0.01291029607500882,1,0
2022-04-03,A,106.83,121.65,13,60,0,1,Store,South,2022,4,6,93,2.5726122302071057,4.671238785957796,4.801148069229532,0.9995462806873573,-0.030120304846908114,1,0
2022-04-04,A,132.81,130.14,7,60,0,0,Online,North,2022,4,0,94,1.9600947840472698,4.8889195354121595,4.8686107940668375,0.9988797155850336,-0.04732138832243185,1,0
2022-04-05,A,114.31,120.28,11,60,0,0,Store,South,2022,4,1,95,2.4069451083182885,4.738914056037687,4.789822358120328,0.9979171608653922,-0.06450844944931623,1,0
2022-04-06,A,93.56,106.49,14,60,0,0,Store,West,2022,4,2,96,2.6461747973841225,4.538602941715978,4.668051084027292,0.9966589017541702,-0.08167639533042241,1,0
2022-04-07,A,108.2,108.93,11,60,0,0,Online,South,2022,4,3,97,2.4069451083182885,4.6839813664123815,4.690705474094354,0.9951053111006976,-0.09882013873287143,1,0
2022-04-08,A,89.25,92.53,17,60,1,0,Online,East,2022,4,4,98,2.8390784635086144,4.491441420659749,4.527532916260939,0.9932568492674143,-0.11593459959550041,1,0
2022-04-09,A,87.66,92.88,18,60,0,1,Store,South,2022,4,5,99,2.89591193827178,4.473465694990663,4.531308337389636,0.9911140639934547,-0.1330147065341959,1,0
2022-04-10,A,90.38,89.75,16,60,0,1,Online,North,2022,4,6,100,2.7788192719904172,4.504023003983134,4.497028027368389,0.9886775902323405,-0.1500553983446526,1,0
2022-04-11,A,122.29,139.17,10,60,0,0,Store,West,2022,4,0,101,2.312535423847214,4.806395273201279,4.935696207431762,0.9859481499638304,-0.16705162550211924,1,0
2022-04-12,A,109.28,100.38,10,60,0,0,Online,West,2022,4,1,102,2.312535423847214,4.69391339582248,4.608962984226787,0.9829265519799822,-0.18399835165768005,1,0
2022-04-13,A,100.9,110.24,10,60,0,0,Online,North,2022,4,2,103,2.312535423847214,4.6141299273595635,4.7026598072653485,0.9796136916454901,-0.20089055513063506,1,0
2022-04-14,A,131.5,116.45,9,60,0,0,Online,East,2022,4,3,104,2.2082744135228043,4.879006851617819,4.75746199633035,0.9760105506323683,-0.21772323039653177,1,0
2022-04-15,A,99.89,100.27,12,60,0,0,Store,West,2022,4,4,105,2.4932054526026954,4.604069580544058,4.607866547535834,0.9721181966290613,-0.23449138957040985,1,0
2022-04-16,A,103.71,117.74,14,60,0,1,Online,South,2022,4,5,106,2.6461747973841225,4.641598542601643,4.768478803600115,0.9679377830240642,-0.25119006388481935,1,0
2022-04-17,A,72.4,79.94,27,60,1,1,Store,West,2022,4,6,107,3.299533727885655,4.282206299391671,4.3812763532831775,0.9634705485641488,-0.2678143051621742,1,0
2022-04-18,A,100.21,91.82,10,60,0,0,Online,North,2022,4,0,108,2.312535423847214,4.607267984070237,4.519830138821076,0.9587178169872964,-0.2843591872810034,1,0
2022-04-19,A,106.62,97.82,10,60,0,0,Store,West,2022,4,1,109,2.312535423847214,4.669271111394615,4.583129055111211,0.9536809966304457,-0.30081980763566735,1,0
2022-04-20,A,108.24,116.64,14,60,0,0,Online,East,2022,4,2,110,2.6461747973841225,4.684350983862532,4.759092268260348,0.9483615800121715,-0.3171912885891061,1,0
2022-04-21,A,121.3,133.06,12,60,1,0,Online,North,2022,4,3,111,2.4932054526026954,4.798266815950004,4.890800154313742,0.9427611433904207,-0.3334687789181868,1,0
2022-04-22,A,81.21,77.11,18,60,1,0,Online,North,2022,4,4,112,2.89591193827178,4.397038392294319,4.345232973844869,0.9368813462954315,-0.3496474552512284,1,0
2022-04-23,A,78.91,87.9,15,60,0,1,Online,East,2022,4,5,113,2.714694743820879,4.368307962532944,4.476199804691132,0.9307239310379795,-0.36572252349726897,1,0
2022-04-24,A,92.82,98.21,16,60,0,1,Store,East,2022,4,6,114,2.7788192719904172,4.5306621338130295,4.587108043169683,0.9242907221930934,-0.3816892202666588,1,0
2022-04-25,A,72.0,62.18,17,60,0,0,Store,East,2022,4,0,115,2.8390784635086144,4.276666119016055,4.130033404630607,0.9175836260593937,-0.39754281428255595,1,0
2022-04-26,A,105.22,89.43,10,60,0,0,Online,North,2022,4,1,116,2.312535423847214,4.656053396302661,4.49345619635809,0.9106046300942163,-0.4132786077829042,1,0
2022-04-27,A,87.0,79.27,13,60,0,0,Online,West,2022,4,2,117,2.5726122302071057,4.465908118654584,4.372859746849064,0.9033558023246845,-0.4288919379124835,1,0
2022-04-28,A,118.26,130.62,11,60,0,0,Online,South,2022,4,3,118,2.4069451083182885,4.772885590392684,4.872292344474511,0.895839290734909,-0.4443781781046132,1,0
2022-04-29,A,91.44,85.17,13,60,0,0,Online,East,2022,4,4,119,2.5726122302071057,4.515683019486556,4.44464925915299,0.8880573226294932,-0.45973273945210397,1,0
2022-04-30,A,91.04,93.51,16,60,0,1,Online,East,2022,4,5,120,2.7788192719904172,4.511298970378021,4.5380683824473556,0.8800122039735357,-0.47495107206704995,1,0
2022-05-01,A,102.0,94.93,10,60,0,1,Online,North,2022,5,6,121,2.312535423847214,4.624972813284271,4.5531397778937075,0.8717063187093218,-0.49002866642905923,1,0
2022-05-02,A,76.17,81.07,16,60,0,0,Online,North,2022,5,0,122,2.7788192719904172,4.3329676843846965,4.395312978999615,0.8631421280499114,-0.5049610547215204,1,0
2022-05-03,A,87.29,99.66,14,60,0,0,Online,East,2022,5,1,123,2.6461747973841225,4.469235908747258,4.601764392853259,0.854322169749827,-0.5197438121555155,1,0
2022-05-04,A,95.19,107.21,14,60,0,0,Store,South,2022,5,2,124,2.6461747973841225,4.555874894263214,4.674789527868148,0.8452490573530633,-0.5343725582809787,1,0
2022-05-05,A,96.93,83.9,11,60,0,0,Online,West,2022,5,3,125,2.4069451083182885,4.573989068504517,4.429625613473161,0.835925479418637,-0.548842958284719,1,0
2022-05-06,A,115.87,118.03,13,60,1,0,Online,East,2022,5,4,126,2.5726122302071057,4.752468873008971,4.770938829440977,0.8263541987239096,-0.5631507242749186,1,0
2022-05-07,A,119.37,115.33,9,60,1,1,Online,East,2022,5,5,127,2.2082744135228043,4.782227913106947,4.747797584237848,0.8165380514459161,-0.5772916165517272,1,0
2022-05-08,A,77.23,81.98,19,60,1,1,Online,North,2022,5,6,128,2.9496883350525844,4.346787982581173,4.406475315076191,0.8064799463209448,-0.5912614448635781,1,0
2022-05-09,A,72.0,67.87,16,60,0,0,Online,West,2022,5,0,129,2.7788192719904172,4.276666119016055,4.217594110715667,0.7961828637826158,-0.6050560696488488,1,0
2022-05-10,A,103.65,100.44,12,60,0,0,Store,West,2022,5,1,130,2.4932054526026954,4.641019838881789,4.609560534289384,0.7856498550787145,-0.6186714032625031,1,0
2022-05-11,A,115.81,109.44,13,60,1,0,Online,West,2022,5,2,131,2.5726122302071057,4.751950917196286,4.69537645387424,0.7748840413670407,-0.6321034111873487,1,0
2022-05-12,A,110.25,112.63,11,60,1,0,Store,South,2022,5,3,132,2.4069451083182885,4.702750514326955,4.724108110059605,0.7638886127905428,-0.6453481132295501,1,0
2022-05-13,A,90.06,81.6,11,60,0,0,Online,North,2022,5,4,133,2.4069451083182885,4.500476114873425,4.401829261970061,0.7526668275320084,-0.6584015846980488,1,0
2022-05-14,A,118.75,112.83,9,60,0,1,Online,South,2022,5,5,134,2.2082744135228043,4.7770204429147505,4.725882261150355,0.741222010848596,-0.6712599575675313,1,0
2022-05-15,A,89.07,77.95,11,60,0,1,Store,East,2022,5,6,135,2.4069451083182885,4.489422577443778,4.356067595503785,0.7295575540864875,-0.6839194216246106,1,0
2022-05-16,A,97.66,110.68,11,60,0,0,Store,East,2022,5,0,136,2.4069451083182885,4.581492058633514,4.7066431549187255,0.717676913675962,-0.6963762255968722,1,0
2022-05-17,A,103.96,112.85,10,60,0,0,Store,West,2022,5,1,137,2.312535423847214,4.6440062097732895,4.726059503263545,0.705583610107178,-0.7086266782644596,1,0
2022-05-18,A,92.39,105.71,10,60,0,0,Online,North,2022,5,2,138,2.312535423847214,4.526018747682654,4.660699495780571,0.6932812268869777,-0.7206671495538609,1,0
2022-05-19,A,101.7,116.31,10,60,0,0,Online,West,2022,5,3,139,2.312535423847214,4.622027303054514,4.7562590403509475,0.6807734094770161,-0.7324940716135789,1,0
2022-05-20,A,72.31,70.09,12,60,0,0,Online,North,2022,5,4,140,2.4932054526026954,4.28096243218686,4.249780130512233,0.6680638642135335,-0.7441039398713607,1,0
2022-05-21,A,111.14,112.8,12,60,0,1,Online,East,2022,5,5,141,2.4932054526026954,4.710790667851775,4.725616339063959,0.6551563572090853,-0.7554933140726803,1,0
2022-05-22,A,98.75,86.66,12,60,0,1,Store,East,2022,5,6,142,2.4932054526026954,4.592591403781231,4.461992416311763,0.6420547132365637,-0.766658819300159,1,0
2022-05-23,A,130.69,138.68,9,60,0,0,Online,North,2022,5,0,143,2.2082744135228043,4.872828106608945,4.932169120816822,0.6287628145958344,-0.777597146973627,1,0
2022-05-24,A,112.28,105.98,10,60,0,0,Online,North,2022,5,1,144,2.312535423847214,4.720995751493682,4.663250397064616,0.6152845999633276,-0.7883050558305255,1,0
2022-05-25,A,132.33,120.94,9,60,1,0,Online,West,2022,5,2,145,2.2082744135228043,4.885298802784958,4.795294554845067,0.6016240632249226,-0.7987793728863649,1,0
2022-05-26,A,124.96,131.72,9,60,0,0,Online,West,2022,5,3,146,2.2082744135228043,4.827993686091376,4.880678457508163,0.5877852522924732,-0.8090169943749473,1,0
2022-05-27,A,101.04,114.37,11,60,0,0,Store,South,2022,5,4,147,2.4069451083182885,4.6155164780422355,4.7394388067931255,0.5737722679043246,-0.8190148866680801,1,0
2022-05-28,A,108.47,123.99,10,60,0,1,Online,South,2022,5,5,148,2.312535423847214,4.686473637052126,4.820200917191751,0.5595892624101765,-0.8287700871745037,1,0
2022-05-29,A,110.92,97.09,12,60,1,1,Store,West,2022,5,6,149,2.4932054526026954,4.708809220747577,4.575638383382054,0.545240438540651,-0.8382797052177743,1,0
2022-05-30,A,125.16,106.73,7,60,0,0,Store,North,2022,5,0,150,1.9600947840472698,4.829592918800682,4.670302280925873,0.5307300481619334,-0.8475409228928311,1,0
2022-05-31,A,118.29,107.79,9,60,0,0,Store,East,2022,5,1,151,2.2082744135228043,4.773139236557646,4.680184889793537,0.5160623910158528,-0.8565509959010036,1,0
2022-06-01,A,88.24,82.18,10,60,0,0,Online,North,2022,6,2,152,2.312535423847214,4.480060374945247,4.408911963455264,0.5012418134457758,-0.865307254363206,1,0
2022-06-02,A,78.89,81.19,12,60,0,0,Online,East,2022,6,3,153,2.4932054526026954,4.368054477106998,4.396792086874355,0.48627270710869,-0.8738071036110808,1,0
2022-06-03,A,106.12,116.4,12,60,1,0,Online,South,2022,6,4,154,2.4932054526026954,4.664570529269539,4.757032535297338,0.4711595076738638,-0.8820480249558537,1,0
2022-06-04,A,104.95,97.19,10,60,1,1,Online,South,2022,6,5,155,2.312535423847214,4.653484046266642,4.576667825515379,0.4559066935084588,-0.8900275764346767,1,0
2022-06-05,A,110.25,113.04,10,60,0,1,Online,West,2022,6,6,156,2.312535423847214,4.702750514326955,4.727741738376272,0.440518784350495,-0.8977433935342337,1,0
2022-06-06,A,114.99,119.75,10,60,1,0,Online,South,2022,6,0,157,2.312535423847214,4.744845168060573,4.785406236291025,0.42500033996955416,-0.9051931898913974,1,0
2022-06-07,A,108.07,93.94,11,60,1,0,Online,East,2022,6,1,158,2.4069451083182885,4.6827791653150745,4.542656280598849,0.4093559588156213,-0.9123747579707273,1,0
2022-06-08,A,80.63,82.81,12,60,0,0,Online,West,2022,6,2,159,2.4932054526026954,4.389870788696931,4.416548827045609,0.39359027665646673,-0.9192859697186104,1,0
2022-06-09,A,92.6,96.91,11,60,0,0,Online,West,2022,6,3,160,2.4069451083182885,4.528289141652134,4.573782712746459,0.3777079652039649,-0.9259247771938498,1,0
2022-06-10,A,122.32,138.55,8,60,0,0,Store,East,2022,6,4,161,2.0918640616783932,4.8066405616208066,4.931231271308987,0.36171373072976765,-0.9322892131745133,1,0
2022-06-11,A,89.58,83.92,12,60,0,1,Online,West,2022,6,5,162,2.4932054526026954,4.495132080779154,4.4298639640880415,0.3456123126707335,-0.9383773917408641,1,0
2022-06-12,A,75.66,81.16,14,60,0,1,Store,North,2022,6,6,163,2.6461747973841225,4.326249619204883,4.396422514957614,0.3294084822245304,-0.9441875088341993,1,0
2022-06-13,A,108.23,122.94,8,60,0,0,Online,South,2022,6,0,164,2.0918640616783932,4.684258592307055,4.811696431478864,0.3131070409358269,-0.9497178427914316,1,0
2022-06-14,A,86.49,81.78,12,60,1,0,Online,North,2022,6,1,165,2.4932054526026954,4.460028800318421,4.404032714936497,0.29671281927349075,-0.9549667548552551,1,0
2022-06-15,A,78.99,87.49,11,60,0,0,Store,East,2022,6,2,166,2.4069451083182885,4.369321262176328,4.471524501118173,0.28023067519921585,-0.9599326896597447,1,0
2022-06-16,A,72.0,61.49,10,60,0,0,Online,East,2022,6,3,167,2.312535423847214,4.276666119016055,4.118874559965378,0.26366549272800704,-0.9646141756912435,1,0
2022-06-17,A,108.33,99.54,7,60,0,0,Online,West,2022,6,4,168,1.9600947840472698,4.6851821239574765,4.6005595734304086,0.24702218048093552,-0.9690098257244062,1,0
2022-06-18,A,101.48,110.29,11,60,0,1,Online,South,2022,6,5,169,2.4069451083182885,4.6198617347310815,4.703113260318055,0.23030567023061221,-0.9731183372332619,1,0
2022-06-19,A,95.78,91.6,11,60,0,1,Online,North,2022,6,6,170,2.4069451083182885,4.562053894914463,4.517431271680085,0.21352091543979612,-0.9769384927771817,1,0
2022-06-20,A,89.96,80.97,8,60,0,0,Online,South,2022,6,0,171,2.0918640616783932,4.499365127091115,4.394078715698023,0.19667288979357647,-0.980469160361632,1,0
2022-06-21,A,115.32,112.41,9,60,0,0,Online,South,2022,6,1,172,2.2082744135228043,4.7477108727702015,4.722152901473706,0.1797665857255624,-0.9837092937736097,1,0
2022-06-22,A,122.35,111.47,7,60,0,0,Online,North,2022,6,2,173,1.9600947840472698,4.806885789888681,4.713755496401532,0.16280701293851715,-0.986657932891657,1,0
2022-06-23,A,108.23,95.75,9,60,0,0,Online,North,2022,6,3,174,2.2082744135228043,4.684258592307055,4.561740628060756,0.1457991969198751,-0.9893142039703663,1,0
2022-06-24,A,105.32,105.71,8,60,0,0,Store,East,2022,6,4,175,2.0918640616783932,4.657003334628109,4.660699495780571,0.12874817745258132,-0.99167731989929,1,0
2022-06-25,A,100.57,98.14,8,60,0,1,Store,North,2022,6,5,176,2.0918640616783932,4.610854002456389,4.586395030661757,0.11165900712169512,-0.993746580436178,1,0
2022-06-26,A,86.4,96.4,13,60,0,1,Store,West,2022,6,6,177,2.5726122302071057,4.45898767581001,4.5685062016165,0.09453674981719912,-0.9955213724144752,1,0
2022-06-27,A,118.67,130.11,9,60,1,0,Online,East,2022,6,0,178,2.2082744135228043,4.7763465316770475,4.868380246515384,0.07738647923346301,-0.9970011699250151,1,0
2022-06-28,A,103.99,104.32,8,60,1,0,Online,East,2022,6,1,179,2.0918640616783932,4.644294740672142,4.647463098178343,0.06021327736579302,-0.9981855344718586,1,0
2022-06-29,A,88.0,85.04,11,60,1,0,Store,West,2022,6,2,180,2.4069451083182885,4.477336814478207,4.443121734033692,0.04302223300453059,-0.99907411510223,1,0
2022-06-30,A,79.93,85.76,12,60,1,0,Online,North,2022,6,3,181,2.4932054526026954,4.381151251637927,4.451552697322492,0.02581844022713308,-0.9996666485105112,1,0
2022-07-01,A,97.09,105.94,8,60,0,0,Store,East,2022,7,4,182,2.0918640616783932,4.575638383382054,4.66287289611638,0.008606996888688698,-0.9999629591162655,1,0
2022-07-02,A,98.99,86.22,8,60,0,1,Store,East,2022,7,5,183,2.0918640616783932,4.595018834931716,4.4569021693189885,-0.008606996888688009,-0.9999629591162655,1,0
2022-07-03,A,90.93,97.0,8,60,0,1,Store,East,2022,7,6,184,2.0918640616783932,4.510089979737821,4.574710978503383,-0.02581844022713239,-0.9996666485105112,1,0
2022-07-04,A,116.65,128.63,7,60,0,0,Store,South,2022,7,0,185,1.9600947840472698,4.759177998467439,4.856940066090624,-0.04302223300453034,-0.99907411510223,1,0
2022-07-05,A,104.03,90.5,8,60,0,0,Online,North,2022,7,1,186,2.0918640616783932,4.644679319082804,4.505349850705881,-0.060213277365792774,-0.9981855344718586,1,0
2022-07-06,A,72.0,75.83,11,60,0,0,Online,East,2022,7,2,187,2.4069451083182885,4.276666119016055,4.328493992712844,-0.07738647923346322,-0.9970011699250151,1,0
2022-07-07,A,121.05,109.06,7,60,0,0,Store,North,2022,7,3,188,1.9600947840472698,4.796203683384068,4.691898189497915,-0.09453674981719933,-0.9955213724144752,1,0
2022-07-08,A,92.67,95.6,8,60,0,0,Store,South,2022,7,4,189,2.0918640616783932,4.5290447955986,4.560172820057356,-0.11165900712169444,-0.9937465804361781,1,0
2022-07-09,A,127.97,114.78,7,60,0,1,Store,South,2022,7,5,190,1.9600947840472698,4.851795861449505,4.743017252680216,-0.12874817745258066,-0.99167731989929,1,0
2022-07-10,A,120.54,109.16,6,60,0,1,Store,South,2022,7,6,191,1.8082887711792655,4.7919816480548985,4.692814695840138,-0.14579919691987442,-0.9893142039703664,1,0
2022-07-11,A,100.23,90.85,8,60,0,0,Store,West,2022,7,0,192,2.0918640616783932,4.607467545036775,4.50920979484218,-0.16280701293851646,-0.9866579328916572,1,0
2022-07-12,A,72.73,82.73,8,60,0,0,Online,North,2022,7,1,193,2.0918640616783932,4.286753954166449,4.415582293202092,-0.17976658572556214,-0.9837092937736098,1,0
2022-07-13,A,101.47,105.63,7,60,0,0,Online,West,2022,7,2,194,1.9600947840472698,4.6197631882909915,4.659942421835071,-0.19667288979357622,-0.9804691603616321,1,0
2022-07-14,A,73.53,76.94,12,60,1,0,Online,North,2022,7,3,195,2.4932054526026954,4.297693486208131,4.343025897324149,-0.2135209154397959,-0.9769384927771817,1,0
2022-07-15,A,108.28,116.76,7,60,0,0,Online,North,2022,7,4,196,1.9600947840472698,4.684720464746101,4.760120545985914,-0.23030567023061196,-0.973118337233262,1,0
2022-07-16,A,90.38,82.71,9,60,0,1,Online,North,2022,7,5,197,2.2082744135228043,4.504023003983134,4.415340513703815,-0.24702218048093527,-0.9690098257244063,1,0
2022-07-17,A,95.01,96.64,9,60,0,1,Store,South,2022,7,6,198,2.2082744135228043,4.553982149218658,4.570992734186505,-0.2636654927280072,-0.9646141756912435,1,0
2022-07-18,A,79.63,79.97,8,60,0,0,Online,North,2022,7,0,199,2.0918640616783932,4.377390906269353,4.381651564343798,-0.2802306751992161,-0.9599326896597445,1,0
2022-07-19,A,105.03,97.12,7,60,0,0,Online,West,2022,7,1,200,1.9600947840472698,4.654246023634684,4.575947327311188,-0.2967128192734901,-0.9549667548552553,1,0
2022-07-20,A,136.74,128.7,5,60,0,0,Store,East,2022,7,2,201,1.62924053973028,4.918081312485648,4.857484114602081,-0.3131070409358267,-0.9497178427914317,1,0
2022-07-21,A,118.22,120.57,6,60,0,0,Store,East,2022,7,3,202,1.8082887711792655,4.772547295396223,4.79223049712922,-0.3294084822245302,-0.9441875088341994,1,0
2022-07-22,A,103.59,97.66,7,60,0,0,Online,South,2022,7,4,203,1.9600947840472698,4.640440800070011,4.581492058633514,-0.3456123126707333,-0.9383773917408642,1,0
2022-07-23,A,130.18,144.42,7,60,0,1,Online,North,2022,7,5,204,1.9600947840472698,4.868918108144241,4.972725721023036,-0.3617137307297674,-0.9322892131745134,1,0
2022-07-24,A,120.19,126.54,7,60,0,1,Online,West,2022,7,6,205,1.9600947840472698,4.7890738239646975,4.840558463718739,-0.37770796520396466,-0.9259247771938499,1,0
2022-07-25,A,110.55,124.79,7,60,0,0,Online,East,2022,7,0,206,1.9600947840472698,4.705467907303455,4.826632324519763,-0.39359027665646645,-0.9192859697186105,1,0
2022-07-26,A,72.0,71.87,10,60,1,0,Online,South,2022,7,1,207,2.312535423847214,4.276666119016055,4.274858931480352,-0.4093559588156211,-0.9123747579707274,1,0
2022-07-27,A,91.11,89.88,7,60,0,0,Store,South,2022,7,2,208,1.9600947840472698,4.512067567725767,4.498475447317128,-0.42500033996955394,-0.9051931898913975,1,0
2022-07-28,A,92.21,96.2,9,60,1,0,Online,South,2022,7,3,209,2.2082744135228043,4.52406858455105,4.566429357671661,-0.4405187843504952,-0.8977433935342336,1,0
2022-07-29,A,106.06,109.22,6,60,0,0,Store,South,2022,7,4,210,1.8082887711792655,4.664004971708984,4.693364196724008,-0.455906693508459,-0.8900275764346766,1,0
2022-07-30,A,80.19,90.98,12,60,0,1,Store,North,2022,7,5,211,2.4932054526026954,4.384398818818937,4.510639702141858,-0.47115950767386394,-0.8820480249558535,1,0
2022-07-31,A,123.31,135.82,9,60,1,1,Store,East,2022,7,6,212,2.2082744135228043,4.814701509882439,4.911330479685645,-0.4862727071086902,-0.8738071036110807,1,0
2022-08-01,A,106.58,118.78,6,60,0,0,Store,South,2022,8,0,213,1.8082887711792655,4.668895876868636,4.777273042587714,-0.5012418134457756,-0.8653072543632061,1,0
2022-08-02,A,102.27,105.11,7,60,0,0,Online,West,2022,8,1,214,1.9600947840472698,4.627616374817921,4.655007420835263,-0.5160623910158526,-0.8565509959010037,1,0
2022-08-03,A,103.1,95.25,7,60,0,0,Online,West,2022,8,2,215,1.9600947840472698,4.635699391022914,4.55650501400681,-0.5307300481619331,-0.8475409228928312,1,0
2022-08-04,A,109.44,102.43,7,60,1,0,Store,West,2022,8,3,216,1.9600947840472698,4.69537645387424,4.629179638448443,-0.5452404385406507,-0.8382797052177745,1,0
2022-08-05,A,110.32,113.73,5,60,0,0,Store,North,2022,8,4,217,1.62924053973028,4.703385233485046,4.733827218196353,-0.5595892624101763,-0.828770087174504,1,0
2022-08-06,A,97.26,84.63,8,60,1,1,Store,West,2022,8,5,218,2.0918640616783932,4.57738780497564,4.438288813682014,-0.5737722679043243,-0.8190148866680802,1,0
2022-08-07,A,95.13,96.61,8,60,0,1,Online,South,2022,8,6,219,2.0918640616783932,4.555244377218366,4.570682255529419,-0.5877852522924734,-0.8090169943749472,1,0
2022-08-08,A,97.35,90.59,5,60,0,0,Online,North,2022,8,0,220,1.62924053973028,4.578312731818208,4.506343831681196,-0.6016240632249227,-0.7987793728863648,1,0
2022-08-09,A,105.01,94.48,6,60,0,0,Online,East,2022,8,1,221,1.8082887711792655,4.654055583717902,4.548388171889107,-0.6152845999633277,-0.7883050558305253,1,0
2022-08-10,A,90.81,85.34,7,60,0,0,Online,East,2022,8,2,222,1.9600947840472698,4.508769411701737,4.446643277759854,-0.6287628145958345,-0.7775971469736268,1,0
2022-08-11,A,78.78,74.11,8,60,1,0,Online,West,2022,8,3,223,2.0918640616783932,4.36665915754276,4.305550475963267,-0.6420547132365636,-0.7666588193001592,1,0
2022-08-12,A,93.81,104.07,6,60,0,0,Online,South,2022,8,4,224,1.8082887711792655,4.541271460137859,4.6450637496497675,-0.655156357209085,-0.7554933140726804,1,0
2022-08-13,A,108.0,111.8,7,60,0,1,Online,South,2022,8,5,225,1.9600947840472698,4.68213122712422,4.716711560720999,-0.6680638642135333,-0.7441039398713608,1,0
2022-08-14,A,82.51,85.58,8,60,0,1,Online,North,2022,8,6,226,2.0918640616783932,4.412919498116252,4.449451610988671,-0.6807734094770159,-0.7324940716135792,1,0
2022-08-15,A,104.7,101.42,6,60,0,0,Online,South,2022,8,0,227,1.8082887711792655,4.651099117876491,4.619270310366873,-0.6932812268869771,-0.7206671495538615,1,0
2022-08-16,A,126.08,128.89,5,60,0,0,Store,East,2022,8,1,228,1.62924053973028,4.836916626109569,4.858959327416688,-0.7055836101071774,-0.7086266782644601,1,0
2022-08-17,A,102.61,110.77,7,60,1,0,Online,North,2022,8,2,229,1.9600947840472698,4.630935393874117,4.7074559795288415,-0.7176769136759615,-0.6963762255968726,1,0
2022-08-18,A,125.54,125.26,5,60,0,0,Store,East,2022,8,3,230,1.62924053973028,4.832624432889386,4.8303915770972665,-0.7295575540864876,-0.6839194216246105,1,0
2022-08-19,A,103.08,91.43,5,60,0,0,Online,West,2022,8,4,231,1.62924053973028,4.635505385784164,4.515573652176335,-0.7412220108485957,-0.6712599575675315,1,0
2022-08-20,A,96.35,109.4,7,60,0,1,Online,North,2022,8,5,232,1.9600947840472698,4.567987394860375,4.695010889987881,-0.7526668275320083,-0.6584015846980489,1,0
2022-08-21,A,116.46,113.07,7,60,1,1,Store,North,2022,8,6,233,1.9600947840472698,4.757547866408974,4.728007095947154,-0.7638886127905429,-0.64534811322955,1,0
2022-08-22,A,86.62,88.46,7,60,0,0,Online,West,2022,8,0,234,1.9600947840472698,4.46153073578648,4.482550472440181,-0.7748840413670406,-0.6321034111873488,1,0
2022-08-23,A,72.0,80.71,8,60,0,0,Online,East,2022,8,1,235,2.0918640616783932,4.276666119016055,4.390862483336281,-0.7856498550787144,-0.6186714032625032,1,0
2022-08-24,A,83.43,80.29,7,60,0,0,Online,East,2022,8,2,236,1.9600947840472698,4.424007956913983,4.385645080196593,-0.7961828637826154,-0.6050560696488494,1,0
2022-08-25,A,118.57,121.18,5,60,0,0,Store,East,2022,8,3,237,1.62924053973028,4.775503503469979,4.797277043516843,-0.8064799463209447,-0.5912614448635782,1,0
2022-08-26,A,89.76,99.84,6,60,0,0,Online,North,2022,8,4,238,1.8082887711792655,4.497139441774387,4.603568904621118,-0.8165380514459157,-0.5772916165517278,1,0
2022-08-27,A,120.24,104.13,6,60,0,1,Online,West,2022,8,5,239,1.8082887711792655,4.789489745444719,4.645640118541804,-0.8263541987239095,-0.5631507242749187,1,0
2022-08-28,A,72.0,63.23,8,60,0,1,Store,North,2022,8,6,240,2.0918640616783932,4.276666119016055,4.146778872070522,-0.8359254794186365,-0.5488429582847199,1,0
2022-08-29,A,102.13,115.14,6,60,0,0,Online,North,2022,8,0,241,1.8082887711792655,4.626246511590008,4.7461487792476635,-0.8452490573530634,-0.5343725582809785,1,0
2022-08-30,A,123.87,111.03,4,60,0,0,Online,North,2022,8,1,242,1.410986973710262,4.819232628566109,4.709800435066175,-0.8543221697498269,-0.5197438121555157,1,0
2022-08-31,A,105.4,101.47,5,60,0,0,Online,East,2022,8,2,243,1.62924053973028,4.657762636107262,4.6197631882909915,-0.8631421280499115,-0.5049610547215202,1,0
2022-09-01,A,102.12,105.65,5,60,1,0,Online,East,2022,9,3,244,1.62924053973028,4.6261485923732835,4.660131744062066,-0.8717063187093218,-0.4900286664290594,1,0
2022-09-02,A,104.58,97.63,6,60,1,0,Store,East,2022,9,4,245,1.8082887711792655,4.649952328759984,4.58118482323758,-0.8800122039735356,-0.4749510720670502,1,0
2022-09-03,A,76.7,66.34,8,60,0,1,Online,North,2022,9,5,246,2.0918640616783932,4.33990170837321,4.1947930335189065,-0.888057322629493,-0.4597327394521046,1,0
2022-09-04,A,113.22,103.02,6,60,0,1,Online,East,2022,9,6,247,1.8082887711792655,4.729332828608514,4.634923144137439,-0.8958392907349089,-0.44437817810461344,1,0
2022-09-05,A,89.04,93.77,7,60,0,0,Store,South,2022,9,0,248,1.9600947840472698,4.489085706967289,4.540844975431534,-0.9033558023246842,-0.4288919379124841,1,0
2022-09-06,A,78.48,84.36,6,60,0,0,Online,North,2022,9,1,249,1.8082887711792655,4.362843815257108,4.435093355610574,-0.9106046300942162,-0.41327860778290443,1,0
2022-09-07,A,89.46,76.85,6,60,1,0,Store,East,2022,9,2,250,1.8082887711792655,4.493791598004702,4.341855469984605,-0.9175836260593934,-0.3975428142825566,1,0
2022-09-08,A,118.13,123.56,6,60,0,0,Online,South,2022,9,3,251,1.8082887711792655,4.771785712960429,4.816726868050381,-0.9242907221930934,-0.3816892202666586,1,0
2022-09-09,A,86.66,80.98,8,60,1,0,Online,West,2022,9,4,252,2.0918640616783932,4.461992416311763,4.394202210604015,-0.9307239310379793,-0.3657225234972692,1,0
2022-09-10,A,72.0,70.61,9,60,0,1,Online,South,2022,9,5,253,2.2082744135228043,4.276666119016055,4.257171777528256,-0.9368813462954315,-0.34964745525122826,1,0
2022-09-11,A,98.37,91.32,6,60,0,1,Store,East,2022,9,6,254,1.8082887711792655,4.588735879524666,4.514369821661595,-0.9427611433904206,-0.33346877891818705,1,0
2022-09-12,A,79.17,71.21,6,60,0,0,Store,East,2022,9,0,255,1.8082887711792655,4.3715974391833425,4.2656332579940335,-0.9483615800121716,-0.31719128858910595,1,0
2022-09-13,A,101.28,93.58,4,60,0,0,Store,South,2022,9,1,256,1.410986973710262,4.617888958395866,4.5388166854380705,-0.9536809966304455,-0.300819807635668,1,0
2022-09-14,A,80.3,72.52,7,60,0,0,Online,East,2022,9,2,257,1.9600947840472698,4.385769620952716,4.283862385886651,-0.9587178169872964,-0.2843591872810036,1,0
2022-09-15,A,109.53,106.61,4,60,0,0,Store,West,2022,9,3,258,1.410986973710262,4.696198484335655,4.669177315962384,-0.9634705485641486,-0.26781430516217486,1,0
2022-09-16,A,87.92,82.61,7,60,0,0,Online,South,2022,9,4,259,1.9600947840472698,4.4764273100953655,4.414130738574414,-0.9679377830240642,-0.25119006388481957,1,0
2022-09-17,A,92.07,90.13,7,60,1,1,Online,South,2022,9,5,260,1.9600947840472698,4.522549157299754,4.501253072568319,-0.9721181966290612,-0.23449138957041052,1,0
2022-09-18,A,84.55,89.17,9,60,1,1,Online,East,2022,9,6,261,2.2082744135228043,4.4373430753445895,4.490544660146788,-0.9760105506323682,-0.21772323039653224,1,0
2022-09-19,A,81.86,72.45,6,60,0,0,Store,West,2022,9,0,262,1.8082887711792655,4.405010471064257,4.282896668766692,-0.9796136916454901,-0.20089055513063528,1,0
2022-09-20,A,86.31,95.97,6,60,0,0,Store,West,2022,9,1,263,1.8082887711792655,4.457945466231566,4.564035642629537,-0.9829265519799822,-0.18399835165767986,1,0
2022-09-21,A,75.18,64.14,7,60,1,0,Store,North,2022,9,2,264,1.9600947840472698,4.319885238136032,4.161068194265009,-0.9859481499638303,-0.1670516255021195,1,0
2022-09-22,A,89.03,91.3,6,60,0,0,Store,South,2022,9,3,265,1.8082887711792655,4.48897339158558,4.514150787600923,-0.9886775902323404,-0.15005539834465262,1,0
2022-09-23,A,106.35,93.69,6,60,0,0,Online,East,2022,9,4,266,1.8082887711792655,4.666735541646246,4.539991459963097,-0.9911140639934546,-0.13301470653419636,1,0
2022-09-24,A,76.49,74.74,8,60,0,1,Online,South,2022,9,5,267,2.0918640616783932,4.337160013333775,4.314015424057338,-0.9932568492674143,-0.11593459959550066,1,0
2022-09-25,A,72.0,62.29,7,60,0,1,Store,East,2022,9,6,268,1.9600947840472698,4.276666119016055,4.131800899266054,-0.9951053111006974,-0.09882013873287211,1,0
2022-09-26,A,83.85,88.6,8,60,1,0,Store,South,2022,9,0,269,2.0918640616783932,4.429029488269218,4.484131857611035,-0.99665890175417,-0.08167639533042288,1,0
2022-09-27,A,72.0,69.03,9,60,1,0,Online,South,2022,9,1,270,2.2082744135228043,4.276666119016055,4.234541192715384,-0.9979171608653922,-0.06450844944931625,1,0
2022-09-28,A,104.24,99.81,6,60,1,0,Online,South,2022,9,2,271,1.8082887711792655,4.6466959328165895,4.603268378698495,-0.9988797155850335,-0.04732138832243232,1,0
2022-09-29,A,118.0,129.46,4,60,0,0,Online,North,2022,9,3,272,1.410986973710262,4.770684624465665,4.8633719531173645,-0.9995462806873573,-0.03012030484690836,1,0
2022-09-30,A,92.0,89.81,6,60,0,0,Store,South,2022,9,4,273,1.8082887711792655,4.5217885770490405,4.497696327682858,-0.9999166586547379,-0.012910296075008843,1,0
2022-10-01,A,82.79,86.67,9,60,1,1,Online,South,2022,10,5,274,2.2082744135228043,4.416307281150715,4.462107803146254,-0.9999907397361901,0.004303538296243821,1,0
2022-10-02,A,93.4,86.09,7,60,0,1,Store,East,2022,10,6,275,1.9600947840472698,4.536891345234797,4.455393260669863,-0.9997685019798909,0.021516097436222233,1,0
2022-10-03,A,91.2,87.23,6,60,0,0,Online,West,2022,10,0,276,1.8082887711792655,4.513054897080286,4.468548308445127,-0.9992500112396835,0.03872228089217399,1,0
2022-10-04,A,98.26,96.43,7,60,1,0,Store,East,2022,10,1,277,1.9600947840472698,4.587617026740502,4.568817356522293,-0.9984354211555643,0.05591699010060302,1,0
2022-10-05,A,83.96,88.39,5,60,0,0,Online,East,2022,10,2,278,1.62924053973028,4.430340494952432,4.481758841072857,-0.9973249731081555,0.07309512989807776,1,0
2022-10-06,A,106.99,91.88,5,60,1,0,Online,South,2022,10,3,279,1.62924053973028,4.672735372150515,4.520483377820898,-0.9959189961471792,0.0902516100310407,1,0
2022-10-07,A,77.28,77.34,7,60,0,0,Store,North,2022,10,4,280,1.9600947840472698,4.347435189904263,4.348211286179151,-0.994217906893952,0.10738134666416306,1,0
2022-10-08,A,72.0,68.04,8,60,0,1,Online,South,2022,10,5,281,2.0918640616783932,4.276666119016055,4.220095767527661,-0.9922222094179324,0.12447926388678869,1,0
2022-10-09,A,129.85,127.06,5,60,0,1,Store,North,2022,10,6,282,1.62924053973028,4.866379938108757,4.844659415838387,-0.989932495087353,0.141540295217043,1,0
2022-10-10,A,103.81,103.83,5,60,0,0,Online,South,2022,10,0,283,1.62924053973028,4.642562305205154,4.642754946315362,-0.9873494423939864,0.15855938510313475,1,0
2022-10-11,A,72.0,73.58,7,60,0,0,Online,East,2022,10,1,284,1.9600947840472698,4.276666119016055,4.2983732496766285,-0.9844738167520923,0.17553149042142777,1,0
2022-10-12,A,108.07,114.45,5,60,0,0,Online,East,2022,10,2,285,1.62924053973028,4.6827791653150745,4.740138046398576,-0.9813064702716093,0.19245158197082995,1,0
2022-10-13,A,119.62,130.58,5,60,1,0,Online,West,2022,10,3,286,1.62924053973028,4.784320051616411,4.871986065758487,-0.9778483415056568,0.20931464596304888,1,0
2022-10-14,A,87.49,94.85,9,60,1,0,Online,South,2022,10,4,287,2.2082744135228043,4.471524501118173,4.552296696381023,-0.9741004551724206,0.22611568550828803,1,0
2022-10-15,A,89.06,100.77,7,60,0,1,Store,East,2022,10,5,288,1.9600947840472698,4.489310299893557,4.612840692292311,-0.970063921851507,0.2428497220959358,1,0
2022-10-16,A,98.43,110.74,5,60,0,1,Online,West,2022,10,6,289,1.62924053973028,4.58934563564112,4.707185111394821,-0.965739937654855,0.25951179706979943,1,0
2022-10-17,A,122.44,137.06,4,60,0,0,Online,East,2022,10,0,290,1.410986973710262,4.807621114077212,4.920418786157677,-0.9611297838723007,0.27609697309746883,1,0
2022-10-18,A,93.1,81.28,5,60,0,0,Store,South,2022,10,1,291,1.62924053973028,4.533674184283021,4.397899983830172,-0.9562348265919058,0.2926003356333479,1,0
2022-10-19,A,107.37,121.1,5,60,0,0,Online,East,2022,10,2,292,1.62924053973028,4.676280813446044,4.796616650559047,-0.9510565162951536,0.30901699437494723,1,0
2022-10-20,A,97.63,108.11,6,60,0,0,Store,North,2022,10,3,293,1.8082887711792655,4.58118482323758,4.68314922730468,-0.9455963874271428,0.3253420847119795,1,0
2022-10-21,A,89.85,77.46,6,60,0,0,Online,East,2022,10,4,294,1.8082887711792655,4.498141613229568,4.349761674086606,-0.9398560579418953,0.341570769167856,1,0
2022-10-22,A,136.44,146.73,5,60,0,1,Online,East,2022,10,5,295,1.62924053973028,4.915884957550445,4.988594163219376,-0.9338372288229252,0.35769823883312546,1,0
2022-10-23,A,98.51,108.34,8,60,1,1,Online,West,2022,10,6,296,2.0918640616783932,4.590158065867588,4.685274430229753,-0.9275416835791965,0.3737197147904692,1,0
2022-10-24,A,94.44,82.82,5,60,0,0,Online,East,2022,10,0,297,1.62924053973028,4.547964712217312,4.416669578117421,-0.9209712877166346,0.38963044953078774,1,0
2022-10-25,A,110.16,95.33,4,60,0,0,Online,East,2022,10,1,298,1.410986973710262,4.7019338544204,4.557344556505487,-0.9141279881853337,0.4054257283599973,1,0
2022-10-26,A,129.06,131.1,4,60,0,0,Online,North,2022,10,2,299,1.410986973710262,4.860277412507694,4.875960390769654,-0.9070138128026362,0.42110087079608916,1,0
2022-10-27,A,90.9,81.34,6,60,0,0,Online,South,2022,10,3,300,1.8082887711792655,4.509760001183433,4.398637900479079,-0.8996308696522434,0.4366512319560638,1,0
2022-10-28,A,98.83,108.53,6,60,0,0,Online,South,2022,10,4,301,1.8082887711792655,4.593401202388092,4.687026632457924,-0.8919813464595487,0.45207220393230374,1,0
2022-10-29,A,107.88,100.11,6,60,1,1,Store,West,2022,10,5,302,1.8082887711792655,4.681019498271529,4.606269581431392,-0.8840675099433637,0.46735921715800205,1,0
2022-10-30,A,112.94,122.78,6,60,0,1,Online,South,2022,10,6,303,1.8082887711792655,4.726856704244691,4.81039413599935,-0.8758917051442433,0.48250774176121763,1,0
2022-10-31,A,83.44,89.4,7,60,0,0,Store,North,2022,10,0,304,1.9600947840472698,4.424127810692517,4.493120682179469,-0.867456354729597,0.4975132889071803,1,0
2022-11-01,A,103.69,91.78,4,60,0,0,Online,East,2022,11,1,305,1.410986973710262,4.6414056785701865,4.519394408966687,-0.858763958275803,0.5123714121284235,1,0
2022-11-02,A,115.79,108.48,5,60,0,0,Store,West,2022,11,2,306,1.62924053973028,4.7517782056241815,4.686565824192085,-0.8498170915275277,0.5270777086423724,1,0
2022-11-03,A,131.71,138.25,4,60,0,0,Store,East,2022,11,3,307,1.410986973710262,4.880602536010955,4.929063640402444,-0.8406184056344783,0.5416278206559811,1,0
2022-11-04,A,102.78,112.75,6,60,0,0,Store,South,2022,11,4,308,1.8082887711792655,4.632590781564083,4.725172978382788,-0.8311706263658079,0.5560174366570446,1,0
2022-11-05,A,74.96,74.31,9,60,0,1,Online,East,2022,11,5,309,2.2082744135228043,4.316954637930166,4.308245532169378,-0.8214765533024145,0.5702422926917867,1,0
2022-11-06,A,109.95,101.81,7,60,1,1,Online,South,2022,11,6,310,1.9600947840472698,4.70002571700077,4.623108331119105,-0.8115390590073611,0.5842981736283683,1,0
2022-11-07,A,92.19,105.02,6,60,0,0,Online,East,2022,11,0,311,1.8082887711792655,4.523851664810503,4.654150808209713,-0.8013610881746769,0.5981809144059159,1,0
2022-11-08,A,125.01,131.85,6,60,0,0,Online,South,2022,11,1,312,1.8082887711792655,4.828393734102471,4.8816649127992955,-0.7909456567567774,0.6118864012687242,1,0
2022-11-09,A,110.26,104.43,5,60,0,0,Store,East,2022,11,2,313,1.62924053973028,4.702841213161538,4.648516990491458,-0.780295851070776,0.6254105729852457,1,0
2022-11-10,A,116.09,100.25,5,60,0,0,Online,South,2022,11,3,314,1.62924053973028,4.754365752349944,4.6076670661866785,-0.7694148268839381,0.6387494220515268,1,0
2022-11-11,A,76.09,67.56,8,60,0,0,Store,North,2022,11,4,315,2.0918640616783932,4.331916850188431,4.2130160919396,-0.7583058084785625,0.6518989958787125,1,0
2022-11-12,A,83.94,85.15,9,60,0,1,Online,East,2022,11,5,316,2.2082744135228043,4.430102257905445,4.444414407108697,-0.7469720876965551,0.6648553979642867,1,0
2022-11-13,A,93.69,102.3,8,60,0,1,Online,East,2022,11,6,317,2.0918640616783932,4.539991459963097,4.627909672957581,-0.7354170229639858,0.6776147890466887,1,0
2022-11-14,A,88.4,77.53,6,60,0,0,Online,West,2022,11,0,318,1.8082887711792655,4.481871969643598,4.350664958230868,-0.7236440382959123,0.690173388242972,1,0
2022-11-15,A,113.22,130.01,6,60,0,0,Online,North,2022,11,1,319,1.8082887711792655,4.729332828608514,4.867611370574077,-0.7116566222817751,0.7025274741691566,1,0
2022-11-16,A,105.51,99.05,6,60,0,0,Online,East,2022,11,2,320,1.8082887711792655,4.658805735154001,4.59562477314456,-0.6994583270516471,0.7146733860429608,1,0
2022-11-17,A,96.65,85.86,6,60,0,0,Online,West,2022,11,3,321,1.8082887711792655,4.57109620565434,4.452718062796414,-0.6870527672236675,0.726607524768565,1,0
2022-11-18,A,117.48,119.47,5,60,0,0,Online,West,2022,11,4,322,1.62924053973028,4.766268106330419,4.783065293829132,-0.6744436188329457,0.7383263540031063,1,0
2022-11-19,A,98.89,98.86,8,60,0,1,Store,East,2022,11,5,323,2.0918640616783932,4.5940081212819,4.593704707878813,-0.661634618242279,0.749826401204568,1,0
2022-11-20,A,113.22,100.25,6,60,0,1,Store,North,2022,11,6,324,1.8082887711792655,4.729332828608514,4.6076670661866785,-0.6486295610349818,0.7611042586607742,1,0
2022-11-21,A,82.72,72.6,9,60,1,0,Store,West,2022,11,0,325,2.2082744135228043,4.415461410760119,4.28496492183075,-0.6354323008901775,0.7721565844991641,1,0
2022-11-22,A,109.13,95.54,7,60,0,0,Online,North,2022,11,1,326,1.9600947840472698,4.692539832124998,4.559545007961816,-0.622046748440868,0.7829801036770625,1,0
2022-11-23,A,93.45,83.31,5,60,0,0,Store,South,2022,11,2,327,1.62924053973028,4.537426533901572,4.422568589986818,-0.6084768701151264,0.7935716089521472,1,0
2022-11-24,A,121.28,134.87,5,60,1,0,Online,North,2022,11,3,328,1.62924053973028,4.7981019218940615,4.904311351528766,-0.594726686960764,0.8039279618328208,1,0
2022-11-25,A,96.08,90.85,5,60,0,0,Store,West,2022,11,4,329,1.62924053973028,4.565181177771728,4.50920979484218,-0.5808002734538014,0.8140460935082175,1,0
2022-11-26,A,88.12,91.62,8,60,0,1,Online,West,2022,11,5,330,2.0918640616783932,4.478699521934143,4.517649588458596,-0.5667017562911184,0.8239230057575536,1,0
2022-11-27,A,76.33,83.3,10,60,0,1,Store,East,2022,11,6,331,2.312535423847214,4.335066045810379,4.422448549172797,-0.5524353131676203,0.8335557718385695,1,0
2022-11-28,A,82.27,70.57,8,60,0,0,Online,North,2022,11,0,332,2.0918640616783932,4.410006521180839,4.256605125012738,-0.5380051715382992,0.8429415373547832,1,0
2022-11-29,A,90.47,83.04,7,60,0,0,Online,East,2022,11,1,333,1.9600947840472698,4.50501830403765,4.419322419417578,-0.5234156073655503,0.8520775211013093,1,0
2022-11-30,A,138.32,140.04,5,60,0,0,Online,East,2022,11,2,334,1.62924053973028,4.929569841375035,4.941928096086465,-0.5086709438521042,0.8609610158889945,1,0
2022-12-01,A,99.64,86.69,7,60,0,0,Online,East,2022,12,3,335,1.9600947840472698,4.60156369039398,4.462338536880549,-0.4937755501599774,0.8695893893466109,1,0
2022-12-02,A,99.96,105.64,6,60,0,0,Online,South,2022,12,4,336,1.8082887711792655,4.604770105966751,4.660037087428932,-0.4787338401157883,0.8779600847008883,1,0
2022-12-03,A,83.45,93.3,9,60,0,1,Store,West,2022,12,5,337,2.2082744135228043,4.424247650107844,4.535820107853298,-0.4635502709028512,0.8860706215341377,1,0
2022-12-04,A,108.98,110.83,6,60,0,1,Store,South,2022,12,6,338,1.8082887711792655,4.691164379154952,4.707997495787562,-0.4482293417404106,0.893918596519257,1,0
2022-12-05,A,104.8,119.74,8,60,1,0,Online,West,2022,12,0,339,2.0918640616783932,4.6520537718869415,4.785322725497206,-0.4327755925504317,0.9015016841318838,1,0
2022-12-06,A,85.53,92.1,9,60,0,0,Online,South,2022,12,1,340,2.2082744135228043,4.44886719159269,4.522874943261261,-0.41719360261231697,0.9088176373395028,1,0
2022-12-07,A,121.51,114.88,6,60,0,0,Online,North,2022,12,2,341,1.8082887711792655,4.79999656392052,4.743888105299914,-0.4014879892059737,0.9158642882672868,1,0
2022-12-08,A,97.28,97.45,7,60,0,0,Store,North,2022,12,3,342,1.9600947840472698,4.577593418217857,4.57933942595357,-0.38566340624360745,0.9226395488404875,1,0
2022-12-09,A,104.62,88.93,6,60,0,0,Store,South,2022,12,4,343,1.8082887711792655,4.650334737942465,4.487849543411548,-0.3697245428906732,0.9291414114031743,1,0
2022-12-10,A,92.11,100.78,11,60,1,1,Store,South,2022,12,5,344,2.4069451083182885,4.522983515000144,4.612939923252452,-0.3536761221763721,0.935367949313148,1,0
2022-12-11,A,92.2,85.63,8,60,0,1,Online,East,2022,12,6,345,2.0918640616783932,4.523960130562548,4.450035689038101,-0.33752289959411347,0.941317317512847,1,0
2022-12-12,A,87.5,84.66,7,60,0,0,Store,East,2022,12,0,346,1.9600947840472698,4.471638793363569,4.438643235092778,-0.32126966169236515,0.946987753076075,1,0
2022-12-13,A,85.13,73.43,8,60,0,0,Online,West,2022,12,1,347,2.0918640616783932,4.444179499895966,4.296332571463519,-0.3049212246562894,0.9523775757303973,1,0
2022-12-14,A,116.59,118.0,6,60,0,0,Online,South,2022,12,2,348,1.8082887711792655,4.7586635069452,4.770684624465665,-0.2884824328806098,0.9574851883550389,1,0
2022-12-15,A,95.95,106.86,7,60,0,0,Store,East,2022,12,3,349,1.9600947840472698,4.563827222453709,4.671519566529625,-0.27195815753410524,0.9623090774541487,1,0
2022-12-16,A,88.66,100.35,8,60,0,0,Online,West,2022,12,4,350,2.0918640616783932,4.484808829316908,4.608664075242347,-0.2553532951161881,0.9668478136052773,1,0
2022-12-17,A,90.65,98.57,10,60,1,1,Online,South,2022,12,5,351,2.312535423847214,4.50700593720086,4.590766955677347,-0.23867276600594997,0.9711000518829505,1,0
2022-12-18,A,102.93,91.33,10,60,1,1,Store,North,2022,12,6,352,2.312535423847214,4.6340491455384685,4.514479320703588,-0.22192151300416674,0.9750645322571945,1,0
2022-12-19,A,123.13,134.27,5,60,0,0,Online,South,2022,12,0,353,1.62924053973028,4.81324070780478,4.899852698084617,-0.20510449986861926,0.9787400799669153,1,0
2022-12-20,A,102.8,102.22,9,60,1,0,Store,East,2022,12,1,354,2.2082744135228043,4.632785353021065,4.627127353340134,-0.1882267098432439,0.9821256058680006,1,0
2022-12-21,A,112.61,96.16,6,60,0,0,Online,North,2022,12,2,355,1.8082887711792655,4.723930521708934,4.566013470786897,-0.1712931441814778,0.9852201067560606,1,0
2022-12-22,A,129.87,125.23,5,60,0,0,Online,East,2022,12,3,356,1.62924053973028,4.866533950121999,4.830152046575941,-0.154308820664281,0.9880226656636976,1,0
2022-12-23,A,124.28,139.4,8,60,1,0,Online,East,2022,12,4,357,2.0918640616783932,4.822537084524846,4.937347498326424,-0.13727877211326517,0.9905324521322227,1,0
2022-12-24,A,104.89,100.27,9,60,0,1,Online,West,2022,12,5,358,2.2082744135228043,4.652912181973512,4.607866547535834,-0.12020804489935275,0.9927487224577402,1,0
2022-12-25,A,99.14,97.52,9,60,0,1,Online,East,2022,12,6,359,2.2082744135228043,4.596532992592428,4.5800574851730165,-0.10310169744743544,0.9946708199115211,1,0
2022-12-26,A,134.09,122.84,6,60,0,0,Online,North,2022,12,0,360,1.8082887711792655,4.898511216291551,4.810882695572622,-0.0859647987374467,0.9962981749346077,1,0
2022-12-27,A,106.51,115.71,8,60,0,0,Store,East,2022,12,1,361,2.0918640616783932,4.6682388774550745,4.7510870608882465,-0.06880242680232064,0.9976303053065857,1,0
2022-12-28,A,91.11,89.52,9,60,0,0,Online,West,2022,12,2,362,2.2082744135228043,4.512067567725767,4.494462064003669,-0.05161966722325418,0.9986668162884759,1,0
2022-12-29,A,108.32,104.59,8,60,1,0,Store,East,2022,12,3,363,2.0918640616783932,4.685089809163965,4.650047944766177,-0.034421611622745804,0.9994074007397048,1,0
2022-12-30,A,116.33,103.95,6,60,0,0,Online,North,2022,12,4,364,1.8082887711792655,4.756430979828675,4.643910014304022,-0.01721335615583528,0.9998518392091162,1,0
2022-12-31,A,115.83,133.02,11,60,0,1,Online,North,2022,12,5,365,2.4069451083182885,4.752123598944254,4.890499492856275,6.432490598706546e-16,1.0,1,0
2023-01-01,A,131.56,113.62,9,60,1,1,Store,West,2023,1,6,1,2.2082744135228043,4.8794630213208565,4.732859547128981,0.017213356155834685,0.9998518392091162,1,0
2023-01-02,A,110.7,126.77,8,60,0,0,Store,South,2023,1,0,2,2.0918640616783932,4.706823839714591,4.842374420950636,0.03442161162274574,0.9994074007397048,1,0
2023-01-03,A,89.24,102.35,8,60,0,0,Store,South,2023,1,1,3,2.0918640616783932,4.4913293695643315,4.628398312107299,0.051619667223253764,0.998666816288476,1,0
2023-01-04,A,114.55,103.21,6,60,0,0,Online,West,2023,1,2,4,1.8082887711792655,4.741011408899505,4.636765747577842,0.06880242680231986,0.9976303053065857,1,0
2023-01-05,A,72.0,61.72,10,60,0,0,Online,South,2023,1,3,5,2.312535423847214,4.276666119016055,4.12260802749496,0.08596479873744647,0.9962981749346078,1,0
2023-01-06,A,107.94,95.46,7,60,0,0,Online,West,2023,1,4,6,1.9600947840472698,4.681575517190497,4.55870731157775,0.10310169744743485,0.9946708199115211,1,0
2023-01-07,A,107.44,113.17,9,60,0,1,Online,East,2023,1,5,7,2.2082744135228043,4.676932552214982,4.72889111297785,0.1202080448993527,0.9927487224577402,1,0
2023-01-08,A,95.15,98.79,12,60,0,1,Store,East,2023,1,6,8,2.4932054526026954,4.555454593742159,4.592996385056383,0.13727877211326478,0.9905324521322229,1,0
2023-01-09,A,107.54,118.21,8,60,0,0,Online,East,2023,1,0,9,2.0918640616783932,4.6778628713815325,4.772462703762286,0.15430882066428117,0.9880226656636976,1,0
2023-01-10,A,110.15,94.18,8,60,0,0,Store,West,2023,1,1,10,2.0918640616783932,4.7018430732483525,4.545207844815408,0.1712931441814776,0.9852201067560606,1,0
2023-01-11,A,125.68,138.22,7,60,1,0,Store,North,2023,1,2,11,1.9600947840472698,4.833738993947366,4.928846618663249,0.1882267098432442,0.9821256058680006,1,0
2023-01-12,A,91.74,96.58,11,60,0,0,Online,South,2023,1,3,12,2.4069451083182885,4.518958489169026,4.570371680445396,0.2051044998686192,0.9787400799669153,1,0
2023-01-13,A,105.98,102.67,7,60,0,0,Online,East,2023,1,4,13,1.9600947840472698,4.663250397064616,4.6315199613108735,0.22192151300416552,0.9750645322571948,1,0
2023-01-14,A,74.05,65.78,15,60,0,1,Online,East,2023,1,5,14,2.714694743820879,4.304740540713808,4.186315840760911,0.2386727660059501,0.9711000518829505,1,0
2023-01-15,A,97.03,94.66,12,60,0,1,Online,East,2023,1,6,15,2.4932054526026954,4.575020209037208,4.5502915244781015,0.255353295116187,0.9668478136052775,1,0
2023-01-16,A,111.15,101.11,7,60,0,0,Online,West,2023,1,0,16,1.9600947840472698,4.710880640410205,4.616209033103308,0.2719581575341055,0.9623090774541486,1,0
2023-01-17,A,118.07,120.33,7,60,0,0,Store,North,2023,1,1,17,1.9600947840472698,4.771277668919018,4.7902379684500715,0.288482432880609,0.9574851883550393,1,0
2023-01-18,A,80.51,80.83,10,60,0,0,Online,West,2023,1,2,18,2.312535423847214,4.388381400311889,4.392348183745753,0.30492122465628907,0.9523775757303974,1,0
2023-01-19,A,92.03,94.77,8,60,0,0,Online,South,2023,1,3,19,2.0918640616783932,4.522114610850766,4.551452903482104,0.3212696616923644,0.9469877530760753,1,0
2023-01-20,A,112.54,103.85,8,60,0,0,Online,South,2023,1,4,20,2.0918640616783932,4.723308714005133,4.642947550322122,0.3375228995941133,0.9413173175128471,1,0
2023-01-21,A,86.63,89.9,12,60,0,1,Online,North,2023,1,5,21,2.4932054526026954,4.4616461759020485,4.498697941477575,0.3536761221763716,0.9353679493131483,1,0
2023-01-22,A,111.26,103.76,8,60,0,1,Online,South,2023,1,6,22,2.0918640616783932,4.711869804647147,4.642080540008188,0.3697245428906731,0.9291414114031743,1,0
2023-01-23,A,103.37,112.98,10,60,0,0,Store,East,2023,1,0,23,2.312535423847214,4.638314784580394,4.727210811897116,0.38566340624360707,0.9226395488404876,1,0
2023-01-24,A,87.59,78.78,9,60,0,0,Store,South,2023,1,1,24,2.2082744135228043,4.472666836174998,4.36665915754276,0.401487989205973,0.9158642882672872,1,0
2023-01-25,A,107.84,110.69,7,60,0,0,Store,West,2023,1,2,25,1.9600947840472698,4.680648647163997,4.706733501397532,0.4171936026123168,0.9088176373395029,1,0
2023-01-26,A,108.4,117.27,8,60,0,0,Online,West,2023,1,3,26,2.0918640616783932,4.685828089005546,4.764478968472973,0.4327755925504312,0.901501684131884,1,0
2023-01-27,A,118.59,101.3,7,60,0,0,Store,North,2023,1,4,27,1.9600947840472698,4.775672165976704,4.618086411254637,0.4482293417404106,0.893918596519257,1,0
2023-01-28,A,84.56,80.31,11,60,0,1,Store,North,2023,1,5,28,2.4069451083182885,4.437461341561982,4.38589414620037,0.4635502709028509,0.886070621534138,1,0
2023-01-29,A,128.55,135.46,12,60,1,1,Store,South,2023,1,6,29,2.4932054526026954,4.856317933711899,4.908676393786758,0.47873384011578846,0.8779600847008882,1,0
2023-01-30,A,94.04,97.94,10,60,0,0,Online,South,2023,1,0,30,2.312535423847214,4.543720223671869,4.584355046274172,0.4937755501599772,0.869589389346611,1,0
2023-01-31,A,87.64,78.13,12,60,1,0,Online,West,2023,1,1,31,2.4932054526026954,4.473237514727265,4.358374106008653,0.5086709438521044,0.8609610158889943,1,0
2023-02-01,A,110.49,95.25,8,60,0,0,Store,West,2023,2,2,32,2.0918640616783932,4.704925019125084,4.55650501400681,0.5234156073655503,0.8520775211013093,1,0
2023-02-02,A,108.4,102.0,9,60,0,0,Store,North,2023,2,3,33,2.2082744135228043,4.685828089005546,4.624972813284271,0.5380051715382996,0.8429415373547828,1,0
2023-02-03,A,93.33,80.85,9,60,0,0,Store,South,2023,2,4,34,2.2082744135228043,4.536141599577656,4.392595586023115,0.5524353131676196,0.8335557718385699,1,0
2023-02-04,A,79.41,79.51,15,60,0,1,Online,South,2023,2,5,35,2.714694743820879,4.37462430490712,4.375882799913392,0.5667017562911176,0.8239230057575542,1,0
2023-02-05,A,115.52,112.0,9,60,0,1,Online,South,2023,2,6,36,2.2082744135228043,4.749443675144516,4.718498871295094,0.5808002734538009,0.8140460935082178,1,0
2023-02-06,A,101.64,97.68,10,60,0,0,Store,East,2023,2,0,37,2.312535423847214,4.621437158451963,4.581696829802449,0.5947266869607634,0.8039279618328213,1,0
2023-02-07,A,106.04,110.54,9,60,0,0,Store,West,2023,2,1,38,2.2082744135228043,4.663816381420824,4.705377446405117,0.6084768701151261,0.7935716089521474,1,0
2023-02-08,A,85.15,78.73,11,60,0,0,Store,South,2023,2,2,39,2.4069451083182885,4.444414407108697,4.3660242771963755,0.6220467484408675,0.7829801036770629,1,0
2023-02-09,A,111.7,124.14,10,60,0,0,Online,South,2023,2,3,40,2.312535423847214,4.715816706075155,4.821409960985506,0.6354323008901774,0.7721565844991642,1,0
2023-02-10,A,104.97,110.72,10,60,0,0,Online,West,2023,2,4,41,2.312535423847214,4.653674595047707,4.707004491869359,0.6486295610349814,0.7611042586607747,1,0
2023-02-11,A,88.71,83.55,12,60,0,1,Online,North,2023,2,5,42,2.4932054526026954,4.485372622532496,4.425445255041403,0.6616346182422783,0.7498264012045686,1,0
2023-02-12,A,117.89,126.8,11,60,1,1,Store,West,2023,2,6,43,2.4069451083182885,4.769751986304036,4.842611042003125,0.6744436188329455,0.7383263540031065,1,0
2023-02-13,A,109.47,125.45,11,60,0,0,Online,South,2023,2,0,44,2.4069451083182885,4.695650539116466,4.8319072728124315,0.6870527672236669,0.7266075247685656,1,0
2023-02-14,A,108.3,97.54,9,60,0,0,Store,East,2023,2,1,45,2.2082744135228043,4.684905154006945,4.5802625502819065,0.6994583270516471,0.7146733860429609,1,0
2023-02-15,A,99.08,90.0,13,60,1,0,Store,North,2023,2,2,46,2.5726122302071057,4.595927604621159,4.499809670330265,0.7116566222817746,0.702527474169157,1,0
2023-02-16,A,109.05,109.41,9,60,0,0,Online,North,2023,2,3,47,2.2082744135228043,4.691806492647638,4.695102293488699,0.7236440382959124,0.6901733882429719,1,0
2023-02-17,A,97.74,96.83,12,60,0,0,Store,East,2023,2,4,48,2.4932054526026954,4.582310891842009,4.57295686362344,0.7354170229639855,0.6776147890466889,1,0
2023-02-18,A,105.42,93.17,12,60,0,1,Store,East,2023,2,5,49,2.4932054526026954,4.6579523714270605,4.534425781462334,0.7469720876965552,0.6648553979642865,1,0
2023-02-19,A,96.94,107.48,12,60,0,1,Store,South,2023,2,6,50,2.4932054526026954,4.57409223041723,4.6773047837472905,0.7583058084785625,0.6518989958787126,1,0
2023-02-20,A,97.89,105.99,12,60,0,0,Online,South,2023,2,0,51,2.4932054526026954,4.583844399273339,4.663344750039164,0.7694148268839378,0.6387494220515272,1,0
2023-02-21,A,98.67,85.53,11,60,0,0,Online,North,2023,2,1,52,2.4069451083182885,4.591780948869076,4.44886719159269,0.7802958510707755,0.6254105729852463,1,0
2023-02-22,A,72.0,80.21,17,60,0,0,Online,South,2023,2,2,53,2.8390784635086144,4.276666119016055,4.384648195378833,0.7909456567567772,0.6118864012687243,1,0
2023-02-23,A,97.73,96.97,10,60,0,0,Store,South,2023,2,3,54,2.312535423847214,4.582208574350744,4.574401652316455,0.8013610881746766,0.5981809144059164,1,0
2023-02-24,A,75.43,81.88,12,60,0,0,Store,South,2023,2,4,55,2.4932054526026954,4.323205073865539,4.405254760793088,0.8115390590073611,0.5842981736283683,1,0
2023-02-25,A,87.36,81.51,15,60,0,1,Store,East,2023,2,5,56,2.714694743820879,4.470037511996595,4.400725712106366,0.8214765533024142,0.5702422926917871,1,0
2023-02-26,A,113.45,130.32,10,60,0,1,Store,West,2023,2,6,57,2.312535423847214,4.731362211225851,4.86999296429379,0.8311706263658079,0.5560174366570446,1,0
2023-02-27,A,116.71,115.96,10,60,1,0,Online,East,2023,2,0,58,2.312535423847214,4.759692225424263,4.753245304053455,0.8406184056344782,0.5416278206559814,1,0
2023-02-28,A,89.28,79.11,13,60,0,0,Store,North,2023,2,1,59,2.5726122302071057,4.491777498633001,4.370839289033305,0.8498170915275278,0.5270777086423722,1,0
2023-03-01,A,111.43,105.0,9,60,0,0,Online,East,2023,3,2,60,2.2082744135228043,4.713396591058963,4.653960350157523,0.8587639582758029,0.5123714121284237,1,0
2023-03-02,A,121.83,107.6,10,60,0,0,Store,West,2023,3,3,61,2.312535423847214,4.8026266303663165,4.678420647727684,0.8674563547295968,0.49751328890718066,1,0
2023-03-03,A,111.44,103.9,9,60,0,0,Online,South,2023,3,4,62,2.2082744135228043,4.71348632947155,4.6434288981051814,0.8758917051442429,0.48250774176121847,1,0
2023-03-04,A,89.62,94.34,12,60,0,1,Store,East,2023,3,5,63,2.4932054526026954,4.495578509357997,4.546905277856116,0.8840675099433636,0.46735921715800227,1,0
2023-03-05,A,98.58,99.61,13,60,0,1,Store,South,2023,3,6,64,2.5726122302071057,4.590868401277231,4.601262561157074,0.8919813464595485,0.45207220393230435,1,0
2023-03-06,A,103.72,119.04,12,60,1,0,Online,North,2023,3,0,65,2.4932054526026954,4.641694960670463,4.779459571084781,0.8996308696522433,0.43665123195606403,1,0
2023-03-07,A,117.08,110.97,12,60,1,0,Online,South,2023,3,1,66,2.4932054526026954,4.762857461823685,4.709259894512472,0.9070138128026359,0.4211008707960896,1,0
2023-03-08,A,115.03,97.79,9,60,0,0,Online,West,2023,3,2,67,2.2082744135228043,4.745192963907919,4.5828223223241835,0.9141279881853337,0.40542572835999735,1,0
2023-03-09,A,79.91,78.19,14,60,0,0,Online,South,2023,3,3,68,2.6461747973841225,4.380901001386372,4.359141762136423,0.9209712877166346,0.38963044953078796,1,0
2023-03-10,A,113.8,127.64,10,60,0,0,Online,South,2023,3,4,69,2.312535423847214,4.73444252169223,4.849213801410043,0.9275416835791966,0.37371971479046906,1,0
2023-03-11,A,93.16,99.0,20,60,1,1,Online,East,2023,3,5,70,3.0007198150650303,4.53431844501614,4.59511985013459,0.9338372288229252,0.35769823883312546,1,0
2023-03-12,A,106.97,94.85,11,60,0,1,Online,West,2023,3,6,71,2.4069451083182885,4.672548421318039,4.552296696381023,0.9398560579418954,0.3415707691678556,1,0
2023-03-13,A,125.65,112.04,9,60,0,0,Online,South,2023,3,0,72,2.2082744135228043,4.833500263989602,4.718855950391908,0.9455963874271426,0.3253420847119801,1,0
2023-03-14,A,123.55,139.66,13,60,1,0,Store,East,2023,3,1,73,2.5726122302071057,4.816645932434619,4.939210897417889,0.9510565162951535,0.30901699437494745,1,0
2023-03-15,A,100.8,100.91,15,60,1,0,Store,South,2023,3,2,74,2.714694743820879,4.613138355637268,4.614229030476437,0.9562348265919056,0.29260033563334836,1,0
2023-03-16,A,81.74,86.43,14,60,0,0,Online,North,2023,3,3,75,2.6461747973841225,4.403543478136132,4.459334837764547,0.9611297838723007,0.27609697309746883,1,0
2023-03-17,A,107.17,104.31,12,60,0,0,Online,South,2023,3,4,76,2.4932054526026954,4.674416358724906,4.64736723468788,0.9657399376548549,0.2595117970697999,1,0
2023-03-18,A,96.69,94.18,13,60,0,1,Online,East,2023,3,5,77,2.5726122302071057,4.5715099844954565,4.545207844815408,0.970063921851507,0.2428497220959356,1,0
2023-03-19,A,113.52,125.54,14,60,0,1,Store,South,2023,3,6,78,2.6461747973841225,4.731979032851787,4.832624432889386,0.9741004551724205,0.22611568550828828,1,0
2023-03-20,A,94.0,107.57,13,60,0,0,Store,South,2023,3,0,79,2.5726122302071057,4.543294782270004,4.678141798443914,0.9778483415056568,0.20931464596304847,1,0
2023-03-21,A,109.36,113.73,12,60,0,0,Online,East,2023,3,1,80,2.4932054526026954,4.6946451924156944,4.733827218196353,0.9813064702716093,0.19245158197082998,1,0
2023-03-22,A,104.18,113.82,13,60,0,0,Online,South,2023,3,2,81,2.5726122302071057,4.646120172317046,4.734618253174978,0.9844738167520922,0.1755314904214282,1,0
2023-03-23,A,108.09,111.96,14,60,1,0,Store,North,2023,3,3,82,2.6461747973841225,4.682964213428112,4.718141664647253,0.9873494423939864,0.15855938510313478,1,0
2023-03-24,A,85.48,77.7,13,60,0,0,Online,West,2023,3,4,83,2.5726122302071057,4.448282430450947,4.3528552573736015,0.989932495087353,0.141540295217043,1,0
2023-03-25,A,102.07,102.87,14,60,0,1,Store,West,2023,3,5,84,2.6461747973841225,4.625658852415407,4.6334660551429385,0.9922222094179323,0.12447926388678915,1,0
2023-03-26,A,121.15,109.53,11,60,0,1,Store,East,2023,3,6,85,2.4069451083182885,4.797029447262535,4.696198484335655,0.994217906893952,0.10738134666416309,1,0
2023-03-27,A,94.26,82.16,10,60,0,0,Store,North,2023,3,0,86,2.312535423847214,4.546056921495585,4.408668565620303,0.995918996147179,0.09025161003104117,1,0
2023-03-28,A,79.06,76.38,15,60,0,0,Online,West,2023,3,1,87,2.714694743820879,4.37020705786854,4.3357208817973705,0.9973249731081555,0.07309512989807777,1,0
2023-03-29,A,76.9,84.95,16,60,0,0,Online,West,2023,3,2,88,2.7788192719904172,4.3425058765115985,4.442062848117941,0.9984354211555643,0.055916990100603484,1,0
2023-03-30,A,107.09,96.22,13,60,1,0,Online,East,2023,3,3,89,2.5726122302071057,4.673669602412784,4.5666372362713075,0.9992500112396835,0.03872228089217446,1,0
2023-03-31,A,94.96,88.76,10,60,0,0,Store,South,2023,3,4,90,2.312535423847214,4.553455750301413,4.485936098064394,0.9997685019798909,0.021516097436222254,1,0
2023-04-01,A,83.54,90.05,14,60,0,1,Store,West,2023,4,5,91,2.6461747973841225,4.425325559069029,4.500365071621965,0.9999907397361901,0.004303538296244289,1,0
2023-04-02,A,125.07,108.36,13,60,0,1,Online,West,2023,4,6,92,2.5726122302071057,4.828873580560815,4.685459017216894,0.9999166586547379,-0.01291029607500882,1,0
2023-04-03,A,111.16,125.14,10,60,0,0,Online,West,2023,4,0,93,2.312535423847214,4.710970604874303,4.829433110570218,0.9995462806873573,-0.030120304846908114,1,0
2023-04-04,A,116.63,105.79,13,60,1,0,Online,West,2023,4,1,94,2.5726122302071057,4.759006530702958,4.661455996998683,0.9988797155850336,-0.04732138832243185,1,0
2023-04-05,A,110.39,105.16,11,60,0,0,Store,East,2023,4,2,95,2.4069451083182885,4.70401955003026,4.655482999861681,0.9979171608653922,-0.06450844944931623,1,0
2023-04-06,A,75.04,76.05,17,60,0,0,Store,North,2023,4,3,96,2.8390784635086144,4.318021304697969,4.331391018705302,0.9966589017541702,-0.08167639533042241,1,0
2023-04-07,A,98.13,103.25,11,60,0,0,Store,West,2023,4,4,97,2.4069451083182885,4.586293130218402,4.637153231841142,0.9951053111006976,-0.09882013873287143,1,0
2023-04-08,A,94.17,98.74,18,60,0,1,Online,South,2023,4,5,98,2.89591193827178,4.545101659521972,4.592490132830717,0.9932568492674143,-0.11593459959550041,1,0
2023-04-09,A,115.14,114.54,11,60,0,1,Store,North,2023,4,6,99,2.4069451083182885,4.7461487792476635,4.7409241069657115,0.9911140639934547,-0.1330147065341959,1,0
2023-04-10,A,123.96,135.32,8,60,0,0,Store,North,2023,4,0,100,2.0918640616783932,4.819958932919548,4.907642343912507,0.9886775902323405,-0.1500553983446526,1,0
2023-04-11,A,84.79,83.44,15,60,0,0,Online,West,2023,4,1,101,2.714694743820879,4.440177611315912,4.424127810692517,0.9859481499638304,-0.16705162550211924,1,0
2023-04-12,A,79.26,76.59,13,60,0,0,Store,West,2023,4,2,102,2.5726122302071057,4.372733587762289,4.338466519921502,0.9829265519799822,-0.18399835165768005,1,0
2023-04-13,A,110.07,117.71,13,60,0,0,Store,West,2023,4,3,103,2.5726122302071057,4.701116527035301,4.768223972424389,0.9796136916454901,-0.20089055513063506,1,0
2023-04-14,A,106.03,106.53,11,60,0,0,Online,South,2023,4,4,104,2.4069451083182885,4.6637220729377065,4.668426635623106,0.9760105506323683,-0.21772323039653177,1,0
2023-04-15,A,115.12,118.48,11,60,0,1,Online,West,2023,4,5,105,2.4069451083182885,4.745975062579112,4.774744169959543,0.9721181966290613,-0.23449138957040985,1,0
2023-04-16,A,79.71,88.11,18,60,0,1,Online,North,2023,4,6,106,2.89591193827178,4.378395048439832,4.4785860338786385,0.9679377830240642,-0.25119006388481935,1,0
2023-04-17,A,95.8,86.19,10,60,0,0,Online,East,2023,4,0,107,2.312535423847214,4.562262684976814,4.456554161659308,0.9634705485641488,-0.2678143051621742,1,0
2023-04-18,A,93.52,94.03,11,60,0,0,Store,South,2023,4,1,108,2.4069451083182885,4.538175317163813,4.543613880288985,0.9587178169872964,-0.2843591872810034,1,0
2023-04-19,A,106.16,104.1,15,60,1,0,Store,West,2023,4,2,109,2.714694743820879,4.664947390023952,4.645351975620923,0.9536809966304457,-0.30081980763566735,1,0
2023-04-20,A,119.71,105.4,10,60,0,0,Store,North,2023,4,3,110,2.312535423847214,4.785072151263279,4.657762636107262,0.9483615800121715,-0.3171912885891061,1,0
2023-04-21,A,130.23,117.19,10,60,0,0,Store,West,2023,4,4,111,2.312535423847214,4.869302117979612,4.763796549270511,0.9427611433904207,-0.3334687789181868,1,0
2023-04-22,A,85.01,75.36,15,60,0,1,Online,North,2023,4,5,112,2.714694743820879,4.442768896629268,4.3222766302681075,0.9368813462954315,-0.3496474552512284,1,0
2023-04-23,A,116.74,120.33,13,60,0,1,Online,East,2023,4,6,113,2.5726122302071057,4.759949239775645,4.7902379684500715,0.9307239310379795,-0.36572252349726897,1,0
2023-04-24,A,106.23,116.21,10,60,0,0,Store,South,2023,4,0,114,2.312535423847214,4.665606554791922,4.755398899234782,0.9242907221930934,-0.3816892202666588,1,0
2023-04-25,A,128.85,126.44,8,60,0,0,Online,South,2023,4,1,115,2.0918640616783932,4.858648937098374,4.839767887347417,0.9175836260593937,-0.39754281428255595,1,0
2023-04-26,A,77.28,82.49,17,60,1,0,Store,South,2023,4,2,116,2.8390784635086144,4.347435189904263,4.41267707387264,0.9106046300942163,-0.4132786077829042,1,0
2023-04-27,A,108.95,93.0,10,60,0,0,Store,West,2023,4,3,117,2.312535423847214,4.690889061390629,4.532599493153256,0.9033558023246845,-0.4288919379124835,1,0
2023-04-28,A,117.72,111.97,8,60,0,0,Online,East,2023,4,4,118,2.0918640616783932,4.7683089233652725,4.718230978272105,0.895839290734909,-0.4443781781046132,1,0
2023-04-29,A,72.0,62.82,16,60,0,1,Store,West,2023,4,5,119,2.7788192719904172,4.276666119016055,4.140273494110501,0.8880573226294932,-0.45973273945210397,1,0
2023-04-30,A,95.17,104.53,13,60,0,1,Store,North,2023,4,6,120,2.5726122302071057,4.555664766084252,4.649474111544616,0.8800122039735357,-0.47495107206704995,1,0
2023-05-01,A,117.66,109.28,9,60,0,0,Online,East,2023,5,0,121,2.2082744135228043,4.76779910943631,4.69391339582248,0.8717063187093218,-0.49002866642905923,1,0
2023-05-02,A,94.2,98.55,13,60,0,0,Store,South,2023,5,1,122,2.5726122302071057,4.545420181582317,4.590564033598729,0.8631421280499114,-0.5049610547215204,1,0
2023-05-03,A,88.28,95.34,16,60,1,0,Store,West,2023,5,2,123,2.7788192719904172,4.480513581388536,4.55744944977668,0.854322169749827,-0.5197438121555155,1,0
2023-05-04,A,72.6,72.97,19,60,1,0,Store,South,2023,5,3,124,2.9496883350525844,4.28496492183075,4.290048397777529,0.8452490573530633,-0.5343725582809787,1,0
2023-05-05,A,124.31,116.18,9,60,0,0,Store,North,2023,5,4,125,2.2082744135228043,4.822778445803624,4.755140712564386,0.835925479418637,-0.548842958284719,1,0
2023-05-06,A,81.46,70.8,15,60,0,1,Online,West,2023,5,5,126,2.714694743820879,4.400112102220266,4.259859000699674,0.8263541987239096,-0.5631507242749186,1,0
2023-05-07,A,110.51,97.24,14,60,0,1,Store,North,2023,5,6,127,2.6461747973841225,4.705106014600691,4.577182149447922,0.8165380514459161,-0.5772916165517272,1,0
2023-05-08,A,106.36,90.74,11,60,0,0,Store,West,2023,5,0,128,2.4069451083182885,4.666829566374819,4.507998274235818,0.8064799463209448,-0.5912614448635781,1,0
2023-05-09,A,103.31,111.57,10,60,0,0,Store,North,2023,5,1,129,2.312535423847214,4.637734176861354,4.714652196605089,0.7961828637826158,-0.6050560696488488,1,0
2023-05-10,A,109.2,101.71,9,60,0,0,Store,West,2023,5,2,130,2.2082744135228043,4.693181063310805,4.622125626637505,0.7856498550787145,-0.6186714032625031,1,0
2023-05-11,A,102.84,108.28,11,60,0,0,Online,North,2023,5,3,131,2.4069451083182885,4.633174382397689,4.684720464746101,0.7748840413670407,-0.6321034111873487,1,0
2023-05-12,A,81.47,86.25,16,60,1,0,Store,North,2023,5,4,132,2.7788192719904172,4.400234854322551,4.457250055911469,0.7638886127905428,-0.6453481132295501,1,0
2023-05-13,A,82.4,94.38,15,60,0,1,Online,West,2023,5,5,133,2.714694743820879,4.411585436915426,4.547329186298241,0.7526668275320084,-0.6584015846980488,1,0
2023-05-14,A,105.98,100.19,12,60,0,1,Online,West,2023,5,6,134,2.4932054526026954,4.663250397064616,4.607068383271171,0.741222010848596,-0.6712599575675313,1,0
2023-05-15,A,112.89,109.1,12,60,1,0,Online,South,2023,5,0,135,2.4932054526026954,4.726413893273455,4.692264892839025,0.7295575540864875,-0.6839194216246106,1,0
2023-05-16,A,96.52,96.18,12,60,1,0,Online,South,2023,5,1,136,2.4932054526026954,4.569750240756831,4.566221435849517,0.717676913675962,-0.6963762255968722,1,0
2023-05-17,A,86.33,91.53,11,60,0,0,Store,South,2023,5,2,137,2.4069451083182885,4.4581771622474315,4.516666787396688,0.705583610107178,-0.7086266782644596,1,0
2023-05-18,A,87.05,80.32,10,60,0,0,Store,East,2023,5,3,138,2.312535423847214,4.466482666214198,4.386018655943419,0.6932812268869777,-0.7206671495538609,1,0
2023-05-19,A,120.27,137.46,10,60,0,0,Store,East,2023,5,4,139,2.312535423847214,4.789739215322525,4.923332965693459,0.6807734094770161,-0.7324940716135789,1,0
2023-05-20,A,114.76,123.05,11,60,0,1,Store,South,2023,5,5,140,2.4069451083182885,4.742842991113164,4.812590776837065,0.6680638642135335,-0.7441039398713607,1,0
2023-05-21,A,91.18,94.14,15,60,0,1,Store,South,2023,5,6,141,2.714694743820879,4.512835574785296,4.544783035972996,0.6551563572090853,-0.7554933140726803,1,0
2023-05-22,A,86.76,91.03,10,60,0,0,Store,West,2023,5,0,142,2.312535423847214,4.463145685958674,4.511189122517197,0.6420547132365637,-0.766658819300159,1,0
2023-05-23,A,114.37,102.42,9,60,0,0,Store,South,2023,5,1,143,2.2082744135228043,4.7394388067931255,4.6290820060344045,0.6287628145958344,-0.777597146973627,1,0
2023-05-24,A,96.91,99.39,10,60,0,0,Store,West,2023,5,2,144,2.312535423847214,4.573782712746459,4.599051504979914,0.6152845999633276,-0.7883050558305255,1,0
2023-05-25,A,95.77,91.99,13,60,1,0,Online,South,2023,5,3,145,2.5726122302071057,4.561949483533528,4.521679875489066,0.6016240632249226,-0.7987793728863649,1,0
2023-05-26,A,98.4,94.26,11,60,0,0,Store,East,2023,5,4,146,2.4069451083182885,4.589040804058207,4.546056921495585,0.5877852522924732,-0.8090169943749473,1,0
2023-05-27,A,77.22,74.58,13,60,1,1,Store,South,2023,5,5,147,2.5726122302071057,4.346658490836091,4.311872374750675,0.5737722679043246,-0.8190148866680801,1,0
2023-05-28,A,85.74,73.66,12,60,0,1,Store,South,2023,5,6,148,2.4932054526026954,4.451319461169831,4.299459911016919,0.5595892624101765,-0.8287700871745037,1,0
2023-05-29,A,103.35,89.54,13,60,1,0,Online,East,2023,5,0,149,2.5726122302071057,4.638121286127777,4.49468545281282,0.545240438540651,-0.8382797052177743,1,0
2023-05-30,A,118.67,124.04,9,60,0,0,Online,West,2023,5,1,150,2.2082744135228043,4.7763465316770475,4.820604094232248,0.5307300481619334,-0.8475409228928311,1,0
2023-05-31,A,114.8,113.82,8,60,0,0,Online,West,2023,5,2,151,2.0918640616783932,4.743191483885466,4.734618253174978,0.5160623910158528,-0.8565509959010036,1,0
2023-06-01,A,117.12,99.81,8,60,0,0,Online,East,2023,6,3,152,2.0918640616783932,4.763199050213001,4.603268378698495,0.5012418134457758,-0.865307254363206,1,0
2023-06-02,A,98.52,104.71,14,60,1,0,Online,West,2023,6,4,153,2.6461747973841225,4.590259573252337,4.651194624299371,0.48627270710869,-0.8738071036110808,1,0
2023-06-03,A,119.18,104.13,10,60,0,1,Online,South,2023,6,5,154,2.312535423847214,4.780634955318833,4.645640118541804,0.4711595076738638,-0.8820480249558537,1,0
2023-06-04,A,135.24,132.33,8,60,0,1,Store,North,2023,6,6,155,2.0918640616783932,4.907050977839686,4.885298802784958,0.4559066935084588,-0.8900275764346767,1,0
2023-06-05,A,103.78,105.91,8,60,0,0,Store,West,2023,6,0,156,2.0918640616783932,4.642273273939594,4.6625896768555775,0.440518784350495,-0.8977433935342337,1,0
2023-06-06,A,113.4,126.8,8,60,0,0,Store,East,2023,6,1,157,2.0918640616783932,4.730921391293652,4.842611042003125,0.42500033996955416,-0.9051931898913974,1,0
2023-06-07,A,101.0,112.83,9,60,0,0,Online,East,2023,6,2,158,2.2082744135228043,4.61512051684126,4.725882261150355,0.4093559588156213,-0.9123747579707273,1,0
2023-06-08,A,85.22,82.79,12,60,1,0,Online,North,2023,6,3,159,2.4932054526026954,4.445236148071766,4.416307281150715,0.39359027665646673,-0.9192859697186104,1,0
2023-06-09,A,84.3,90.12,9,60,0,0,Online,West,2023,6,4,160,2.2082744135228043,4.4343818650078095,4.501142115564043,0.3777079652039649,-0.9259247771938498,1,0
2023-06-10,A,91.29,85.9,14,60,1,1,Store,East,2023,6,5,161,2.6461747973841225,4.514041252576989,4.45318382899021,0.36171373072976765,-0.9322892131745133,1,0
2023-06-11,A,87.99,95.75,11,60,0,1,Store,West,2023,6,6,162,2.4069451083182885,4.477223171657469,4.561740628060756,0.3456123126707335,-0.9383773917408641,1,0
2023-06-12,A,100.68,86.01,9,60,0,0,Online,West,2023,6,0,163,2.2082744135228043,4.611947170267115,4.454463568563388,0.3294084822245304,-0.9441875088341993,1,0
2023-06-13,A,88.11,97.81,14,60,1,0,Online,East,2023,6,1,164,2.6461747973841225,4.4785860338786385,4.5830268213024015,0.3131070409358269,-0.9497178427914316,1,0
2023-06-14,A,82.36,94.16,13,60,1,0,Online,West,2023,6,2,165,2.5726122302071057,4.411099882159589,4.544995462952021,0.29671281927349075,-0.9549667548552551,1,0
2023-06-15,A,98.85,87.1,8,60,0,0,Online,East,2023,6,3,166,2.0918640616783932,4.593603549616626,4.467056883858457,0.28023067519921585,-0.9599326896597447,1,0
2023-06-16,A,76.44,82.68,13,60,0,0,Online,East,2023,6,4,167,2.5726122302071057,4.336506119372072,4.414977734813568,0.26366549272800704,-0.9646141756912435,1,0
2023-06-17,A,99.06,99.48,10,60,0,1,Online,West,2023,6,5,168,2.312535423847214,4.595725727160092,4.599956618935204,0.24702218048093552,-0.9690098257244062,1,0
2023-06-18,A,88.61,88.73,10,60,0,1,Online,South,2023,6,6,169,2.312535423847214,4.484244718059211,4.485598050847247,0.23030567023061221,-0.9731183372332619,1,0
2023-06-19,A,100.82,111.24,8,60,0,0,Store,East,2023,6,0,170,2.0918640616783932,4.6133367486544845,4.711690029365764,0.21352091543979612,-0.9769384927771817,1,0
2023-06-20,A,103.14,114.53,8,60,0,0,Store,East,2023,6,1,171,2.0918640616783932,4.636087288622813,4.740836797409625,0.19667288979357647,-0.980469160361632,1,0
2023-06-21,A,85.32,79.24,9,60,0,0,Store,West,2023,6,2,172,2.2082744135228043,4.44640889360315,4.37248122183035,0.1797665857255624,-0.9837092937736097,1,0
2023-06-22,A,88.74,99.28,11,60,1,0,Online,West,2023,6,3,173,2.4069451083182885,4.4857107459507635,4.5979441408963515,0.16280701293851715,-0.986657932891657,1,0
2023-06-23,A,94.94,88.29,8,60,0,0,Online,East,2023,6,4,174,2.0918640616783932,4.553245113123172,4.480626850913491,0.1457991969198751,-0.9893142039703663,1,0
2023-06-24,A,98.02,93.71,9,60,0,1,Online,North,2023,6,5,175,2.2082744135228043,4.585171539481402,4.540204907135732,0.12874817745258132,-0.99167731989929,1,0
2023-06-25,A,101.28,109.76,11,60,0,1,Store,North,2023,6,6,176,2.4069451083182885,4.617888958395866,4.6982961639775755,0.11165900712169512,-0.993746580436178,1,0
2023-06-26,A,111.69,118.92,7,60,0,0,Online,East,2023,6,0,177,1.9600947840472698,4.715727176552735,4.778450998129897,0.09453674981719912,-0.9955213724144752,1,0
2023-06-27,A,99.94,114.53,8,60,0,0,Online,East,2023,6,1,178,2.0918640616783932,4.604570005916059,4.740836797409625,0.07738647923346301,-0.9970011699250151,1,0
2023-06-28,A,77.74,69.2,12,60,1,0,Online,West,2023,6,2,179,2.4932054526026954,4.353369925424077,4.237000862623624,0.06021327736579302,-0.9981855344718586,1,0
2023-06-29,A,77.22,71.52,12,60,1,0,Online,West,2023,6,3,180,2.4932054526026954,4.346658490836091,4.269977130865259,0.04302223300453059,-0.99907411510223,1,0
2023-06-30,A,88.82,86.45,8,60,0,0,Online,East,2023,6,4,181,2.0918640616783932,4.486611849863956,4.4595662121293,0.02581844022713308,-0.9996666485105112,1,0
2023-07-01,A,96.63,95.02,10,60,0,1,Store,East,2023,7,5,182,2.312535423847214,4.570889252011217,4.554087395758775,0.008606996888688698,-0.9999629591162655,1,0
2023-07-02,A,100.67,109.05,10,60,1,1,Store,East,2023,7,6,183,2.312535423847214,4.611847840741332,4.691806492647638,-0.008606996888688009,-0.9999629591162655,1,0
2023-07-03,A,83.6,76.89,9,60,0,0,Store,North,2023,7,0,184,2.2082744135228043,4.426043520090656,4.342375829044089,-0.02581844022713239,-0.9996666485105112,1,0
2023-07-04,A,74.18,78.49,9,60,0,0,Online,East,2023,7,1,185,2.2082744135228043,4.306494572061445,4.362971228138722,-0.04302223300453034,-0.99907411510223,1,0
2023-07-05,A,103.91,118.99,10,60,1,0,Store,North,2023,7,2,186,2.312535423847214,4.643525139864555,4.779039455967062,-0.060213277365792774,-0.9981855344718586,1,0
2023-07-06,A,110.22,113.85,8,60,1,0,Online,West,2023,7,3,187,2.0918640616783932,4.70247836845509,4.734881792509748,-0.07738647923346322,-0.9970011699250151,1,0
2023-07-07,A,127.21,108.21,5,60,0,0,Online,South,2023,7,4,188,1.62924053973028,4.845839264168119,4.684073783583557,-0.09453674981719933,-0.9955213724144752,1,0
2023-07-08,A,102.55,106.61,9,60,0,1,Online,East,2023,7,5,189,2.2082744135228043,4.63035048451839,4.669177315962384,-0.11165900712169444,-0.9937465804361781,1,0
2023-07-09,A,72.87,82.26,11,60,0,1,Store,South,2023,7,6,190,2.4069451083182885,4.288677031682191,4.409884962802278,-0.12874817745258066,-0.99167731989929,1,0
2023-07-10,A,96.26,85.67,8,60,1,0,Store,North,2023,7,0,191,2.0918640616783932,4.567052863874963,4.4505027059759525,-0.14579919691987442,-0.9893142039703664,1,0
2023-07-11,A,113.89,107.12,7,60,1,0,Store,East,2023,7,1,192,1.9600947840472698,4.7352330702862595,4.673949701382917,-0.16280701293851646,-0.9866579328916572,1,0
2023-07-12,A,115.53,118.21,7,60,0,0,Online,East,2023,7,2,193,1.9600947840472698,4.749530236494927,4.772462703762286,-0.17976658572556214,-0.9837092937736098,1,0
2023-07-13,A,110.74,96.96,8,60,1,0,Online,West,2023,7,3,194,2.0918640616783932,4.707185111394821,4.574298522321004,-0.19667288979357622,-0.9804691603616321,1,0
2023-07-14,A,83.62,88.43,9,60,0,0,Online,South,2023,7,4,195,2.2082744135228043,4.426282725928419,4.482211278587644,-0.2135209154397959,-0.9769384927771817,1,0
2023-07-15,A,94.68,95.37,11,60,0,1,Online,North,2023,7,5,196,2.4069451083182885,4.550502784645783,4.557764063590821,-0.23030567023061196,-0.973118337233262,1,0
2023-07-16,A,113.33,124.49,8,60,0,1,Online,South,2023,7,6,197,2.0918640616783932,4.730303916744857,4.8242253913936946,-0.24702218048093527,-0.9690098257244063,1,0
2023-07-17,A,80.67,79.34,11,60,1,0,Online,North,2023,7,0,198,2.4069451083182885,4.390366758948883,4.373742415086184,-0.2636654927280072,-0.9646141756912435,1,0
2023-07-18,A,102.19,112.46,8,60,0,0,Online,North,2023,7,1,199,2.0918640616783932,4.626833825624118,4.722597602864056,-0.2802306751992161,-0.9599326896597445,1,0
2023-07-19,A,96.43,95.38,6,60,0,0,Store,East,2023,7,2,200,1.8082887711792655,4.568817356522293,4.557868912870078,-0.2967128192734901,-0.9549667548552553,1,0
2023-07-20,A,111.45,127.31,9,60,1,0,Online,East,2023,7,3,201,2.2082744135228043,4.713576059831878,4.846625057073554,-0.3131070409358267,-0.9497178427914317,1,0
2023-07-21,A,111.28,111.76,7,60,0,0,Online,North,2023,7,4,202,1.9600947840472698,4.712049547615187,4.716353714948706,-0.3294084822245302,-0.9441875088341994,1,0
2023-07-22,A,98.12,84.58,8,60,0,1,Store,West,2023,7,5,203,2.0918640616783932,4.5861912193902885,4.437697832044343,-0.3456123126707333,-0.9383773917408642,1,0
2023-07-23,A,118.05,130.74,7,60,0,1,Store,East,2023,7,6,204,1.9600947840472698,4.771108263531522,4.873210618184584,-0.3617137307297674,-0.9322892131745134,1,0
2023-07-24,A,79.16,79.76,9,60,0,0,Store,North,2023,7,0,205,2.2082744135228043,4.371471120734365,4.379022125653583,-0.37770796520396466,-0.9259247771938499,1,0
2023-07-25,A,108.6,115.1,7,60,0,0,Online,North,2023,7,1,206,1.9600947840472698,4.687671407499835,4.745801315727837,-0.39359027665646645,-0.9192859697186105,1,0
2023-07-26,A,105.26,90.72,6,60,0,0,Store,East,2023,7,2,207,1.8082887711792655,4.656433479925633,4.507777839979442,-0.4093559588156211,-0.9123747579707274,1,0
2023-07-27,A,116.5,124.78,6,60,0,0,Online,South,2023,7,3,208,1.8082887711792655,4.757891273005756,4.82655218668264,-0.42500033996955394,-0.9051931898913975,1,0
2023-07-28,A,104.66,95.01,5,60,0,0,Store,East,2023,7,4,209,1.62924053973028,4.650717000944062,4.553982149218658,-0.4405187843504952,-0.8977433935342336,1,0
2023-07-29,A,136.96,142.38,6,60,0,1,Online,South,2023,7,5,210,1.8082887711792655,4.919688912393432,4.958499539675727,-0.455906693508459,-0.8900275764346766,1,0
2023-07-30,A,107.21,97.13,8,60,0,1,Online,South,2023,7,6,211,2.0918640616783932,4.674789527868148,4.5760502874142395,-0.47115950767386394,-0.8820480249558535,1,0
2023-07-31,A,98.04,87.01,7,60,0,0,Online,East,2023,7,0,212,1.9600947840472698,4.585375558659912,4.466023054577933,-0.4862727071086902,-0.8738071036110807,1,0
2023-08-01,A,91.92,87.78,8,60,0,0,Online,South,2023,8,1,213,2.0918640616783932,4.5209186335405,4.474833684260088,-0.5012418134457756,-0.8653072543632061,1,0
2023-08-02,A,75.53,83.2,8,60,0,0,Store,South,2023,8,2,214,2.0918640616783932,4.324529928325356,4.421247347827163,-0.5160623910158526,-0.8565509959010037,1,0
2023-08-03,A,91.3,81.06,6,60,0,0,Store,North,2023,8,3,215,1.8082887711792655,4.514150787600923,4.395189621200163,-0.5307300481619331,-0.8475409228928312,1,0
2023-08-04,A,89.61,89.95,7,60,0,0,Online,South,2023,8,4,216,1.9600947840472698,4.495466920896128,4.499253960396542,-0.5452404385406507,-0.8382797052177745,1,0
2023-08-05,A,128.01,138.82,7,60,0,1,Store,West,2023,8,5,217,1.9600947840472698,4.852108385868018,4.933178129911438,-0.5595892624101763,-0.828770087174504,1,0
2023-08-06,A,99.5,112.95,9,60,0,1,Online,East,2023,8,6,218,2.2082744135228043,4.600157644164547,4.726945242914012,-0.5737722679043243,-0.8190148866680802,1,0
2023-08-07,A,82.08,87.31,8,60,0,0,Online,West,2023,8,0,219,2.0918640616783932,4.407694381422459,4.469465003822716,-0.5877852522924734,-0.8090169943749472,1,0
2023-08-08,A,99.65,85.14,7,60,1,0,Store,West,2023,8,1,220,1.9600947840472698,4.6016640466588035,4.444296960400006,-0.6016240632249227,-0.7987793728863648,1,0
2023-08-09,A,81.45,73.06,8,60,0,0,Online,East,2023,8,2,221,2.0918640616783932,4.399989335048054,4.291281021367136,-0.6152845999633277,-0.7883050558305253,1,0
2023-08-10,A,113.22,127.76,6,60,0,0,Online,South,2023,8,3,222,1.8082887711792655,4.729332828608514,4.850153503906757,-0.6287628145958345,-0.7775971469736268,1,0
2023-08-11,A,85.62,87.28,6,60,0,0,Store,East,2023,8,4,223,1.8082887711792655,4.4499189007168,4.469121341524815,-0.6420547132365636,-0.7666588193001592,1,0
2023-08-12,A,96.75,109.74,8,60,0,1,Store,West,2023,8,5,224,2.0918640616783932,4.572130331909891,4.69811393163083,-0.655156357209085,-0.7554933140726804,1,0
2023-08-13,A,99.26,112.53,8,60,0,1,Online,West,2023,8,6,225,2.0918640616783932,4.5977426701592945,4.723219852761906,-0.6680638642135333,-0.7441039398713608,1,0
2023-08-14,A,112.52,113.02,4,60,0,0,Online,East,2023,8,0,226,1.410986973710262,4.723130983621656,4.727564794201697,-0.6807734094770159,-0.7324940716135792,1,0
2023-08-15,A,105.23,95.67,5,60,0,0,Online,West,2023,8,1,227,1.62924053973028,4.656148430752721,4.560904769690076,-0.6932812268869771,-0.7206671495538615,1,0
2023-08-16,A,90.56,80.36,6,60,0,0,Online,West,2023,8,2,228,1.8082887711792655,4.506012614454873,4.386516539946734,-0.7055836101071774,-0.7086266782644601,1,0
2023-08-17,A,115.51,107.4,6,60,0,0,Online,West,2023,8,3,229,1.8082887711792655,4.749357106300589,4.676560182074764,-0.7176769136759615,-0.6963762255968726,1,0
2023-08-18,A,82.78,80.91,7,60,0,0,Online,West,2023,8,4,230,1.9600947840472698,4.416186486320586,4.393337425819748,-0.7295575540864876,-0.6839194216246105,1,0
2023-08-19,A,111.14,98.03,6,60,0,1,Store,West,2023,8,5,231,1.8082887711792655,4.710790667851775,4.585273554273635,-0.7412220108485957,-0.6712599575675315,1,0
2023-08-20,A,90.82,83.13,5,60,0,1,Online,South,2023,8,6,232,1.62924053973028,4.508879525669805,4.420405647542997,-0.7526668275320083,-0.6584015846980489,1,0
2023-08-21,A,101.98,109.25,6,60,0,0,Online,North,2023,8,0,233,1.8082887711792655,4.62477671562701,4.693638833975699,-0.7638886127905429,-0.64534811322955,1,0
2023-08-22,A,93.28,88.12,5,60,0,0,Store,West,2023,8,1,234,1.62924053973028,4.535605722602182,4.478699521934143,-0.7748840413670406,-0.6321034111873488,1,0
2023-08-23,A,84.92,93.14,7,60,0,0,Store,East,2023,8,2,235,1.9600947840472698,4.441709636835055,4.534103737554231,-0.7856498550787144,-0.6186714032625032,1,0
2023-08-24,A,97.49,84.21,6,60,0,0,Store,West,2023,8,3,236,1.8082887711792655,4.57974980864118,4.433313679041901,-0.7961828637826154,-0.6050560696488494,1,0
2023-08-25,A,89.7,94.09,7,60,1,0,Store,West,2023,8,4,237,1.9600947840472698,4.49647076906475,4.544251771018675,-0.8064799463209447,-0.5912614448635782,1,0
2023-08-26,A,109.32,125.34,7,60,0,1,Online,North,2023,8,5,238,1.9600947840472698,4.694279361059867,4.831030044796529,-0.8165380514459157,-0.5772916165517278,1,0
2023-08-27,A,91.05,84.82,8,60,1,1,Online,South,2023,8,6,239,2.0918640616783932,4.511408806173617,4.4405313640464446,-0.8263541987239095,-0.5631507242749187,1,0
2023-08-28,A,96.99,94.63,5,60,0,0,Store,East,2023,8,0,240,1.62924053973028,4.574607880405451,4.549974550520141,-0.8359254794186365,-0.5488429582847199,1,0
2023-08-29,A,94.92,82.29,6,60,0,0,Online,South,2023,8,1,241,1.8082887711792655,4.553034431567563,4.410249593617622,-0.8452490573530634,-0.5343725582809785,1,0
2023-08-30,A,87.96,87.52,6,60,0,0,Store,West,2023,8,2,242,1.8082887711792655,4.47688216568656,4.471867338673671,-0.8543221697498269,-0.5197438121555157,1,0
2023-08-31,A,93.11,96.94,5,60,0,0,Online,East,2023,8,3,243,1.62924053973028,4.533781589900438,4.57409223041723,-0.8631421280499115,-0.5049610547215202,1,0
2023-09-01,A,114.47,109.14,5,60,0,0,Store,West,2023,9,4,244,1.62924053973028,4.740312779930385,4.6926314617580855,-0.8717063187093218,-0.4900286664290594,1,0
2023-09-02,A,125.95,130.86,4,60,0,1,Online,West,2023,9,5,245,1.410986973710262,4.835885002798619,4.874128049441593,-0.8800122039735356,-0.4749510720670502,1,0
2023-09-03,A,101.07,94.31,6,60,0,1,Online,North,2023,9,6,246,1.8082887711792655,4.615813346086571,4.546587228555794,-0.888057322629493,-0.4597327394521046,1,0
2023-09-04,A,101.02,90.79,5,60,1,0,Store,North,2023,9,0,247,1.62924053973028,4.615318517039906,4.508549147383666,-0.8958392907349089,-0.44437817810461344,1,0
2023-09-05,A,81.61,69.84,7,60,0,0,Store,West,2023,9,1,248,1.9600947840472698,4.401951803481151,4.246206911531347,-0.9033558023246842,-0.4288919379124841,1,0
2023-09-06,A,82.43,82.88,8,60,0,0,Online,North,2023,9,2,249,2.0918640616783932,4.411949448325136,4.4173937785111725,-0.9106046300942162,-0.41327860778290443,1,0
2023-09-07,A,82.67,79.0,6,60,0,0,Online,North,2023,9,3,250,1.8082887711792655,4.414856779264584,4.3694478524670215,-0.9175836260593934,-0.3975428142825566,1,0
2023-09-08,A,76.83,85.28,7,60,0,0,Online,East,2023,9,4,251,1.9600947840472698,4.341595188879544,4.445939960417534,-0.9242907221930934,-0.3816892202666586,1,0
2023-09-09,A,95.68,107.5,7,60,0,1,Online,West,2023,9,5,252,1.9600947840472698,4.561009290202322,4.677490847567717,-0.9307239310379793,-0.3657225234972692,1,0
2023-09-10,A,141.53,159.23,6,60,1,1,Online,West,2023,9,6,253,1.8082887711792655,4.952511708745748,5.070349697868335,-0.9368813462954315,-0.34964745525122826,1,0
2023-09-11,A,123.71,128.12,5,60,0,0,Online,South,2023,9,0,254,1.62924053973028,4.81794011687474,4.852967324740957,-0.9427611433904206,-0.33346877891818705,1,0
2023-09-12,A,96.27,109.33,6,60,0,0,Store,South,2023,9,1,255,1.8082887711792655,4.567156743789875,4.694370831446394,-0.9483615800121716,-0.31719128858910595,1,0
2023-09-13,A,98.47,88.12,7,60,1,0,Online,South,2023,9,2,256,1.9600947840472698,4.589751933259711,4.478699521934143,-0.9536809966304455,-0.300819807635668,1,0
2023-09-14,A,89.63,80.61,6,60,0,0,Store,East,2023,9,3,257,1.8082887711792655,4.4956900853692705,4.38962271129551,-0.9587178169872964,-0.2843591872810036,1,0
2023-09-15,A,95.15,105.29,6,60,0,0,Store,East,2023,9,4,258,1.8082887711792655,4.555454593742159,4.656718447868668,-0.9634705485641486,-0.26781430516217486,1,0
2023-09-16,A,107.2,99.02,5,60,0,1,Store,East,2023,9,5,259,1.62924053973028,4.674696248636701,4.595321849933277,-0.9679377830240642,-0.25119006388481957,1,0
2023-09-17,A,100.33,86.02,5,60,0,1,Online,South,2023,9,6,260,1.62924053973028,4.608464752937522,4.45457982735559,-0.9721181966290612,-0.23449138957041052,1,0
2023-09-18,A,113.46,103.66,5,60,0,0,Online,West,2023,9,0,261,1.62924053973028,4.731450351898421,4.641116312761561,-0.9760105506323682,-0.21772323039653224,1,0
2023-09-19,A,88.0,93.34,6,60,0,0,Online,South,2023,9,1,262,1.8082887711792655,4.477336814478207,4.536248740521669,-0.9796136916454901,-0.20089055513063528,1,0
2023-09-20,A,114.27,102.16,5,60,0,0,Store,North,2023,9,2,263,1.62924053973028,4.738564069158622,4.626540211724284,-0.9829265519799822,-0.18399835165767986,1,0
2023-09-21,A,111.83,115.98,5,60,0,0,Online,East,2023,9,3,264,1.62924053973028,4.716979861040097,4.7534177624482945,-0.9859481499638303,-0.1670516255021195,1,0
2023-09-22,A,98.15,106.16,6,60,0,0,Store,East,2023,9,4,265,1.8082887711792655,4.58649692072247,4.664947390023952,-0.9886775902323404,-0.15005539834465262,1,0
2023-09-23,A,83.81,76.66,10,60,1,1,Online,South,2023,9,5,266,2.312535423847214,4.428552332110815,4.339380059952409,-0.9911140639934546,-0.13301470653419636,1,0
2023-09-24,A,106.14,99.43,7,60,1,1,Online,North,2023,9,6,267,1.9600947840472698,4.664758977399749,4.599453878991982,-0.9932568492674143,-0.11593459959550066,1,0
2023-09-25,A,105.72,98.54,5,60,0,0,Store,West,2023,9,0,268,1.62924053973028,4.660794089736088,4.590462557115817,-0.9951053111006974,-0.09882013873287211,1,0
2023-09-26,A,100.56,113.61,5,60,0,0,Store,North,2023,9,1,269,1.62924053973028,4.610754564281992,4.732771530581813,-0.99665890175417,-0.08167639533042288,1,0
2023-09-27,A,112.84,118.51,5,60,0,0,Store,South,2023,9,2,270,1.62924053973028,4.725970886133796,4.774997345200357,-0.9979171608653922,-0.06450844944931625,1,0
2023-09-28,A,82.17,85.82,6,60,0,0,Store,West,2023,9,3,271,1.8082887711792655,4.408790271943096,4.452252079563379,-0.9988797155850335,-0.04732138832243232,1,0
2023-09-29,A,88.72,92.52,6,60,0,0,Online,East,2023,9,4,272,1.8082887711792655,4.485485343042112,4.527424837363238,-0.9995462806873573,-0.03012030484690836,1,0
2023-09-30,A,111.53,122.16,7,60,1,1,Online,West,2023,9,5,273,1.9600947840472698,4.714293613006445,4.805331660910377,-0.9999166586547379,-0.012910296075008843,1,0
2023-10-01,A,109.4,110.08,6,60,0,1,Store,West,2023,10,6,274,1.8082887711792655,4.695010889987881,4.701207374185033,-0.9999907397361901,0.004303538296243821,1,0
2023-10-02,A,116.56,129.01,5,60,0,0,Online,West,2023,10,0,275,1.62924053973028,4.758406161886949,4.859889920737045,-0.9997685019798909,0.021516097436222233,1,0
2023-10-03,A,98.49,86.73,5,60,0,0,Store,West,2023,10,1,276,1.62924053973028,4.589955020181611,4.462799844696365,-0.9992500112396835,0.03872228089217399,1,0
2023-10-04,A,117.76,108.36,4,60,0,0,Online,North,2023,10,2,277,1.410986973710262,4.7686486549805664,4.685459017216894,-0.9984354211555643,0.05591699010060302,1,0
2023-10-05,A,110.64,106.83,5,60,0,0,Online,East,2023,10,3,278,1.62924053973028,4.706281687356503,4.671238785957796,-0.9973249731081555,0.07309512989807776,1,0
2023-10-06,A,82.25,87.2,6,60,0,0,Online,North,2023,10,4,279,1.8082887711792655,4.409763389645481,4.468204330914934,-0.9959189961471792,0.0902516100310407,1,0
2023-10-07,A,72.0,68.95,8,60,0,1,Online,North,2023,10,5,280,2.0918640616783932,4.276666119016055,4.233381604239311,-0.994217906893952,0.10738134666416306,1,0
2023-10-08,A,72.0,71.79,9,60,1,1,Store,South,2023,10,6,281,2.2082744135228043,4.276666119016055,4.273745190588392,-0.9922222094179324,0.12447926388678869,1,0
2023-10-09,A,110.2,117.67,6,60,1,0,Store,West,2023,10,0,282,1.8082887711792655,4.702296896718814,4.7678840964758376,-0.989932495087353,0.141540295217043,1,0
2023-10-10,A,72.0,63.51,7,60,0,0,Store,East,2023,10,1,283,1.9600947840472698,4.276666119016055,4.151197373814884,-0.9873494423939864,0.15855938510313475,1,0
2023-10-11,A,91.19,89.75,6,60,0,0,Store,East,2023,10,2,284,1.8082887711792655,4.512945241945574,4.497028027368389,-0.9844738167520923,0.17553149042142777,1,0
2023-10-12,A,132.24,126.55,5,60,0,0,Store,West,2023,10,3,285,1.62924053973028,4.884618453512769,4.840637486991133,-0.9813064702716093,0.19245158197082995,1,0
2023-10-13,A,87.5,87.44,6,60,0,0,Store,North,2023,10,4,286,1.8082887711792655,4.471638793363569,4.470952843868283,-0.9778483415056568,0.20931464596304888,1,0
2023-10-14,A,121.41,115.54,5,60,0,1,Online,South,2023,10,5,287,1.62924053973028,4.799173247555884,4.7496167903531195,-0.9741004551724206,0.22611568550828803,1,0
2023-10-15,A,84.01,92.03,9,60,0,1,Online,East,2023,10,6,288,2.2082744135228043,4.4309358393767555,4.522114610850766,-0.970063921851507,0.2428497220959358,1,0
2023-10-16,A,85.9,96.37,7,60,0,0,Online,West,2023,10,0,289,1.9600947840472698,4.45318382899021,4.568194949863196,-0.965739937654855,0.25951179706979943,1,0
2023-10-17,A,92.99,82.49,5,60,0,0,Store,East,2023,10,1,290,1.62924053973028,4.5324919604901055,4.41267707387264,-0.9611297838723007,0.27609697309746883,1,0
2023-10-18,A,101.27,94.27,6,60,0,0,Store,West,2023,10,2,291,1.8082887711792655,4.617790217344194,4.546163005408059,-0.9562348265919058,0.2926003356333479,1,0
2023-10-19,A,78.6,69.41,7,60,0,0,Store,North,2023,10,3,292,1.9600947840472698,4.364371699435161,4.2400309493514925,-0.9510565162951536,0.30901699437494723,1,0
2023-10-20,A,100.76,94.71,6,60,0,0,Online,North,2023,10,4,293,1.8082887711792655,4.61274145148441,4.55081959123801,-0.9455963874271428,0.3253420847119795,1,0
2023-10-21,A,104.27,94.73,6,60,0,1,Store,West,2023,10,5,294,1.8082887711792655,4.646983688801502,4.551030739887443,-0.9398560579418953,0.341570769167856,1,0
2023-10-22,A,110.28,114.83,7,60,1,1,Online,West,2023,10,6,295,1.9600947840472698,4.703022586155596,4.743452773788098,-0.9338372288229252,0.35769823883312546,1,0
2023-10-23,A,104.82,92.09,5,60,0,0,Online,North,2023,10,0,296,1.62924053973028,4.65224459337402,4.522766359733276,-0.9275416835791965,0.3737197147904692,1,0
2023-10-24,A,101.65,102.88,6,60,0,0,Online,West,2023,10,1,297,1.8082887711792655,4.621535540074356,4.633563260489309,-0.9209712877166346,0.38963044953078774,1,0
2023-10-25,A,84.51,90.74,9,60,1,0,Store,North,2023,10,2,298,2.2082744135228043,4.436869870556391,4.507998274235818,-0.9141279881853337,0.4054257283599973,1,0
2023-10-26,A,92.86,85.87,5,60,0,0,Online,South,2023,10,3,299,1.62924053973028,4.531092982591776,4.452834524684393,-0.9070138128026362,0.42110087079608916,1,0
2023-10-27,A,78.82,80.4,7,60,0,0,Online,West,2023,10,4,300,1.9600947840472698,4.367166771766858,4.387014176184921,-0.8996308696522434,0.4366512319560638,1,0
2023-10-28,A,91.99,101.27,7,60,0,1,Online,East,2023,10,5,301,1.9600947840472698,4.521679875489066,4.617790217344194,-0.8919813464595487,0.45207220393230374,1,0
2023-10-29,A,102.77,97.58,7,60,0,1,Online,West,2023,10,6,302,1.9600947840472698,4.632493481636982,4.580672554387691,-0.8840675099433637,0.46735921715800205,1,0
2023-10-30,A,89.78,79.97,7,60,0,0,Store,West,2023,10,0,303,1.9600947840472698,4.497362233353786,4.381651564343798,-0.8758917051442433,0.48250774176121763,1,0
2023-10-31,A,100.8,93.63,6,60,0,0,Store,East,2023,10,1,304,1.8082887711792655,4.613138355637268,4.539350844950798,-0.867456354729597,0.4975132889071803,1,0
2023-11-01,A,84.8,73.39,5,60,0,0,Online,West,2023,11,2,305,1.62924053973028,4.440295542797857,4.295787686556971,-0.858763958275803,0.5123714121284235,1,0
2023-11-02,A,95.51,96.09,6,60,0,0,Online,North,2023,11,3,306,1.8082887711792655,4.5592309540466465,4.5652852522891765,-0.8498170915275277,0.5270777086423724,1,0
2023-11-03,A,109.67,99.48,6,60,0,0,Online,South,2023,11,4,307,1.8082887711792655,4.697475856772117,4.599956618935204,-0.8406184056344783,0.5416278206559811,1,0
2023-11-04,A,97.0,97.09,6,60,0,1,Online,West,2023,11,5,308,1.8082887711792655,4.574710978503383,4.575638383382054,-0.8311706263658079,0.5560174366570446,1,0
2023-11-05,A,93.68,103.32,6,60,0,1,Store,East,2023,11,6,309,1.8082887711792655,4.539884719289462,4.6378309682276395,-0.8214765533024145,0.5702422926917867,1,0
2023-11-06,A,124.07,113.48,4,60,0,0,Store,North,2023,11,0,310,1.410986973710262,4.82084592245478,4.73162660994065,-0.8115390590073611,0.5842981736283683,1,0
2023-11-07,A,108.81,97.93,6,60,0,0,Store,West,2023,11,1,311,1.8082887711792655,4.689603241962921,4.584252937732703,-0.8013610881746769,0.5981809144059159,1,0
2023-11-08,A,114.34,107.04,5,60,0,0,Online,West,2023,11,2,312,1.62924053973028,4.7391764658358255,4.673202596379919,-0.7909456567567774,0.6118864012687242,1,0
2023-11-09,A,132.18,138.66,6,60,1,0,Online,South,2023,11,3,313,1.8082887711792655,4.8841646300423065,4.9320248935143445,-0.780295851070776,0.6254105729852457,1,0
2023-11-10,A,129.06,117.08,3,60,0,0,Store,West,2023,11,4,314,1.1314021114911006,4.860277412507694,4.762857461823685,-0.7694148268839381,0.6387494220515268,1,0
2023-11-11,A,114.74,109.58,6,60,1,1,Online,North,2023,11,5,315,1.8082887711792655,4.742668699173725,4.696654876110269,-0.7583058084785625,0.6518989958787125,1,0
2023-11-12,A,108.66,112.15,9,60,1,1,Online,North,2023,11,6,316,2.2082744135228043,4.688223741123377,4.719837260966218,-0.7469720876965551,0.6648553979642867,1,0
2023-11-13,A,122.93,130.81,5,60,0,0,Online,North,2023,11,0,317,1.62924053973028,4.811615087679249,4.873745888700135,-0.7354170229639858,0.6776147890466887,1,0
2023-11-14,A,101.27,88.66,5,60,0,0,Store,South,2023,11,1,318,1.62924053973028,4.617790217344194,4.484808829316908,-0.7236440382959123,0.690173388242972,1,0
2023-11-15,A,98.15,108.99,8,60,1,0,Online,East,2023,11,2,319,2.0918640616783932,4.58649692072247,4.69125613490122,-0.7116566222817751,0.7025274741691566,1,0
2023-11-16,A,86.21,73.73,7,60,0,0,Online,East,2023,11,3,320,1.9600947840472698,4.456786180221833,4.300409772001559,-0.6994583270516471,0.7146733860429608,1,0
2023-11-17,A,91.69,90.13,7,60,0,0,Online,West,2023,11,4,321,1.9600947840472698,4.518413322061809,4.501253072568319,-0.6870527672236675,0.726607524768565,1,0
2023-11-18,A,116.31,129.87,6,60,0,1,Store,North,2023,11,5,322,1.8082887711792655,4.7562590403509475,4.866533950121999,-0.6744436188329457,0.7383263540031063,1,0
2023-11-19,A,104.3,111.3,7,60,0,1,Store,South,2023,11,6,323,1.9600947840472698,4.647271362006727,4.712229258281499,-0.661634618242279,0.749826401204568,1,0
2023-11-20,A,117.16,112.23,6,60,0,0,Online,West,2023,11,0,324,1.8082887711792655,4.763540521959532,4.720550337028165,-0.6486295610349818,0.7611042586607742,1,0
2023-11-21,A,86.84,75.19,5,60,0,0,Store,South,2023,11,1,325,1.62924053973028,4.464067345010091,4.320018243389936,-0.6354323008901775,0.7721565844991641,1,0
2023-11-22,A,91.92,80.73,5,60,0,0,Online,South,2023,11,2,326,1.62924053973028,4.5209186335405,4.391110253406924,-0.622046748440868,0.7829801036770625,1,0
2023-11-23,A,73.07,67.53,8,60,0,0,Store,East,2023,11,3,327,2.0918640616783932,4.291417885803126,4.212571943586751,-0.6084768701151264,0.7935716089521472,1,0
2023-11-24,A,107.36,119.22,6,60,0,0,Store,South,2023,11,4,328,1.8082887711792655,4.676187673223372,4.780970525791781,-0.594726686960764,0.8039279618328208,1,0
2023-11-25,A,91.67,93.57,10,60,1,1,Store,West,2023,11,5,329,2.312535423847214,4.518195171973685,4.5387098192878215,-0.5808002734538014,0.8140460935082175,1,0
2023-11-26,A,84.78,93.64,10,60,1,1,Online,East,2023,11,6,330,2.312535423847214,4.440059665924491,4.53945764262271,-0.5667017562911184,0.8239230057575536,1,0
2023-11-27,A,134.16,128.39,4,60,0,0,Online,West,2023,11,0,331,1.410986973710262,4.8990331175149535,4.855072506602992,-0.5524353131676203,0.8335557718385695,1,0
2023-11-28,A,103.08,93.57,6,60,0,0,Store,North,2023,11,1,332,1.8082887711792655,4.635505385784164,4.5387098192878215,-0.5380051715382992,0.8429415373547832,1,0
2023-11-29,A,103.49,104.42,7,60,0,0,Online,East,2023,11,2,333,1.9600947840472698,4.639474989680082,4.648421227982406,-0.5234156073655503,0.8520775211013093,1,0
2023-11-30,A,100.94,115.83,8,60,0,0,Store,South,2023,11,3,334,2.0918640616783932,4.614526280912116,4.752123598944254,-0.5086709438521042,0.8609610158889945,1,0
2023-12-01,A,97.44,104.76,6,60,0,0,Store,West,2023,12,4,335,1.8082887711792655,4.579236803961587,4.651672019639511,-0.4937755501599774,0.8695893893466109,1,0
2023-12-02,A,117.33,115.35,8,60,1,1,Online,West,2023,12,5,336,2.0918640616783932,4.764990477435532,4.747970984619762,-0.4787338401157883,0.8779600847008883,1,0
2023-12-03,A,96.68,107.5,8,60,0,1,Store,West,2023,12,6,337,2.0918640616783932,4.571406555835282,4.677490847567717,-0.4635502709028512,0.8860706215341377,1,0
2023-12-04,A,99.04,93.08,6,60,0,0,Online,West,2023,12,0,338,1.8082887711792655,4.595523808936286,4.533459338434091,-0.4482293417404106,0.893918596519257,1,0
2023-12-05,A,95.42,86.81,7,60,0,0,Online,North,2023,12,1,339,1.9600947840472698,4.5582882000879605,4.463721822403716,-0.4327755925504317,0.9015016841318838,1,0
2023-12-06,A,112.38,104.6,8,60,1,0,Online,South,2023,12,2,340,2.0918640616783932,4.721885985684052,4.650143551630823,-0.41719360261231697,0.9088176373395028,1,0
2023-12-07,A,93.44,83.82,7,60,1,0,Store,West,2023,12,3,341,1.9600947840472698,4.537319519079917,4.4286716424969255,-0.4014879892059737,0.9158642882672868,1,0
2023-12-08,A,79.91,85.54,8,60,0,0,Online,North,2023,12,4,342,2.0918640616783932,4.380901001386372,4.448984102798763,-0.38566340624360745,0.9226395488404875,1,0
2023-12-09,A,105.02,106.68,9,60,0,1,Online,West,2023,12,5,343,2.2082744135228043,4.654150808209713,4.669833699313814,-0.3697245428906732,0.9291414114031743,1,0
2023-12-10,A,115.46,106.88,7,60,0,1,Online,North,2023,12,6,344,1.9600947840472698,4.748924149632788,4.671706709788335,-0.3536761221763721,0.935367949313148,1,0
2023-12-11,A,107.38,106.87,7,60,0,0,Online,South,2023,12,0,345,1.9600947840472698,4.676373944994423,4.671613142536805,-0.33752289959411347,0.941317317512847,1,0
2023-12-12,A,99.99,103.0,7,60,0,0,Store,East,2023,12,1,346,1.9600947840472698,4.605070180987758,4.634728988229636,-0.32126966169236515,0.946987753076075,1,0
2023-12-13,A,98.27,91.35,7,60,0,0,Store,South,2023,12,2,347,1.9600947840472698,4.587718792374336,4.514698282824016,-0.3049212246562894,0.9523775757303973,1,0
2023-12-14,A,128.44,142.0,6,60,0,0,Online,North,2023,12,3,348,1.8082887711792655,4.855461869221313,4.955827057601261,-0.2884824328806098,0.9574851883550389,1,0
2023-12-15,A,110.59,121.34,7,60,0,0,Store,South,2023,12,4,349,1.9600947840472698,4.705829669087269,4.798596522514152,-0.27195815753410524,0.9623090774541487,1,0
2023-12-16,A,118.78,123.12,8,60,0,1,Store,West,2023,12,5,350,2.0918640616783932,4.777273042587714,4.813159489530624,-0.2553532951161881,0.9668478136052773,1,0
2023-12-17,A,92.79,96.2,11,60,0,1,Online,West,2023,12,6,351,2.4069451083182885,4.530338875365088,4.566429357671661,-0.23867276600594997,0.9711000518829505,1,0
2023-12-18,A,99.14,109.15,6,60,0,0,Online,North,2023,12,0,352,1.8082887711792655,4.596532992592428,4.692723082995953,-0.22192151300416674,0.9750645322571945,1,0
2023-12-19,A,88.98,81.44,8,60,1,0,Online,West,2023,12,1,353,2.0918640616783932,4.488411625377895,4.399866552802212,-0.20510449986861926,0.9787400799669153,1,0
2023-12-20,A,83.72,84.33,11,60,1,0,Store,East,2023,12,2,354,2.4069451083182885,4.427477897577799,4.43473767358655,-0.1882267098432439,0.9821256058680006,1,0
2023-12-21,A,95.89,83.95,9,60,1,0,Store,North,2023,12,3,355,2.2082744135228043,4.56320170116559,4.43022138352355,-0.1712931441814778,0.9852201067560606,1,0
2023-12-22,A,86.59,97.58,8,60,0,0,Store,South,2023,12,4,356,2.0918640616783932,4.46118433545971,4.580672554387691,-0.154308820664281,0.9880226656636976,1,0
2023-12-23,A,100.61,92.55,12,60,1,1,Store,East,2023,12,5,357,2.4932054526026954,4.611251656303959,4.527749039019507,-0.13727877211326517,0.9905324521322227,1,0
2023-12-24,A,125.39,130.17,7,60,0,1,Store,East,2023,12,6,358,1.9600947840472698,4.831428880202447,4.868841288478369,-0.12020804489935275,0.9927487224577402,1,0
2023-12-25,A,115.51,117.4,8,60,1,0,Store,North,2023,12,0,359,2.0918640616783932,4.749357106300589,4.765586907393996,-0.10310169744743544,0.9946708199115211,1,0
2023-12-26,A,99.99,86.83,8,60,0,0,Store,South,2023,12,1,360,2.0918640616783932,4.605070180987758,4.463952184072554,-0.0859647987374467,0.9962981749346077,1,0
2023-12-27,A,99.41,87.07,6,60,0,0,Online,South,2023,12,2,361,1.8082887711792655,4.599252712224054,4.466712392840524,-0.06880242680232064,0.9976303053065857,1,0
2023-12-28,A,112.88,106.69,7,60,0,0,Online,East,2023,12,3,362,1.9600947840472698,4.726325307544559,4.66992743320337,-0.05161966722325418,0.9986668162884759,1,0
2023-12-29,A,111.92,107.43,8,60,0,0,Store,North,2023,12,4,363,2.0918640616783932,4.717784330357226,4.676839472678451,-0.034421611622745804,0.9994074007397048,1,0
2023-12-30,A,103.52,106.86,10,60,0,1,Store,West,2023,12,5,364,2.312535423847214,4.639764830752591,4.671519566529625,-0.01721335615583528,0.9998518392091162,1,0
2023-12-31,A,120.53,122.7,7,60,0,1,Online,East,2023,12,6,365,1.9600947840472698,4.791898684600252,4.809742351716865,6.432490598706546e-16,1.0,1,0
2021-01-01,B,111.06,100.04,13,90,0,0,Store,South,2021,1,4,1,2.5726122302071057,4.710070595813461,4.605570106009418,0.017213356155834685,0.9998518392091162,0,1
2021-01-02,B,145.99,140.32,11,90,0,1,Store,North,2021,1,5,2,2.4069451083182885,4.983538126211888,4.943925528623873,0.03442161162274574,0.9994074007397048,0,1
2021-01-03,B,108.0,102.81,13,90,0,1,Online,North,2021,1,6,3,2.5726122302071057,4.68213122712422,4.632882624554627,0.051619667223253764,0.998666816288476,0,1
2021-01-04,B,145.44,136.79,11,90,0,0,Store,South,2021,1,0,4,2.4069451083182885,4.979763630429169,4.918446903101353,0.06880242680231986,0.9976303053065857,0,1
2021-01-05,B,165.74,142.33,8,90,0,0,Store,West,2021,1,1,5,2.0918640616783932,5.110420295420896,4.958148305082534,0.08596479873744647,0.9962981749346078,0,1
2021-01-06,B,197.63,189.69,10,90,1,0,Online,South,2021,1,2,6,2.312535423847214,5.286396595652343,5.245391160738632,0.10310169744743485,0.9946708199115211,0,1
2021-01-07,B,165.07,184.86,9,90,0,0,Online,East,2021,1,3,7,2.2082744135228043,5.10636962635945,5.219598781836631,0.1202080448993527,0.9927487224577402,0,1
2021-01-08,B,134.51,115.8,11,90,0,0,Store,West,2021,1,4,8,2.4069451083182885,4.90163854572049,4.751864565138895,0.13727877211326478,0.9905324521322229,0,1
2021-01-09,B,118.79,108.13,15,90,0,1,Online,South,2021,1,5,9,2.714694743820879,4.777357228301448,4.683334206957445,0.15430882066428117,0.9880226656636976,0,1
2021-01-10,B,208.71,228.65,8,90,0,1,Store,East,2021,1,6,10,2.0918640616783932,5.34094572860366,5.432192450104064,0.1712931441814776,0.9852201067560606,0,1
2021-01-11,B,175.08,171.83,10,90,1,0,Online,North,2021,1,0,11,2.312535423847214,5.165243012322694,5.146505615958654,0.1882267098432442,0.9821256058680006,0,1
2021-01-12,B,194.25,184.81,10,90,1,0,Online,North,2021,1,1,12,2.312535423847214,5.269145989247757,5.219328270297665,0.2051044998686192,0.9787400799669153,0,1
2021-01-13,B,183.88,168.81,8,90,0,0,Store,West,2021,1,2,13,2.0918640616783932,5.214283370938027,5.128773822113297,0.22192151300416552,0.9750645322571948,0,1
2021-01-14,B,138.0,154.51,11,90,1,0,Store,South,2021,1,3,14,2.4069451083182885,4.927253685157205,5.040258819162327,0.2386727660059501,0.9711000518829505,0,1
2021-01-15,B,123.02,120.73,11,90,0,0,Online,West,2021,1,4,15,2.4069451083182885,4.812346943780222,4.793556647344296,0.255353295116187,0.9668478136052775,0,1
2021-01-16,B,119.46,113.03,13,90,0,1,Online,South,2021,1,5,16,2.5726122302071057,4.7829815873041595,4.72765327020264,0.2719581575341055,0.9623090774541486,0,1
2021-01-17,B,172.67,166.87,10,90,0,1,Online,West,2021,1,6,17,2.312535423847214,5.151382258424339,5.117215066158812,0.288482432880609,0.9574851883550393,0,1
2021-01-18,B,173.82,155.67,8,90,0,0,Online,South,2021,1,0,18,2.0918640616783932,5.158020281009314,5.047738382047758,0.30492122465628907,0.9523775757303974,0,1
2021-01-19,B,155.27,160.28,11,90,0,0,Store,South,2021,1,1,19,2.4069451083182885,5.045165536993078,5.076922285767944,0.3212696616923644,0.9469877530760753,0,1
2021-01-20,B,192.29,176.9,11,90,1,0,Online,North,2021,1,2,20,2.4069451083182885,5.259004649162495,5.17558460116574,0.3375228995941133,0.9413173175128471,0,1
2021-01-21,B,108.0,101.44,14,90,0,0,Online,South,2021,1,3,21,2.6461747973841225,4.68213122712422,4.6194674906889155,0.3536761221763716,0.9353679493131483,0,1
2021-01-22,B,137.18,144.46,15,90,1,0,Online,West,2021,1,4,22,2.714694743820879,4.921293932071175,4.973002652622701,0.3697245428906731,0.9291414114031743,0,1
2021-01-23,B,132.56,136.94,15,90,0,1,Online,West,2021,1,5,23,2.714694743820879,4.887035373118308,4.919542873692917,0.38566340624360707,0.9226395488404876,0,1
2021-01-24,B,136.26,128.2,15,90,0,1,Store,North,2021,1,6,24,2.714694743820879,4.914564825345522,4.853591544486569,0.401487989205973,0.9158642882672872,0,1
2021-01-25,B,132.04,121.24,10,90,0,0,Online,West,2021,1,0,25,2.312535423847214,4.883104906984992,4.797772052189602,0.4171936026123168,0.9088176373395029,0,1
2021-01-26,B,167.16,185.06,11,90,0,0,Online,South,2021,1,1,26,2.4069451083182885,5.118951437579715,5.220680096820884,0.4327755925504312,0.901501684131884,0,1
2021-01-27,B,146.05,150.05,12,90,1,0,Store,South,2021,1,2,27,2.4932054526026954,4.9839490288337505,5.010968571886377,0.4482293417404106,0.893918596519257,0,1
2021-01-28,B,188.15,164.98,8,90,0,0,Online,North,2021,1,3,28,2.0918640616783932,5.237239517039447,5.105824254432585,0.4635502709028509,0.886070621534138,0,1
2021-01-29,B,148.34,126.27,12,90,0,0,Online,West,2021,1,4,29,2.4932054526026954,4.999506936308412,4.838422471450589,0.47873384011578846,0.8779600847008882,0,1
2021-01-30,B,154.47,175.03,11,90,0,1,Online,South,2021,1,5,30,2.4069451083182885,5.0399999027261595,5.164957387802744,0.4937755501599772,0.869589389346611,0,1
2021-01-31,B,158.18,171.94,12,90,0,1,Store,South,2021,1,6,31,2.4932054526026954,5.063733625091271,5.147145578746298,0.5086709438521044,0.8609610158889943,0,1
2021-02-01,B,117.81,119.86,12,90,0,0,Online,East,2021,2,0,32,2.4932054526026954,4.769073157258028,4.786324395030039,0.5234156073655503,0.8520775211013093,0,1
2021-02-02,B,135.52,139.51,12,90,0,0,Online,South,2021,2,1,33,2.4932054526026954,4.909119230903745,4.938136283280016,0.5380051715382996,0.8429415373547828,0,1
2021-02-03,B,143.06,126.44,15,90,1,0,Store,South,2021,2,2,34,2.714694743820879,4.963264122680238,4.839767887347417,0.5524353131676196,0.8335557718385699,0,1
2021-02-04,B,174.99,156.98,10,90,0,0,Online,South,2021,2,3,35,2.312535423847214,5.164728829433656,5.0561184086986675,0.5667017562911176,0.8239230057575542,0,1
2021-02-05,B,146.83,146.03,11,90,0,0,Online,North,2021,2,4,36,2.4069451083182885,4.989275454974846,4.98381208005238,0.5808002734538009,0.8140460935082178,0,1
2021-02-06,B,177.28,200.74,14,90,1,1,Online,East,2021,2,5,37,2.6461747973841225,5.177730403558919,5.302010538385654,0.5947266869607634,0.8039279618328213,0,1
2021-02-07,B,139.21,134.97,15,90,0,1,Online,North,2021,2,6,38,2.714694743820879,4.935983584400476,4.905052531521191,0.6084768701151261,0.7935716089521474,0,1
2021-02-08,B,142.6,125.43,11,90,0,0,Store,West,2021,2,0,39,2.4069451083182885,4.960043507980195,4.831747834036584,0.6220467484408675,0.7829801036770629,0,1
2021-02-09,B,108.0,117.71,13,90,0,0,Online,North,2021,2,1,40,2.5726122302071057,4.68213122712422,4.768223972424389,0.6354323008901774,0.7721565844991642,0,1
2021-02-10,B,124.44,109.5,13,90,0,0,Store,West,2021,2,2,41,2.5726122302071057,4.8238236720294365,4.695924549256556,0.6486295610349814,0.7611042586607747,0,1
2021-02-11,B,128.08,117.92,16,90,1,0,Store,North,2021,2,3,42,2.7788192719904172,4.85265506868846,4.770006428441026,0.6616346182422783,0.7498264012045686,0,1
2021-02-12,B,160.73,181.56,12,90,0,0,Store,South,2021,2,4,43,2.4932054526026954,5.079725938581049,5.201586177588265,0.6744436188329455,0.7383263540031065,0,1
2021-02-13,B,139.51,127.52,15,90,0,1,Online,West,2021,2,5,44,2.714694743820879,4.938136283280016,4.848273215041905,0.6870527672236669,0.7266075247685656,0,1
2021-02-14,B,143.35,135.75,19,90,1,1,Online,East,2021,2,6,45,2.9496883350525844,4.9652891923293785,4.910814958814044,0.6994583270516471,0.7146733860429609,0,1
2021-02-15,B,177.02,158.93,11,90,1,0,Store,North,2021,2,0,46,2.4069451083182885,5.1762627205407306,5.068463853708728,0.7116566222817746,0.702527474169157,0,1
2021-02-16,B,169.3,170.03,12,90,0,0,Store,East,2021,2,1,47,2.4932054526026954,5.13167228913909,5.135974892069394,0.7236440382959124,0.6901733882429719,0,1
2021-02-17,B,193.54,168.68,9,90,0,0,Store,North,2021,2,2,48,2.2082744135228043,5.265484209452796,5.128003428878359,0.7354170229639855,0.6776147890466889,0,1
2021-02-18,B,167.42,147.69,13,90,0,0,Store,North,2021,2,3,49,2.5726122302071057,5.12050562523191,4.9951154824382185,0.7469720876965552,0.6648553979642865,0,1
2021-02-19,B,154.79,134.91,16,90,1,0,Store,South,2021,2,4,50,2.7788192719904172,5.042069359585786,4.904607889450726,0.7583058084785625,0.6518989958787126,0,1
2021-02-20,B,135.92,144.69,14,90,0,1,Online,North,2021,2,5,51,2.6461747973841225,4.912066477363677,4.97459352274899,0.7694148268839378,0.6387494220515272,0,1
2021-02-21,B,150.08,131.3,15,90,0,1,Online,West,2021,2,6,52,2.714694743820879,5.011168485257914,4.877484781308751,0.7802958510707755,0.6254105729852463,0,1
2021-02-22,B,146.32,132.3,10,90,0,0,Store,North,2021,2,0,53,2.312535423847214,4.98579600408261,4.88507207112091,0.7909456567567772,0.6118864012687243,0,1
2021-02-23,B,135.81,128.55,14,90,0,0,Store,East,2021,2,1,54,2.6461747973841225,4.911256850115977,4.856317933711899,0.8013610881746766,0.5981809144059164,0,1
2021-02-24,B,148.77,155.88,14,90,0,0,Online,West,2021,2,2,55,2.6461747973841225,5.002401489169152,5.049086480470509,0.8115390590073611,0.5842981736283683,0,1
2021-02-25,B,146.59,164.01,12,90,1,0,Online,West,2021,2,3,56,2.4932054526026954,4.98763957430194,5.099927401575018,0.8214765533024142,0.5702422926917871,0,1
2021-02-26,B,115.31,121.56,24,90,1,0,Store,East,2021,2,4,57,3.1822118404966093,4.747624153783025,4.800407968048592,0.8311706263658079,0.5560174366570446,0,1
2021-02-27,B,163.76,181.03,13,90,0,1,Online,North,2021,2,5,58,2.5726122302071057,5.098401941353034,5.198662763387852,0.8406184056344782,0.5416278206559814,0,1
2021-02-28,B,125.29,134.88,19,90,0,1,Online,South,2021,2,6,59,2.9496883350525844,4.830631050257462,4.904385494253545,0.8498170915275278,0.5270777086423722,0,1
2021-03-01,B,163.61,141.45,11,90,0,0,Online,West,2021,3,0,60,2.4069451083182885,5.097485546994985,4.951946297747576,0.8587639582758029,0.5123714121284237,0,1
2021-03-02,B,190.28,183.56,11,90,0,0,Store,South,2021,3,1,61,2.4069451083182885,5.248496671564081,5.212541589526633,0.8674563547295968,0.49751328890718066,0,1
2021-03-03,B,137.43,134.42,13,90,0,0,Store,North,2021,3,2,62,2.5726122302071057,4.923114696566761,4.90096922654182,0.8758917051442429,0.48250774176121847,0,1
2021-03-04,B,151.85,146.5,12,90,0,0,Online,North,2021,3,3,63,2.4932054526026954,5.022893191491757,4.987025428457122,0.8840675099433636,0.46735921715800227,0,1
2021-03-05,B,157.79,136.34,13,90,0,0,Store,South,2021,3,4,64,2.5726122302071057,5.061265035047578,4.915151765934639,0.8919813464595485,0.45207220393230435,0,1
2021-03-06,B,159.07,181.66,13,90,0,1,Online,East,2021,3,5,65,2.5726122302071057,5.069344356910269,5.2021368080740675,0.8996308696522433,0.43665123195606403,0,1
2021-03-07,B,146.33,160.36,15,90,0,1,Online,North,2021,3,6,66,2.714694743820879,4.985864345104336,5.077421287774306,0.9070138128026359,0.4211008707960896,0,1
2021-03-08,B,132.4,132.76,12,90,0,0,Store,West,2021,3,0,67,2.4932054526026954,4.885827643502908,4.888542986851774,0.9141279881853337,0.40542572835999735,0,1
2021-03-09,B,122.52,108.79,20,90,1,0,Online,South,2021,3,1,68,3.0007198150650303,4.808274281964574,4.689419418432991,0.9209712877166346,0.38963044953078796,0,1
2021-03-10,B,131.24,114.53,14,90,0,0,Store,North,2021,3,2,69,2.6461747973841225,4.877027708092901,4.740836797409625,0.9275416835791966,0.37371971479046906,0,1
2021-03-11,B,108.0,116.06,24,90,1,0,Store,North,2021,3,3,70,3.1822118404966093,4.68213122712422,4.754107298762462,0.9338372288229252,0.35769823883312546,0,1
2021-03-12,B,152.08,162.17,16,90,0,0,Online,North,2021,3,4,71,2.7788192719904172,5.024406698180174,5.088645167731283,0.9398560579418954,0.3415707691678556,0,1
2021-03-13,B,137.39,136.19,13,90,0,1,Online,West,2021,3,5,72,2.5726122302071057,4.9228235969358565,4.914050969580866,0.9455963874271426,0.3253420847119801,0,1
2021-03-14,B,138.8,146.87,18,90,0,1,Store,East,2021,3,6,73,2.89591193827178,4.933034048072704,4.989547841765771,0.9510565162951535,0.30901699437494745,0,1
2021-03-15,B,162.75,155.21,13,90,0,0,Online,East,2021,3,0,74,2.5726122302071057,5.092215281088679,5.044779038663093,0.9562348265919056,0.29260033563334836,0,1
2021-03-16,B,117.92,124.64,14,90,0,0,Online,East,2021,3,1,75,2.6461747973841225,4.770006428441026,4.825429582122438,0.9611297838723007,0.27609697309746883,0,1
2021-03-17,B,136.64,149.18,13,90,0,0,Online,East,2021,3,2,76,2.5726122302071057,4.91734973004026,5.005153630527017,0.9657399376548549,0.2595117970697999,0,1
2021-03-18,B,145.28,155.74,14,90,0,0,Store,North,2021,3,3,77,2.6461747973841225,4.9786629148529835,5.04818795014884,0.970063921851507,0.2428497220959356,0,1
2021-03-19,B,146.79,126.54,20,90,1,0,Online,West,2021,3,4,78,3.0007198150650303,4.989002993969142,4.840558463718739,0.9741004551724205,0.22611568550828828,0,1
2021-03-20,B,165.16,162.89,15,90,1,1,Store,South,2021,3,5,79,2.714694743820879,5.10691470101789,5.093075126369514,0.9778483415056568,0.20931464596304847,0,1
2021-03-21,B,183.97,193.0,10,90,0,1,Online,West,2021,3,6,80,2.312535423847214,5.214772700837692,5.262690188904886,0.9813064702716093,0.19245158197082998,0,1
2021-03-22,B,154.6,167.82,13,90,0,0,Online,East,2021,3,0,81,2.5726122302071057,5.040841136153322,5.122891976441923,0.9844738167520922,0.1755314904214282,0,1
2021-03-23,B,151.51,171.05,15,90,0,0,Online,South,2021,3,1,82,2.714694743820879,5.020651629371744,5.141955911423614,0.9873494423939864,0.15855938510313478,0,1
2021-03-24,B,147.71,150.19,15,90,0,0,Online,East,2021,3,2,83,2.714694743820879,4.995250892052509,5.01190115921749,0.989932495087353,0.141540295217043,0,1
2021-03-25,B,190.36,206.27,12,90,0,0,Store,East,2021,3,3,84,2.4932054526026954,5.24891701625291,5.329185990210503,0.9922222094179323,0.12447926388678915,0,1
2021-03-26,B,122.14,137.7,15,90,0,0,Online,East,2021,3,4,85,2.714694743820879,4.805167927794988,4.925077405734609,0.994217906893952,0.10738134666416309,0,1
2021-03-27,B,136.64,136.79,17,90,0,1,Online,West,2021,3,5,86,2.8390784635086144,4.91734973004026,4.918446903101353,0.995918996147179,0.09025161003104117,0,1
2021-03-28,B,153.89,131.22,16,90,0,1,Online,North,2021,3,6,87,2.7788192719904172,5.0362380614757605,4.876875303916732,0.9973249731081555,0.07309512989807777,0,1
2021-03-29,B,193.77,165.77,11,90,0,0,Store,East,2021,3,0,88,2.4069451083182885,5.266671888712491,5.110601285436775,0.9984354211555643,0.055916990100603484,0,1
2021-03-30,B,182.59,179.97,12,90,0,0,Online,North,2021,3,1,89,2.4932054526026954,5.207243202148642,5.192790170333112,0.9992500112396835,0.03872228089217446,0,1
2021-03-31,B,158.19,134.9,12,90,0,0,Store,South,2021,3,2,90,2.4932054526026954,5.063796842210488,4.90453376321371,0.9997685019798909,0.021516097436222254,0,1
2021-04-01,B,138.17,137.59,13,90,0,0,Online,North,2021,4,3,91,2.5726122302071057,4.928484811068578,4.924278248439725,0.9999907397361901,0.004303538296244289,0,1
2021-04-02,B,182.4,205.28,11,90,0,0,Online,West,2021,4,4,92,2.4069451083182885,5.206202077640231,5.324374900867326,0.9999166586547379,-0.01291029607500882,0,1
2021-04-03,B,136.58,129.49,18,90,0,1,Store,East,2021,4,5,93,2.89591193827178,4.916910523532943,4.8636036580807485,0.9995462806873573,-0.030120304846908114,0,1
2021-04-04,B,170.77,166.16,14,90,0,1,Online,North,2021,4,6,94,2.6461747973841225,5.140317621899148,5.112951179567857,0.9988797155850336,-0.04732138832243185,0,1
2021-04-05,B,124.11,133.51,19,90,1,0,Online,South,2021,4,0,95,2.9496883350525844,4.82116826914143,4.894176381402003,0.9979171608653922,-0.06450844944931623,0,1
2021-04-06,B,149.0,159.66,15,90,1,0,Store,East,2021,4,1,96,2.714694743820879,5.003946305945459,5.073046554217653,0.9966589017541702,-0.08167639533042241,0,1
2021-04-07,B,167.22,175.06,13,90,0,0,Online,South,2021,4,2,97,2.5726122302071057,5.119310310721912,5.165128772304292,0.9951053111006976,-0.09882013873287143,0,1
2021-04-08,B,153.03,164.68,14,90,0,0,Online,North,2021,4,3,98,2.6461747973841225,5.0306339806029445,5.104004196901704,0.9932568492674143,-0.11593459959550041,0,1
2021-04-09,B,170.94,157.57,10,90,0,0,Store,East,2021,4,4,99,2.312535423847214,5.141312617737872,5.059869803973954,0.9911140639934547,-0.1330147065341959,0,1
2021-04-10,B,151.5,149.76,17,90,0,1,Online,South,2021,4,5,100,2.8390784635086144,5.020585624949423,5.009034012729282,0.9886775902323405,-0.1500553983446526,0,1
2021-04-11,B,108.0,111.6,19,90,0,1,Online,South,2021,4,6,101,2.9496883350525844,4.68213122712422,4.71492104994721,0.9859481499638304,-0.16705162550211924,0,1
2021-04-12,B,132.48,131.81,17,90,1,0,Online,East,2021,4,0,102,2.8390784635086144,4.886431690636949,4.881361491724374,0.9829265519799822,-0.18399835165768005,0,1
2021-04-13,B,134.73,153.4,14,90,0,0,Online,West,2021,4,1,103,2.6461747973841225,4.903272775767756,5.0330488889331555,0.9796136916454901,-0.20089055513063506,0,1
2021-04-14,B,118.26,115.05,16,90,0,0,Store,South,2021,4,2,104,2.7788192719904172,4.772885590392684,4.745366816481375,0.9760105506323683,-0.21772323039653177,0,1
2021-04-15,B,108.0,97.5,13,90,0,0,Online,West,2021,4,3,105,2.5726122302071057,4.68213122712422,4.579852378003801,0.9721181966290613,-0.23449138957040985,0,1
2021-04-16,B,137.18,137.38,18,90,0,0,Store,East,2021,4,4,106,2.89591193827178,4.921293932071175,4.922750808785736,0.9679377830240642,-0.25119006388481935,0,1
2021-04-17,B,132.87,131.49,15,90,0,1,Store,East,2021,4,5,107,2.714694743820879,4.889371206603217,4.878930803098828,0.9634705485641488,-0.2678143051621742,0,1
2021-04-18,B,151.13,133.57,16,90,1,1,Online,East,2021,4,6,108,2.7788192719904172,5.018140393582029,4.8946256849890135,0.9587178169872964,-0.2843591872810034,0,1
2021-04-19,B,180.79,176.47,14,90,1,0,Store,East,2021,4,0,109,2.6461747973841225,5.197336136693923,5.173150890255142,0.9536809966304457,-0.30081980763566735,0,1
2021-04-20,B,151.37,135.36,11,90,0,0,Online,North,2021,4,1,110,2.4069451083182885,5.019727170774474,4.907937895857914,0.9483615800121715,-0.3171912885891061,0,1
2021-04-21,B,158.85,155.92,13,90,0,0,Store,West,2021,4,2,111,2.5726122302071057,5.067960360715525,5.049343055199305,0.9427611433904207,-0.3334687789181868,0,1
2021-04-22,B,146.75,144.22,13,90,0,0,Online,East,2021,4,3,112,2.5726122302071057,4.988730458708206,4.971339911488614,0.9368813462954315,-0.3496474552512284,0,1
2021-04-23,B,130.43,138.09,14,90,0,0,Store,South,2021,4,4,113,2.6461747973841225,4.8708366843821915,4.92790564649726,0.9307239310379795,-0.36572252349726897,0,1
2021-04-24,B,151.74,141.93,13,90,0,1,Store,East,2021,4,5,114,2.5726122302071057,5.022168529909929,4.955333978311167,0.9242907221930934,-0.3816892202666588,0,1
2021-04-25,B,124.62,117.98,17,90,0,1,Store,South,2021,4,6,115,2.8390784635086144,4.825269107116076,4.770515118574929,0.9175836260593937,-0.39754281428255595,0,1
2021-04-26,B,144.3,146.57,14,90,0,0,Online,West,2021,4,0,116,2.6461747973841225,4.971894465779825,4.987503130039209,0.9106046300942163,-0.4132786077829042,0,1
2021-04-27,B,169.95,165.3,11,90,0,0,Store,North,2021,4,1,117,2.4069451083182885,5.135504276142125,5.107762004826979,0.9033558023246845,-0.4288919379124835,0,1
2021-04-28,B,141.04,140.4,12,90,0,0,Online,West,2021,4,2,118,2.4932054526026954,4.949043538089615,4.944495491591711,0.895839290734909,-0.4443781781046132,0,1
2021-04-29,B,133.83,144.41,21,90,1,0,Store,North,2021,4,3,119,3.0492730404820207,4.896570337808283,4.972656476138474,0.8880573226294932,-0.45973273945210397,0,1
2021-04-30,B,125.09,125.24,15,90,0,0,Online,East,2021,4,4,120,2.714694743820879,4.82903347822665,4.830231896458205,0.8800122039735357,-0.47495107206704995,0,1
2021-05-01,B,110.53,125.84,20,90,0,1,Online,North,2021,5,5,121,3.0007198150650303,4.705286977322864,4.835011258750022,0.8717063187093218,-0.49002866642905923,0,1
2021-05-02,B,149.09,143.02,13,90,0,1,Online,West,2021,5,6,122,2.5726122302071057,5.004550150440307,4.96298448062025,0.8631421280499114,-0.5049610547215204,0,1
2021-05-03,B,132.27,139.02,12,90,0,0,Online,East,2021,5,0,123,2.4932054526026954,4.884845288037956,4.93461780767234,0.854322169749827,-0.5197438121555155,0,1
2021-05-04,B,169.33,145.52,13,90,1,0,Online,West,2021,5,1,124,2.5726122302071057,5.131849473677249,4.980313534209867,0.8452490573530633,-0.5343725582809787,0,1
2021-05-05,B,131.28,124.22,17,90,1,0,Online,South,2021,5,2,125,2.8390784635086144,4.8773324467818355,4.822054187131157,0.835925479418637,-0.548842958284719,0,1
2021-05-06,B,187.77,163.43,10,90,0,0,Online,South,2021,5,3,126,2.312535423847214,5.23521780960472,5.096384764104966,0.8263541987239096,-0.5631507242749186,0,1
2021-05-07,B,143.39,146.67,13,90,0,0,Online,East,2021,5,4,127,2.5726122302071057,4.965568190726947,4.988185165258664,0.8165380514459161,-0.5772916165517272,0,1
2021-05-08,B,108.0,99.38,18,90,0,1,Online,East,2021,5,5,128,2.89591193827178,4.68213122712422,4.598950886174174,0.8064799463209448,-0.5912614448635781,0,1
2021-05-09,B,175.79,167.87,13,90,0,1,Online,East,2021,5,6,129,2.5726122302071057,5.1692901008118,5.123189870334323,0.7961828637826158,-0.6050560696488488,0,1
2021-05-10,B,117.49,124.77,14,90,1,0,Online,North,2021,5,0,130,2.6461747973841225,4.766353223579481,4.82647204242293,0.7856498550787145,-0.6186714032625031,0,1
2021-05-11,B,130.78,139.29,14,90,0,0,Online,West,2021,5,1,131,2.6461747973841225,4.87351652213313,4.93655809069994,0.7748840413670407,-0.6321034111873487,0,1
2021-05-12,B,188.25,208.0,8,90,0,0,Online,North,2021,5,2,132,2.0918640616783932,5.237770866680003,5.337538079701318,0.7638886127905428,-0.6453481132295501,0,1
2021-05-13,B,150.96,133.1,13,90,0,0,Online,West,2021,5,3,133,2.5726122302071057,5.0170149010602945,4.891100725401066,0.7526668275320084,-0.6584015846980488,0,1
2021-05-14,B,154.38,136.82,11,90,0,0,Online,West,2021,5,4,134,2.4069451083182885,5.039417095521708,4.918666193332852,0.741222010848596,-0.6712599575675313,0,1
2021-05-15,B,166.44,175.62,12,90,0,1,Store,North,2021,5,5,135,2.4932054526026954,5.11463488411474,5.168322569931849,0.7295575540864875,-0.6839194216246106,0,1
2021-05-16,B,186.68,176.91,12,90,0,1,Store,North,2021,5,6,136,2.4932054526026954,5.229395921081615,5.175641128680523,0.717676913675962,-0.6963762255968722,0,1
2021-05-17,B,176.05,153.87,9,90,0,0,Online,South,2021,5,0,137,2.2082744135228043,5.170768045601061,5.036108090069287,0.705583610107178,-0.7086266782644596,0,1
2021-05-18,B,145.27,130.56,15,90,1,0,Store,North,2021,5,1,138,2.714694743820879,4.978594079884792,4.871832891215797,0.6932812268869777,-0.7206671495538609,0,1
2021-05-19,B,168.61,150.93,9,90,0,0,Online,East,2021,5,2,139,2.2082744135228043,5.127588355789889,5.016816153171337,0.6807734094770161,-0.7324940716135789,0,1
2021-05-20,B,163.24,186.29,10,90,0,0,Online,South,2021,5,3,140,2.312535423847214,5.095221510537605,5.227304599301617,0.6680638642135335,-0.7441039398713607,0,1
2021-05-21,B,111.06,111.6,13,90,0,0,Store,East,2021,5,4,141,2.5726122302071057,4.710070595813461,4.71492104994721,0.6551563572090853,-0.7554933140726803,0,1
2021-05-22,B,131.57,115.23,13,90,0,1,Online,North,2021,5,5,142,2.5726122302071057,4.879539029377747,4.746930131025923,0.6420547132365637,-0.766658819300159,0,1
2021-05-23,B,160.63,143.69,11,90,0,1,Online,West,2021,5,6,143,2.4069451083182885,5.079103583569675,4.9676582012411155,0.6287628145958344,-0.777597146973627,0,1
2021-05-24,B,171.65,180.18,9,90,0,0,Online,North,2021,5,0,144,2.2082744135228043,5.145457519903701,5.193956351223294,0.6152845999633276,-0.7883050558305255,0,1
2021-05-25,B,175.68,193.76,10,90,0,0,Store,North,2021,5,1,145,2.312535423847214,5.168664158321166,5.266620279804782,0.6016240632249226,-0.7987793728863649,0,1
2021-05-26,B,136.93,142.65,12,90,0,0,Online,East,2021,5,2,146,2.4932054526026954,4.919469846344143,4.960394077659509,0.5877852522924732,-0.8090169943749473,0,1
2021-05-27,B,159.39,143.52,14,90,1,0,Online,South,2021,5,3,147,2.6461747973841225,5.071354029130961,4.966474398310486,0.5737722679043246,-0.8190148866680801,0,1
2021-05-28,B,116.97,120.62,16,90,1,0,Store,West,2021,5,4,148,2.7788192719904172,4.761917491662616,4.792645108022841,0.5595892624101765,-0.8287700871745037,0,1
2021-05-29,B,156.92,135.27,17,90,1,1,Online,South,2021,5,5,149,2.8390784635086144,5.055736121341352,4.907272781101103,0.545240438540651,-0.8382797052177743,0,1
2021-05-30,B,159.02,164.47,14,90,0,1,Store,South,2021,5,6,150,2.6461747973841225,5.069029980473338,5.102728182753178,0.5307300481619334,-0.8475409228928311,0,1
2021-05-31,B,183.91,203.43,10,90,0,0,Online,North,2021,5,0,151,2.312535423847214,5.21444650751089,5.315321965363861,0.5160623910158528,-0.8565509959010036,0,1
2021-06-01,B,110.2,98.24,12,90,0,0,Online,West,2021,6,1,152,2.4932054526026954,4.702296896718814,4.587413464398832,0.5012418134457758,-0.865307254363206,0,1
2021-06-02,B,160.46,175.53,13,90,1,0,Store,East,2021,6,2,153,2.5726122302071057,5.07804469032551,5.167809968468254,0.48627270710869,-0.8738071036110808,0,1
2021-06-03,B,145.3,138.19,10,90,0,0,Store,West,2021,6,3,154,2.312535423847214,4.9788005705762375,4.928629549815393,0.4711595076738638,-0.8820480249558537,0,1
2021-06-04,B,151.75,168.46,17,90,1,0,Online,West,2021,6,4,155,2.8390784635086144,5.022234429939608,5.1266983328872175,0.4559066935084588,-0.8900275764346767,0,1
2021-06-05,B,153.26,173.79,11,90,0,1,Online,South,2021,6,5,156,2.4069451083182885,5.032135825542258,5.157847673776643,0.440518784350495,-0.8977433935342337,0,1
2021-06-06,B,123.78,113.54,14,90,0,1,Store,South,2021,6,6,157,2.6461747973841225,4.818505796311215,4.73215519774258,0.42500033996955416,-0.9051931898913974,0,1
2021-06-07,B,173.62,162.43,10,90,0,0,Store,East,2021,6,0,158,2.312535423847214,5.156869002963662,5.0902471397313045,0.4093559588156213,-0.9123747579707273,0,1
2021-06-08,B,173.7,181.92,11,90,1,0,Store,North,2021,6,1,159,2.4069451083182885,5.157329673247059,5.203567030002226,0.39359027665646673,-0.9192859697186104,0,1
2021-06-09,B,177.15,179.68,11,90,0,0,Online,East,2021,6,2,160,2.4069451083182885,5.176996831311481,5.191177490990133,0.3777079652039649,-0.9259247771938498,0,1
2021-06-10,B,172.1,153.96,9,90,0,0,Online,North,2021,6,3,161,2.2082744135228043,5.1480757032174935,5.036692828415545,0.36171373072976765,-0.9322892131745133,0,1
2021-06-11,B,137.98,134.03,12,90,0,0,Online,South,2021,6,4,162,2.4932054526026954,4.927108747117963,4.898063655490406,0.3456123126707335,-0.9383773917408641,0,1
2021-06-12,B,141.3,151.83,18,90,1,1,Online,North,2021,6,5,163,2.89591193827178,4.950885289690482,5.022761473894096,0.3294084822245304,-0.9441875088341993,0,1
2021-06-13,B,164.06,174.1,13,90,1,1,Online,West,2021,6,6,164,2.5726122302071057,5.1002322145746035,5.159629846774143,0.3131070409358269,-0.9497178427914316,0,1
2021-06-14,B,152.0,140.84,11,90,0,0,Online,West,2021,6,0,165,2.4069451083182885,5.0238805208462765,4.947624494286852,0.29671281927349075,-0.9549667548552551,0,1
2021-06-15,B,177.36,189.89,9,90,0,0,Online,North,2021,6,1,166,2.2082744135228043,5.178181565308056,5.246444957137325,0.28023067519921585,-0.9599326896597447,0,1
2021-06-16,B,133.94,127.6,11,90,1,0,Online,West,2021,6,2,167,2.4069451083182885,4.8973919384819045,4.848900370910689,0.26366549272800704,-0.9646141756912435,0,1
2021-06-17,B,147.83,149.7,10,90,0,0,Store,West,2021,6,3,168,2.312535423847214,4.996062964912999,5.008633291425583,0.24702218048093552,-0.9690098257244062,0,1
2021-06-18,B,121.86,137.67,11,90,0,0,Store,North,2021,6,4,169,2.4069451083182885,4.802872844820349,4.924859517074852,0.23030567023061221,-0.9731183372332619,0,1
2021-06-19,B,130.03,110.58,14,90,0,1,Online,North,2021,6,5,170,2.6461747973841225,4.867765193063229,4.705739240909787,0.21352091543979612,-0.9769384927771817,0,1
2021-06-20,B,123.79,135.84,12,90,0,1,Online,North,2021,6,6,171,2.4932054526026954,4.818586581543719,4.9114777225630375,0.19667288979357647,-0.980469160361632,0,1
2021-06-21,B,159.97,178.92,10,90,0,0,Store,North,2021,6,0,172,2.312535423847214,5.0749862976535045,5.186938778564647,0.1797665857255624,-0.9837092937736097,0,1
2021-06-22,B,123.82,132.54,10,90,0,0,Online,South,2021,6,1,173,2.312535423847214,4.818828898091086,4.8868844866600805,0.16280701293851715,-0.986657932891657,0,1
2021-06-23,B,167.27,158.25,9,90,0,0,Online,West,2021,6,2,174,2.2082744135228043,5.119609273323918,5.064176061024286,0.1457991969198751,-0.9893142039703663,0,1
2021-06-24,B,153.83,158.56,10,90,0,0,Store,West,2021,6,3,175,2.312535423847214,5.03584809656766,5.066133070581678,0.12874817745258132,-0.99167731989929,0,1
2021-06-25,B,121.29,119.42,10,90,0,0,Store,West,2021,6,4,176,2.312535423847214,4.798184372320789,4.782646691118846,0.11165900712169512,-0.993746580436178,0,1
2021-06-26,B,137.38,146.84,12,90,0,1,Store,West,2021,6,5,177,2.4932054526026954,4.922750808785736,4.989343558628634,0.09453674981719912,-0.9955213724144752,0,1
2021-06-27,B,147.05,164.75,12,90,0,1,Online,North,2021,6,6,178,2.4932054526026954,4.990772665000004,5.104429173382616,0.07738647923346301,-0.9970011699250151,0,1
2021-06-28,B,170.16,187.41,11,90,1,0,Store,South,2021,6,0,179,2.4069451083182885,5.136739170891982,5.233298730173588,0.06021327736579302,-0.9981855344718586,0,1
2021-06-29,B,138.94,119.1,10,90,0,0,Online,South,2021,6,1,180,2.312535423847214,4.934042185264735,4.779963476361254,0.04302223300453059,-0.99907411510223,0,1
2021-06-30,B,126.23,135.92,10,90,0,0,Online,North,2021,6,2,181,2.312535423847214,4.838105639764771,4.912066477363677,0.02581844022713308,-0.9996666485105112,0,1
2021-07-01,B,167.25,145.79,7,90,0,0,Online,North,2021,7,3,182,1.9600947840472698,5.119489699008338,4.982167230116731,0.008606996888688698,-0.9999629591162655,0,1
2021-07-02,B,160.2,145.29,9,90,0,0,Store,North,2021,7,4,183,2.2082744135228043,5.076423034634259,4.978731745083247,-0.008606996888688009,-0.9999629591162655,0,1
2021-07-03,B,142.9,148.11,11,90,0,1,Online,North,2021,7,5,184,2.4069451083182885,4.9621450849358215,4.997955240938881,-0.02581844022713239,-0.9996666485105112,0,1
2021-07-04,B,148.2,158.27,13,90,1,1,Online,North,2021,7,6,185,2.5726122302071057,4.998562712861986,5.0643024353451915,-0.04302223300453034,-0.99907411510223,0,1
2021-07-05,B,156.82,174.84,10,90,0,0,Online,South,2021,7,0,186,2.312535423847214,5.055098650802776,5.163871269995114,-0.060213277365792774,-0.9981855344718586,0,1
2021-07-06,B,150.78,141.35,9,90,0,0,Store,East,2021,7,1,187,2.2082744135228043,5.015821820783556,4.9512390841395995,-0.07738647923346322,-0.9970011699250151,0,1
2021-07-07,B,196.42,195.38,8,90,0,0,Store,East,2021,7,2,188,2.0918640616783932,5.280255223729628,5.2749463802247964,-0.09453674981719933,-0.9955213724144752,0,1
2021-07-08,B,158.13,168.52,7,90,0,0,Store,East,2021,7,3,189,1.9600947840472698,5.063417479535225,5.127054437110816,-0.11165900712169444,-0.9937465804361781,0,1
2021-07-09,B,161.53,182.66,7,90,0,0,Online,South,2021,7,4,190,1.9600947840472698,5.084690883925667,5.207626501263533,-0.12874817745258066,-0.99167731989929,0,1
2021-07-10,B,144.27,153.42,11,90,0,1,Online,East,2021,7,5,191,2.4069451083182885,4.971686543957681,5.03317925853115,-0.14579919691987442,-0.9893142039703664,0,1
2021-07-11,B,141.11,121.26,10,90,0,1,Store,East,2021,7,6,192,2.312535423847214,4.949539728069669,4.797937000643585,-0.16280701293851646,-0.9866579328916572,0,1
2021-07-12,B,136.38,127.36,7,90,0,0,Online,East,2021,7,0,193,1.9600947840472698,4.9154451070925065,4.847017722096073,-0.17976658572556214,-0.9837092937736098,0,1
2021-07-13,B,155.29,157.8,10,90,1,0,Online,South,2021,7,1,194,2.312535423847214,5.045294336581097,5.061328408411774,-0.19667288979357622,-0.9804691603616321,0,1
2021-07-14,B,164.92,142.9,8,90,0,0,Store,East,2021,7,2,195,2.0918640616783932,5.105460507838699,4.9621450849358215,-0.2135209154397959,-0.9769384927771817,0,1
2021-07-15,B,182.93,163.23,9,90,0,0,Store,West,2021,7,3,196,2.2082744135228043,5.209103566003207,5.095160249165944,-0.23030567023061196,-0.973118337233262,0,1
2021-07-16,B,153.52,154.28,9,90,0,0,Online,West,2021,7,4,197,2.2082744135228043,5.033830851699444,5.038769133340027,-0.24702218048093527,-0.9690098257244063,0,1
2021-07-17,B,127.33,136.34,11,90,0,1,Online,North,2021,7,5,198,2.4069451083182885,4.8467821415853445,4.915151765934639,-0.2636654927280072,-0.9646141756912435,0,1
2021-07-18,B,138.08,117.94,12,90,1,1,Online,West,2021,7,6,199,2.4932054526026954,4.9278332273351175,4.770176020572358,-0.2802306751992161,-0.9599326896597445,0,1
2021-07-19,B,134.76,131.74,9,90,0,0,Store,South,2021,7,0,200,2.2082744135228043,4.903495418538352,4.880830283212547,-0.2967128192734901,-0.9549667548552553,0,1
2021-07-20,B,152.06,154.77,8,90,0,0,Online,North,2021,7,1,201,2.0918640616783932,5.0242751798002905,5.041940143924668,-0.3131070409358267,-0.9497178427914317,0,1
2021-07-21,B,180.61,189.24,6,90,0,0,Online,East,2021,7,2,202,1.8082887711792655,5.196340010435573,5.2430160507629475,-0.3294084822245302,-0.9441875088341994,0,1
2021-07-22,B,158.71,151.03,8,90,0,0,Store,North,2021,7,3,203,2.0918640616783932,5.067078637519467,5.01747849257825,-0.3456123126707333,-0.9383773917408642,0,1
2021-07-23,B,126.57,108.56,7,90,0,0,Store,East,2021,7,4,204,1.9600947840472698,4.840795514804357,4.687303015526614,-0.3617137307297674,-0.9322892131745134,0,1
2021-07-24,B,164.51,171.05,8,90,0,1,Store,East,2021,7,5,205,2.0918640616783932,5.102971358631329,5.141955911423614,-0.37770796520396466,-0.9259247771938499,0,1
2021-07-25,B,149.67,142.57,12,90,1,1,Online,North,2021,7,6,206,2.4932054526026954,5.008432870541055,4.95983310716587,-0.39359027665646645,-0.9192859697186105,0,1
2021-07-26,B,120.57,137.02,9,90,0,0,Store,North,2021,7,0,207,2.2082744135228043,4.79223049712922,4.920126900574753,-0.4093559588156211,-0.9123747579707274,0,1
2021-07-27,B,140.22,130.27,7,90,0,0,Online,North,2021,7,1,208,1.9600947840472698,4.943212617778822,4.8696092197094725,-0.42500033996955394,-0.9051931898913975,0,1
2021-07-28,B,125.66,121.18,12,90,1,0,Online,South,2021,7,2,209,2.4932054526026954,4.833579846974801,4.797277043516843,-0.4405187843504952,-0.8977433935342336,0,1
2021-07-29,B,146.83,134.93,7,90,0,0,Online,North,2021,7,3,210,1.9600947840472698,4.989275454974846,4.904756125442696,-0.455906693508459,-0.8900275764346766,0,1
2021-07-30,B,138.59,144.04,10,90,1,0,Online,East,2021,7,4,211,2.312535423847214,4.931519934080711,4.970091038780675,-0.47115950767386394,-0.8820480249558535,0,1
2021-07-31,B,142.73,158.0,13,90,1,1,Online,North,2021,7,5,212,2.5726122302071057,4.960954733641677,5.062595033026967,-0.4862727071086902,-0.8738071036110807,0,1
2021-08-01,B,120.45,106.92,10,90,1,1,Online,North,2021,8,6,213,2.312535423847214,4.79123472906088,4.672080891270718,-0.5012418134457756,-0.8653072543632061,0,1
2021-08-02,B,146.86,151.52,7,90,0,0,Online,South,2021,8,0,214,1.9600947840472698,4.989479752023464,5.020717629437768,-0.5160623910158526,-0.8565509959010037,0,1
2021-08-03,B,120.96,129.31,8,90,0,0,Store,North,2021,8,1,215,2.0918640616783932,4.795459912431223,4.86221262230776,-0.5307300481619331,-0.8475409228928312,0,1
2021-08-04,B,172.46,172.15,7,90,0,0,Online,South,2021,8,2,216,1.9600947840472698,5.150165325524179,5.148366189784533,-0.5452404385406507,-0.8382797052177745,0,1
2021-08-05,B,124.44,137.01,9,90,0,0,Online,South,2021,8,3,217,2.2082744135228043,4.8238236720294365,4.920053915865017,-0.5595892624101763,-0.828770087174504,0,1
2021-08-06,B,121.38,108.14,8,90,0,0,Online,West,2021,8,4,218,2.0918640616783932,4.798926120407709,4.683426683953859,-0.5737722679043243,-0.8190148866680802,0,1
2021-08-07,B,150.81,146.39,8,90,0,1,Online,South,2021,8,5,219,2.0918640616783932,5.016020766372594,4.98627429318332,-0.5877852522924734,-0.8090169943749472,0,1
2021-08-08,B,124.72,106.33,10,90,1,1,Online,North,2021,8,6,220,2.312535423847214,4.826071224749521,4.666547465662995,-0.6016240632249227,-0.7987793728863648,0,1
2021-08-09,B,170.58,189.58,6,90,0,0,Online,South,2021,8,0,221,1.8082887711792655,5.139204394890964,5.244811099024895,-0.6152845999633277,-0.7883050558305253,0,1
2021-08-10,B,142.01,123.01,7,90,0,0,Online,West,2021,8,1,222,1.9600947840472698,4.955897477656921,4.8122656528806935,-0.6287628145958345,-0.7775971469736268,0,1
2021-08-11,B,144.81,154.88,9,90,0,0,Store,North,2021,8,2,223,2.2082744135228043,4.975422538340511,5.042650623528266,-0.6420547132365636,-0.7666588193001592,0,1
2021-08-12,B,128.28,128.42,9,90,1,0,Online,South,2021,8,3,224,2.2082744135228043,4.854215374824954,4.855306142365902,-0.655156357209085,-0.7554933140726804,0,1
2021-08-13,B,169.21,193.71,6,90,0,0,Online,East,2021,8,4,225,1.8082887711792655,5.131140547080535,5.266362195306486,-0.6680638642135333,-0.7441039398713608,0,1
2021-08-14,B,121.48,113.07,12,90,1,1,Online,East,2021,8,5,226,2.4932054526026954,4.799749640177548,4.728007095947154,-0.6807734094770159,-0.7324940716135792,0,1
2021-08-15,B,127.67,139.59,8,90,0,1,Store,West,2021,8,6,227,2.0918640616783932,4.84944880983226,4.938709554524666,-0.6932812268869771,-0.7206671495538615,0,1
2021-08-16,B,170.4,147.36,5,90,0,0,Online,North,2021,8,0,228,1.62924053973028,5.138148614395216,4.992878572506997,-0.7055836101071774,-0.7086266782644601,0,1
2021-08-17,B,123.49,128.81,6,90,0,0,Online,East,2021,8,1,229,1.8082887711792655,4.816160181129731,4.858338450407997,-0.7176769136759615,-0.6963762255968726,0,1
2021-08-18,B,137.9,151.21,8,90,0,0,Online,West,2021,8,2,230,2.0918640616783932,4.926528784799256,5.0186695991245776,-0.7295575540864876,-0.6839194216246105,0,1
2021-08-19,B,148.75,131.48,6,90,0,0,Store,East,2021,8,3,231,1.8082887711792655,5.002267044425739,4.8788547487960185,-0.7412220108485957,-0.6712599575675315,0,1
2021-08-20,B,108.0,112.57,10,90,1,0,Online,North,2021,8,4,232,2.312535423847214,4.68213122712422,4.7235752503667126,-0.7526668275320083,-0.6584015846980489,0,1
2021-08-21,B,125.46,113.09,10,90,0,1,Store,South,2021,8,5,233,2.312535423847214,4.831986982668597,4.728183961883236,-0.7638886127905429,-0.64534811322955,0,1
2021-08-22,B,151.47,159.16,10,90,1,1,Online,South,2021,8,6,234,2.312535423847214,5.020387585538934,5.069909985558728,-0.7748840413670406,-0.6321034111873488,0,1
2021-08-23,B,159.59,148.16,9,90,1,0,Store,West,2021,8,0,235,2.2082744135228043,5.072608026411095,4.998292770897869,-0.7856498550787144,-0.6186714032625032,0,1
2021-08-24,B,148.44,166.04,8,90,1,0,Store,South,2021,8,1,236,2.0918640616783932,5.0001808361923965,5.112228723184838,-0.7961828637826154,-0.6050560696488494,0,1
2021-08-25,B,145.21,141.33,7,90,0,0,Online,South,2021,8,2,237,1.9600947840472698,4.978180970542646,4.9510975813800595,-0.8064799463209447,-0.5912614448635782,0,1
2021-08-26,B,138.12,145.92,7,90,0,0,Online,South,2021,8,3,238,1.9600947840472698,4.928122872521792,4.983058526326021,-0.8165380514459157,-0.5772916165517278,0,1
2021-08-27,B,168.36,158.15,6,90,0,0,Online,South,2021,8,4,239,1.8082887711792655,5.12610454390237,5.063543949751658,-0.8263541987239095,-0.5631507242749187,0,1
2021-08-28,B,134.92,127.43,7,90,0,1,Online,West,2021,8,5,240,1.9600947840472698,4.904682010193449,4.847567194224188,-0.8359254794186365,-0.5488429582847199,0,1
2021-08-29,B,132.39,140.55,7,90,0,1,Online,East,2021,8,6,241,1.9600947840472698,4.885752111949565,4.945563297352541,-0.8452490573530634,-0.5343725582809785,0,1
2021-08-30,B,111.05,119.6,9,90,0,0,Store,East,2021,8,0,242,2.2082744135228043,4.709980550340436,4.784152841516532,-0.8543221697498269,-0.5197438121555157,0,1
2021-08-31,B,153.22,168.99,6,90,0,0,Online,West,2021,8,1,243,1.8082887711792655,5.031874797088675,5.129839541574732,-0.8631421280499115,-0.5049610547215202,0,1
2021-09-01,B,146.96,152.15,7,90,0,0,Store,South,2021,9,2,244,1.9600947840472698,4.9901604409068705,5.02486687634298,-0.8717063187093218,-0.4900286664290594,0,1
2021-09-02,B,134.3,137.89,6,90,0,0,Store,South,2021,9,3,245,1.8082887711792655,4.900076103529192,4.92645626585365,-0.8800122039735356,-0.4749510720670502,0,1
2021-09-03,B,139.66,140.69,9,90,1,0,Online,South,2021,9,4,246,2.2082744135228043,4.939210897417889,4.946558888389122,-0.888057322629493,-0.4597327394521046,0,1
2021-09-04,B,174.85,194.49,8,90,1,1,Store,West,2021,9,5,247,2.0918640616783932,5.163928463509385,5.270380747855014,-0.8958392907349089,-0.44437817810461344,0,1
2021-09-05,B,141.96,162.11,11,90,1,1,Online,South,2021,9,6,248,2.4069451083182885,4.955545327778296,5.088275117153482,-0.9033558023246842,-0.4288919379124841,0,1
2021-09-06,B,165.48,154.13,6,90,0,0,Store,South,2021,9,0,249,1.8082887711792655,5.108850341593211,5.037796402158628,-0.9106046300942162,-0.41327860778290443,0,1
2021-09-07,B,147.13,167.44,6,90,0,0,Store,North,2021,9,1,250,1.8082887711792655,4.991316549709856,5.120625078137745,-0.9175836260593934,-0.3975428142825566,0,1
2021-09-08,B,127.93,133.41,7,90,0,0,Store,West,2021,9,2,251,1.9600947840472698,4.851483239328943,4.893427093190715,-0.9242907221930934,-0.3816892202666586,0,1
2021-09-09,B,149.73,142.25,6,90,0,0,Online,South,2021,9,3,252,1.8082887711792655,5.008833672149628,4.95758607300644,-0.9307239310379793,-0.3657225234972692,0,1
2021-09-10,B,157.92,137.51,5,90,0,0,Online,South,2021,9,4,253,1.62924053973028,5.062088575685172,4.923696641734853,-0.9368813462954315,-0.34964745525122826,0,1
2021-09-11,B,177.81,170.86,7,90,0,1,Online,North,2021,9,5,254,1.9600947840472698,5.180715564467857,5.140844507723473,-0.9427611433904206,-0.33346877891818705,0,1
2021-09-12,B,164.55,183.95,7,90,0,1,Online,East,2021,9,6,255,1.9600947840472698,5.103214475389349,5.214663981550784,-0.9483615800121716,-0.31719128858910595,0,1
2021-09-13,B,191.97,219.39,5,90,0,0,Store,West,2021,9,0,256,1.62924053973028,5.257339109819479,5.3908509679509695,-0.9536809966304455,-0.300819807635668,0,1
2021-09-14,B,179.99,159.12,5,90,0,0,Store,West,2021,9,1,257,1.62924053973028,5.192901293791388,5.069658634545717,-0.9587178169872964,-0.2843591872810036,0,1
2021-09-15,B,139.7,152.32,6,90,0,0,Online,South,2021,9,2,258,1.8082887711792655,4.939497266262916,5.025983571043055,-0.9634705485641486,-0.26781430516217486,0,1
2021-09-16,B,160.03,168.9,5,90,0,0,Store,South,2021,9,3,259,1.62924053973028,5.075361297657899,5.129306823813755,-0.9679377830240642,-0.25119006388481957,0,1
2021-09-17,B,130.59,121.99,8,90,0,0,Online,West,2021,9,4,260,2.0918640616783932,4.872062644232316,4.803939074160646,-0.9721181966290612,-0.23449138957041052,0,1
2021-09-18,B,176.42,202.32,7,90,0,1,Store,West,2021,9,5,261,1.9600947840472698,5.172867515830621,5.30985060236171,-0.9760105506323682,-0.21772323039653224,0,1
2021-09-19,B,142.69,154.6,8,90,0,1,Store,North,2021,9,6,262,2.0918640616783932,4.960674444942484,5.040841136153322,-0.9796136916454901,-0.20089055513063528,0,1
2021-09-20,B,141.9,133.84,6,90,0,0,Store,East,2021,9,0,263,1.8082887711792655,4.955122584165997,4.896645056678569,-0.9829265519799822,-0.18399835165767986,0,1
2021-09-21,B,136.96,145.33,6,90,0,0,Online,North,2021,9,1,264,1.8082887711792655,4.919688912393432,4.979007018638079,-0.9859481499638303,-0.1670516255021195,0,1
2021-09-22,B,137.25,129.23,7,90,0,0,Online,East,2021,9,2,265,1.9600947840472698,4.92180408038964,4.8615937625371,-0.9886775902323404,-0.15005539834465262,0,1
2021-09-23,B,176.05,155.09,7,90,1,0,Store,West,2021,9,3,266,1.9600947840472698,5.170768045601061,5.044005593571361,-0.9911140639934546,-0.13301470653419636,0,1
2021-09-24,B,171.96,152.67,5,90,0,0,Online,East,2021,9,4,267,1.62924053973028,5.147261891628081,5.028278729268851,-0.9932568492674143,-0.11593459959550066,0,1
2021-09-25,B,145.68,144.84,6,90,0,1,Online,East,2021,9,5,268,1.8082887711792655,4.981412435419353,4.975629684897441,-0.9951053111006974,-0.09882013873287211,0,1
2021-09-26,B,147.54,169.09,7,90,0,1,Store,South,2021,9,6,269,1.9600947840472698,4.9940993254561565,5.130431117550338,-0.99665890175417,-0.08167639533042288,0,1
2021-09-27,B,112.01,116.65,7,90,0,0,Online,East,2021,9,0,270,1.9600947840472698,4.718588153023648,4.759177998467439,-0.9979171608653922,-0.06450844944931625,0,1
2021-09-28,B,141.96,120.74,7,90,0,0,Online,West,2021,9,1,271,1.9600947840472698,4.955545327778296,4.79363947336828,-0.9988797155850335,-0.04732138832243232,0,1
2021-09-29,B,141.21,159.68,6,90,0,0,Online,West,2021,9,2,272,1.8082887711792655,4.9502481440811605,5.073171812563154,-0.9995462806873573,-0.03012030484690836,0,1
2021-09-30,B,158.21,140.19,5,90,0,0,Online,West,2021,9,3,273,1.62924053973028,5.063923264460972,4.942998645380444,-0.9999166586547379,-0.012910296075008843,0,1
2021-10-01,B,126.36,129.29,8,90,0,0,Online,East,2021,10,4,274,2.0918640616783932,4.839134975933884,4.8620579432664615,-0.9999907397361901,0.004303538296243821,0,1
2021-10-02,B,178.18,174.72,7,90,1,1,Online,East,2021,10,5,275,1.9600947840472698,5.182794275292498,5.16318469255654,-0.9997685019798909,0.021516097436222233,0,1
2021-10-03,B,143.47,154.69,7,90,0,1,Online,North,2021,10,6,276,1.9600947840472698,4.966125954110298,5.041423114248573,-0.9992500112396835,0.03872228089217399,0,1
2021-10-04,B,133.72,141.29,8,90,1,0,Store,North,2021,10,0,277,2.0918640616783932,4.895748061551898,4.950814515777717,-0.9984354211555643,0.05591699010060302,0,1
2021-10-05,B,145.12,127.6,8,90,1,0,Online,East,2021,10,1,278,2.0918640616783932,4.977560986366827,4.848900370910689,-0.9973249731081555,0.07309512989807776,0,1
2021-10-06,B,157.46,169.81,6,90,0,0,Online,West,2021,10,2,279,1.8082887711792655,5.059171457756321,5.13468016495821,-0.9959189961471792,0.0902516100310407,0,1
2021-10-07,B,178.14,182.98,5,90,0,0,Online,East,2021,10,3,280,1.62924053973028,5.182569758003724,5.209376857251389,-0.994217906893952,0.10738134666416306,0,1
2021-10-08,B,173.7,185.71,5,90,0,0,Store,East,2021,10,4,281,1.62924053973028,5.157329673247059,5.224186317204961,-0.9922222094179324,0.12447926388678869,0,1
2021-10-09,B,158.77,178.45,6,90,0,1,Store,West,2021,10,5,282,1.8082887711792655,5.06745661408942,5.184308449936169,-0.989932495087353,0.141540295217043,0,1
2021-10-10,B,131.99,121.98,10,90,1,1,Online,North,2021,10,6,283,2.312535423847214,4.882726162140863,4.8038570968683105,-0.9873494423939864,0.15855938510313475,0,1
2021-10-11,B,150.99,164.28,6,90,0,0,Online,South,2021,10,0,284,1.8082887711792655,5.017213609456379,5.101572289088358,-0.9844738167520923,0.17553149042142777,0,1
2021-10-12,B,167.89,173.17,5,90,0,0,Store,West,2021,10,1,285,1.62924053973028,5.123309003048306,5.15427377096406,-0.9813064702716093,0.19245158197082995,0,1
2021-10-13,B,134.77,117.37,6,90,0,0,Online,West,2021,10,2,286,1.8082887711792655,4.903569621781068,4.765331338112032,-0.9778483415056568,0.20931464596304888,0,1
2021-10-14,B,156.22,141.19,5,90,0,0,Online,East,2021,10,3,287,1.62924053973028,5.051265270182151,4.950106501021434,-0.9741004551724206,0.22611568550828803,0,1
2021-10-15,B,167.91,185.4,5,90,0,0,Online,North,2021,10,4,288,1.62924053973028,5.1234281215713775,5.2225156531317545,-0.970063921851507,0.2428497220959358,0,1
2021-10-16,B,147.52,144.73,8,90,0,1,Online,North,2021,10,5,289,2.0918640616783932,4.993963759808284,4.974869937649514,-0.965739937654855,0.25951179706979943,0,1
2021-10-17,B,161.58,167.28,7,90,0,1,Online,North,2021,10,6,290,1.9600947840472698,5.085000376051562,5.1196690551203785,-0.9611297838723007,0.27609697309746883,0,1
2021-10-18,B,149.65,150.27,6,90,0,0,Online,North,2021,10,0,291,1.8082887711792655,5.008299234298708,5.012433676037635,-0.9562348265919058,0.2926003356333479,0,1
2021-10-19,B,139.42,132.64,6,90,0,0,Online,South,2021,10,1,292,1.8082887711792655,4.937490960058253,4.887638691386985,-0.9510565162951536,0.30901699437494723,0,1
2021-10-20,B,146.4,127.9,6,90,0,0,Online,West,2021,10,2,293,1.8082887711792655,4.986342601527212,4.851248708584797,-0.9455963874271428,0.3253420847119795,0,1
2021-10-21,B,157.95,144.02,5,90,0,0,Online,East,2021,10,3,294,1.62924053973028,5.062278527248094,4.969952178820721,-0.9398560579418953,0.341570769167856,0,1
2021-10-22,B,174.18,177.24,8,90,1,0,Online,South,2021,10,4,295,2.0918640616783932,5.160089247264594,5.177504746331289,-0.9338372288229252,0.35769823883312546,0,1
2021-10-23,B,174.36,170.79,7,90,0,1,Online,West,2021,10,5,296,1.9600947840472698,5.1611221273701915,5.1404347316311005,-0.9275416835791965,0.3737197147904692,0,1
2021-10-24,B,140.15,144.69,7,90,0,1,Online,North,2021,10,6,297,1.9600947840472698,4.942713277610797,4.97459352274899,-0.9209712877166346,0.38963044953078774,0,1
2021-10-25,B,147.34,168.03,6,90,0,0,Store,West,2021,10,0,298,1.8082887711792655,4.9927428412546675,5.124142534889851,-0.9141279881853337,0.4054257283599973,0,1
2021-10-26,B,160.41,176.49,6,90,0,0,Store,West,2021,10,1,299,1.8082887711792655,5.07773303762875,5.1732642175444745,-0.9070138128026362,0.42110087079608916,0,1
2021-10-27,B,126.98,128.16,6,90,0,0,Online,West,2021,10,2,300,1.8082887711792655,4.844029593742304,4.853279483320049,-0.8996308696522434,0.4366512319560638,0,1
2021-10-28,B,141.81,120.97,7,90,0,0,Store,West,2021,10,3,301,1.9600947840472698,4.954488133473255,4.795542580971757,-0.8919813464595487,0.45207220393230374,0,1
2021-10-29,B,178.62,184.96,5,90,0,0,Online,West,2021,10,4,302,1.62924053973028,5.18526064425574,5.220139585484013,-0.8840675099433637,0.46735921715800205,0,1
2021-10-30,B,168.04,169.96,8,90,0,1,Online,East,2021,10,5,303,2.0918640616783932,5.124202046301181,5.135563115246611,-0.8758917051442433,0.48250774176121763,0,1
2021-10-31,B,158.03,154.4,6,90,0,1,Online,East,2021,10,6,304,1.8082887711792655,5.062784888421012,5.039546637590676,-0.867456354729597,0.4975132889071803,0,1
2021-11-01,B,187.79,199.23,6,90,0,0,Online,South,2021,11,0,305,1.8082887711792655,5.2353243172201145,5.294459936220732,-0.858763958275803,0.5123714121284235,0,1
2021-11-02,B,134.26,152.75,7,90,0,0,Store,East,2021,11,1,306,1.9600947840472698,4.899778218510606,5.028802598051705,-0.8498170915275277,0.5270777086423724,0,1
2021-11-03,B,112.73,105.14,11,90,1,0,Online,South,2021,11,2,307,2.4069451083182885,4.72499557905644,4.655292795391302,-0.8406184056344783,0.5416278206559811,0,1
2021-11-04,B,152.72,154.48,7,90,0,0,Online,East,2021,11,3,308,1.9600947840472698,5.028606179417492,5.040064638120259,-0.8311706263658079,0.5560174366570446,0,1
2021-11-05,B,135.93,115.61,7,90,0,0,Online,West,2021,11,4,309,1.9600947840472698,4.912140047347156,4.75022245768723,-0.8214765533024145,0.5702422926917867,0,1
2021-11-06,B,136.91,121.86,6,90,0,1,Store,West,2021,11,5,310,1.8082887711792655,4.9193237756456645,4.802872844820349,-0.8115390590073611,0.5842981736283683,0,1
2021-11-07,B,160.25,154.4,7,90,0,1,Store,South,2021,11,6,311,1.9600947840472698,5.076735095800779,5.039546637590676,-0.8013610881746769,0.5981809144059159,0,1
2021-11-08,B,135.88,155.68,7,90,0,0,Online,East,2021,11,0,312,1.9600947840472698,4.911772143292383,5.047802618437695,-0.7909456567567774,0.6118864012687242,0,1
2021-11-09,B,149.58,145.99,5,90,0,0,Online,East,2021,11,1,313,1.62924053973028,5.007831366763521,4.983538126211888,-0.780295851070776,0.6254105729852457,0,1
2021-11-10,B,128.02,119.19,9,90,0,0,Store,North,2021,11,2,314,2.2082744135228043,4.852186501713858,4.780718858494617,-0.7694148268839381,0.6387494220515268,0,1
2021-11-11,B,161.25,149.71,7,90,1,0,Online,North,2021,11,3,315,1.9600947840472698,5.082955955675882,5.008700089461746,-0.7583058084785625,0.6518989958787125,0,1
2021-11-12,B,163.18,144.33,7,90,0,0,Online,North,2021,11,4,316,1.9600947840472698,5.094853886000654,4.972102344379472,-0.7469720876965551,0.6648553979642867,0,1
2021-11-13,B,154.44,140.44,10,90,1,1,Online,North,2021,11,5,317,2.312535423847214,5.039805671396036,4.944780351300231,-0.7354170229639858,0.6776147890466887,0,1
2021-11-14,B,166.66,191.44,7,90,0,1,Online,East,2021,11,6,318,1.9600947840472698,5.115955808954061,5.254574443600118,-0.7236440382959123,0.690173388242972,0,1
2021-11-15,B,158.4,139.18,6,90,0,0,Online,West,2021,11,0,319,1.8082887711792655,5.0651234793803255,4.935768059416704,-0.7116566222817751,0.7025274741691566,0,1
2021-11-16,B,152.13,161.48,7,90,0,0,Store,North,2021,11,1,320,1.9600947840472698,5.0247354184750375,5.08438129598474,-0.6994583270516471,0.7146733860429608,0,1
2021-11-17,B,143.16,142.73,6,90,0,0,Online,West,2021,11,2,321,1.8082887711792655,4.963962885897825,4.960954733641677,-0.6870527672236675,0.726607524768565,0,1
2021-11-18,B,168.72,148.04,7,90,0,0,Online,West,2021,11,3,322,1.9600947840472698,5.1282405361705194,4.997482507517955,-0.6744436188329457,0.7383263540031063,0,1
2021-11-19,B,141.9,134.79,8,90,0,0,Online,North,2021,11,4,323,2.0918640616783932,4.955122584165997,4.903718011750178,-0.661634618242279,0.749826401204568,0,1
2021-11-20,B,135.41,127.66,7,90,0,1,Store,North,2021,11,5,324,1.9600947840472698,4.908307212994733,4.849370479827911,-0.6486295610349818,0.7611042586607742,0,1
2021-11-21,B,170.32,150.71,8,90,0,1,Store,North,2021,11,6,325,2.0918640616783932,5.137679020585224,5.015357460431585,-0.6354323008901775,0.7721565844991641,0,1
2021-11-22,B,160.41,170.65,6,90,0,0,Online,West,2021,11,0,326,1.8082887711792655,5.07773303762875,5.139614675352716,-0.622046748440868,0.7829801036770625,0,1
2021-11-23,B,139.99,130.06,5,90,0,0,Online,West,2021,11,1,327,1.62924053973028,4.941570991486734,4.867995882441006,-0.6084768701151264,0.7935716089521472,0,1
2021-11-24,B,126.81,124.01,8,90,0,0,Online,North,2021,11,2,328,2.0918640616783932,4.842689903246808,4.820362207514681,-0.594726686960764,0.8039279618328208,0,1
2021-11-25,B,108.0,111.95,12,90,1,0,Online,East,2021,11,3,329,2.4932054526026954,4.68213122712422,4.718052343044764,-0.5808002734538014,0.8140460935082175,0,1
2021-11-26,B,178.69,180.9,7,90,0,0,Online,West,2021,11,4,330,1.9600947840472698,5.18565246089057,5.19794439240125,-0.5667017562911184,0.8239230057575536,0,1
2021-11-27,B,170.78,151.7,10,90,1,1,Online,West,2021,11,5,331,2.312535423847214,5.14037617847946,5.021904886354487,-0.5524353131676203,0.8335557718385695,0,1
2021-11-28,B,178.25,171.49,7,90,0,1,Online,East,2021,11,6,332,1.9600947840472698,5.183187059294405,5.1445249558680555,-0.5380051715382992,0.8429415373547832,0,1
2021-11-29,B,147.68,128.45,7,90,0,0,Store,West,2021,11,0,333,1.9600947840472698,4.995047770754542,4.855539723555893,-0.5234156073655503,0.8520775211013093,0,1
2021-11-30,B,152.95,165.43,9,90,1,0,Online,East,2021,11,1,334,2.2082744135228043,5.030111070596912,5.108548144618925,-0.5086709438521042,0.8609610158889945,0,1
2021-12-01,B,136.63,119.38,8,90,0,0,Online,East,2021,12,2,335,2.0918640616783932,4.917276542350397,4.782311682740504,-0.4937755501599774,0.8695893893466109,0,1
2021-12-02,B,135.73,131.16,7,90,0,0,Online,East,2021,12,3,336,1.9600947840472698,4.910667618309874,4.876417951976448,-0.4787338401157883,0.8779600847008883,0,1
2021-12-03,B,173.75,163.01,6,90,0,0,Online,East,2021,12,4,337,1.8082887711792655,5.157617484444901,5.0938115486181985,-0.4635502709028512,0.8860706215341377,0,1
2021-12-04,B,144.71,143.13,9,90,0,1,Store,North,2021,12,5,338,2.2082744135228043,4.974731739749902,4.963753308196125,-0.4482293417404106,0.893918596519257,0,1
2021-12-05,B,153.61,144.84,10,90,0,1,Store,West,2021,12,6,339,2.312535423847214,5.0344169227610545,4.975629684897441,-0.4327755925504317,0.9015016841318838,0,1
2021-12-06,B,154.8,156.79,8,90,0,0,Online,South,2021,12,0,340,2.0918640616783932,5.042133961155627,5.054907330372359,-0.41719360261231697,0.9088176373395028,0,1
2021-12-07,B,183.03,200.78,8,90,1,0,Online,South,2021,12,1,341,2.0918640616783932,5.209650073831871,5.302209781263381,-0.4014879892059737,0.9158642882672868,0,1
2021-12-08,B,128.06,133.45,12,90,1,0,Online,North,2021,12,2,342,2.4932054526026954,4.852498904090656,4.8937268758505335,-0.38566340624360745,0.9226395488404875,0,1
2021-12-09,B,184.19,206.45,6,90,0,0,Store,South,2021,12,3,343,1.8082887711792655,5.215967833531011,5.330058252332099,-0.3697245428906732,0.9291414114031743,0,1
2021-12-10,B,150.21,165.91,7,90,0,0,Store,North,2021,12,4,344,1.9600947840472698,5.012034315009963,5.111445472655264,-0.3536761221763721,0.935367949313148,0,1
2021-12-11,B,124.83,122.23,9,90,0,1,Online,North,2021,12,5,345,2.2082744135228043,4.826952811662959,4.805904515789171,-0.33752289959411347,0.941317317512847,0,1
2021-12-12,B,148.23,138.85,11,90,1,1,Store,South,2021,12,6,346,2.4069451083182885,4.998765121525769,4.933394213752808,-0.32126966169236515,0.946987753076075,0,1
2021-12-13,B,170.23,162.99,7,90,0,0,Online,West,2021,12,0,347,1.9600947840472698,5.137150463826479,5.093688849231541,-0.3049212246562894,0.9523775757303973,0,1
2021-12-14,B,155.25,152.88,6,90,0,0,Online,West,2021,12,1,348,1.8082887711792655,5.045036720813588,5.029653299932018,-0.2884824328806098,0.9574851883550389,0,1
2021-12-15,B,184.78,199.64,8,90,1,0,Online,South,2021,12,2,349,2.0918640616783932,5.2191659282425995,5.296515744601408,-0.27195815753410524,0.9623090774541487,0,1
2021-12-16,B,133.25,134.74,7,90,0,0,Online,North,2021,12,3,350,1.9600947840472698,4.892227063045954,4.903346995532514,-0.2553532951161881,0.9668478136052773,0,1
2021-12-17,B,159.24,135.74,9,90,1,0,Store,South,2021,12,4,351,2.2082744135228043,5.070412498132116,4.910741291275612,-0.23867276600594997,0.9711000518829505,0,1
2021-12-18,B,185.32,167.39,8,90,0,1,Store,West,2021,12,5,352,2.0918640616783932,5.222084060548448,5.120326419114528,-0.22192151300416674,0.9750645322571945,0,1
2021-12-19,B,151.36,153.44,8,90,0,1,Online,East,2021,12,6,353,2.0918640616783932,5.019661105303568,5.033309611135128,-0.20510449986861926,0.9787400799669153,0,1
2021-12-20,B,158.85,160.45,7,90,0,0,Online,North,2021,12,0,354,1.9600947840472698,5.067960360715525,5.077982367555866,-0.1882267098432439,0.9821256058680006,0,1
2021-12-21,B,182.06,177.51,7,90,0,0,Online,East,2021,12,1,355,1.9600947840472698,5.204336303077143,5.179026945356712,-0.1712931441814778,0.9852201067560606,0,1
2021-12-22,B,143.99,150.83,8,90,0,0,Online,South,2021,12,2,356,2.0918640616783932,4.969743852720179,5.016153374780161,-0.154308820664281,0.9880226656636976,0,1
2021-12-23,B,127.58,121.83,7,90,0,0,Store,North,2021,12,3,357,1.9600947840472698,4.848743618813809,4.8026266303663165,-0.13727877211326517,0.9905324521322227,0,1
2021-12-24,B,150.64,161.67,7,90,0,0,Online,West,2021,12,4,358,1.9600947840472698,5.014892884348897,5.085557220613515,-0.12020804489935275,0.9927487224577402,0,1
2021-12-25,B,152.0,161.91,15,90,1,1,Store,East,2021,12,5,359,2.714694743820879,5.0238805208462765,5.087040625298661,-0.10310169744743544,0.9946708199115211,0,1
2021-12-26,B,151.78,160.5,14,90,1,1,Online,North,2021,12,6,360,2.6461747973841225,5.022432103975767,5.07829394257007,-0.0859647987374467,0.9962981749346077,0,1
2021-12-27,B,173.12,184.89,11,90,1,0,Store,East,2021,12,0,361,2.4069451083182885,5.153984995658116,5.219761053642261,-0.06880242680232064,0.9976303053065857,0,1
2021-12-28,B,123.0,117.69,10,90,0,0,Online,West,2021,12,1,362,2.312535423847214,4.812184355372417,4.768054048889571,-0.05161966722325418,0.9986668162884759,0,1
2021-12-29,B,150.94,172.55,10,90,0,0,Online,South,2021,12,2,363,2.312535423847214,5.016882406856722,5.150687049544013,-0.034421611622745804,0.9994074007397048,0,1
2021-12-30,B,183.84,179.36,9,90,0,0,Online,East,2021,12,3,364,2.2082744135228043,5.2140658141004455,5.18939495932385,-0.01721335615583528,0.9998518392091162,0,1
2021-12-31,B,151.77,163.64,9,90,0,0,Store,East,2021,12,4,365,2.2082744135228043,5.022366216971954,5.097668893061198,6.432490598706546e-16,1.0,0,1
2022-01-01,B,125.11,115.78,12,90,0,1,Store,South,2022,1,5,1,2.4932054526026954,4.829193350329309,4.751691838650858,0.017213356155834685,0.9998518392091162,0,1
2022-01-02,B,139.67,149.7,10,90,0,1,Store,South,2022,1,6,2,2.312535423847214,4.93928249731768,5.008633291425583,0.03442161162274574,0.9994074007397048,0,1
2022-01-03,B,155.52,174.12,11,90,0,0,Store,North,2022,1,0,3,2.4069451083182885,5.046774340712129,5.159744716684097,0.051619667223253764,0.998666816288476,0,1
2022-01-04,B,167.81,185.25,9,90,0,0,Online,West,2022,1,1,4,2.2082744135228043,5.12283238701307,5.221706264176197,0.06880242680231986,0.9976303053065857,0,1
2022-01-05,B,136.27,121.68,14,90,1,0,Online,North,2022,1,2,5,2.6461747973841225,4.914638211761729,4.801394647951038,0.08596479873744647,0.9962981749346078,0,1
2022-01-06,B,117.67,100.59,8,90,0,0,Online,East,2022,1,3,6,2.0918640616783932,4.7678840964758376,4.611052849146247,0.10310169744743485,0.9946708199115211,0,1
2022-01-07,B,164.29,142.5,9,90,0,0,Store,West,2022,1,4,7,2.2082744135228043,5.101633158918245,4.959341999708705,0.1202080448993527,0.9927487224577402,0,1
2022-01-08,B,108.0,96.91,14,90,0,1,Online,South,2022,1,5,8,2.6461747973841225,4.68213122712422,4.573782712746459,0.13727877211326478,0.9905324521322229,0,1
2022-01-09,B,154.95,163.63,14,90,1,1,Online,North,2022,1,6,9,2.6461747973841225,5.043102484233757,5.0976077814408045,0.15430882066428117,0.9880226656636976,0,1
2022-01-10,B,125.72,132.0,11,90,0,0,Online,South,2022,1,0,10,2.4069451083182885,4.834057211929367,4.882801922586371,0.1712931441814776,0.9852201067560606,0,1
2022-01-11,B,175.84,186.88,8,90,0,0,Online,West,2022,1,1,11,2.0918640616783932,5.169574490655311,5.230466699639862,0.1882267098432442,0.9821256058680006,0,1
2022-01-12,B,118.62,123.15,11,90,0,0,Store,East,2022,1,2,12,2.4069451083182885,4.775925106410581,4.813403124566547,0.2051044998686192,0.9787400799669153,0,1
2022-01-13,B,142.64,149.08,11,90,0,0,Online,North,2022,1,3,13,2.4069451083182885,4.9603239735548845,5.004483074611057,0.22192151300416552,0.9750645322571948,0,1
2022-01-14,B,136.76,143.13,11,90,0,0,Store,North,2022,1,4,14,2.4069451083182885,4.918227564771101,4.963753308196125,0.2386727660059501,0.9711000518829505,0,1
2022-01-15,B,150.08,153.87,14,90,1,1,Online,West,2022,1,5,15,2.6461747973841225,5.011168485257914,5.036108090069287,0.255353295116187,0.9668478136052775,0,1
2022-01-16,B,160.63,136.94,9,90,0,1,Online,North,2022,1,6,16,2.2082744135228043,5.079103583569675,4.919542873692917,0.2719581575341055,0.9623090774541486,0,1
2022-01-17,B,153.9,151.09,10,90,0,0,Store,South,2022,1,0,17,2.312535423847214,5.0363030408448335,5.01787568575175,0.288482432880609,0.9574851883550393,0,1
2022-01-18,B,126.67,142.64,12,90,0,0,Store,North,2022,1,1,18,2.4932054526026954,4.841585279495541,4.9603239735548845,0.30492122465628907,0.9523775757303974,0,1
2022-01-19,B,152.37,157.94,9,90,0,0,Store,West,2022,1,2,19,2.2082744135228043,5.026311773481264,5.062215214069435,0.3212696616923644,0.9469877530760753,0,1
2022-01-20,B,161.6,172.44,13,90,1,0,Online,West,2022,1,3,20,2.5726122302071057,5.085124146086995,5.150049349878934,0.3375228995941133,0.9413173175128471,0,1
2022-01-21,B,123.69,139.17,14,90,0,0,Store,North,2022,1,4,21,2.6461747973841225,4.817778435386918,4.935696207431762,0.3536761221763716,0.9353679493131483,0,1
2022-01-22,B,152.37,136.54,13,90,0,1,Store,East,2022,1,5,22,2.5726122302071057,5.026311773481264,4.916617611990135,0.3697245428906731,0.9291414114031743,0,1
2022-01-23,B,158.21,155.5,10,90,0,1,Online,West,2022,1,6,23,2.312535423847214,5.063923264460972,5.0466457316192885,0.38566340624360707,0.9226395488404876,0,1
2022-01-24,B,147.81,143.35,10,90,0,0,Online,East,2022,1,0,24,2.312535423847214,4.995927665223982,4.9652891923293785,0.401487989205973,0.9158642882672872,0,1
2022-01-25,B,149.9,127.85,11,90,0,0,Online,South,2022,1,1,25,2.4069451083182885,5.009968405108552,4.850857701737196,0.4171936026123168,0.9088176373395029,0,1
2022-01-26,B,150.85,142.94,11,90,0,0,Online,West,2022,1,2,26,2.4069451083182885,5.0162859656050705,4.962424961791832,0.4327755925504312,0.901501684131884,0,1
2022-01-27,B,161.86,168.01,12,90,0,0,Store,North,2022,1,3,27,2.4932054526026954,5.086731764067556,5.124023501441311,0.4482293417404106,0.893918596519257,0,1
2022-01-28,B,145.41,132.13,10,90,0,0,Store,West,2022,1,4,28,2.312535423847214,4.979557338525394,4.883786286426125,0.4635502709028509,0.886070621534138,0,1
2022-01-29,B,149.3,149.93,14,90,1,1,Online,East,2022,1,5,29,2.6461747973841225,5.005957704545144,5.010168518506812,0.47873384011578846,0.8779600847008882,0,1
2022-01-30,B,158.94,159.05,13,90,0,1,Online,South,2022,1,6,30,2.5726122302071057,5.068526772512033,5.069218618195153,0.4937755501599772,0.869589389346611,0,1
2022-01-31,B,148.88,136.71,11,90,0,0,Store,West,2022,1,0,31,2.4069451083182885,5.003140612333995,4.9178618939439005,0.5086709438521044,0.8609610158889943,0,1
2022-02-01,B,157.36,136.72,10,90,0,0,Online,West,2022,2,1,32,2.312535423847214,5.058536174080804,4.917935038807335,0.5234156073655503,0.8520775211013093,0,1
2022-02-02,B,108.0,119.78,17,90,1,0,Online,East,2022,2,2,33,2.8390784635086144,4.68213122712422,4.785656726836316,0.5380051715382996,0.8429415373547828,0,1
2022-02-03,B,161.46,185.06,10,90,0,0,Online,South,2022,2,3,34,2.312535423847214,5.08425743396687,5.220680096820884,0.5524353131676196,0.8335557718385699,0,1
2022-02-04,B,111.82,105.87,15,90,0,0,Store,South,2022,2,4,35,2.714694743820879,4.716890435598499,4.662211926355289,0.5667017562911176,0.8239230057575542,0,1
2022-02-05,B,172.81,156.84,11,90,0,1,Store,North,2022,2,5,36,2.4069451083182885,5.1521927250659,5.055226177424131,0.5808002734538009,0.8140460935082178,0,1
2022-02-06,B,189.06,194.28,12,90,0,1,Online,East,2022,2,6,37,2.4932054526026954,5.242064424997238,5.269300417477544,0.5947266869607634,0.8039279618328213,0,1
2022-02-07,B,188.42,194.51,10,90,0,0,Online,North,2022,2,0,38,2.312535423847214,5.238673513620522,5.2704835756186,0.6084768701151261,0.7935716089521474,0,1
2022-02-08,B,111.43,118.8,15,90,0,0,Online,East,2022,2,1,39,2.714694743820879,4.713396591058963,4.777441406928545,0.6220467484408675,0.7829801036770629,0,1
2022-02-09,B,165.4,163.19,12,90,0,0,Online,East,2022,2,2,40,2.4932054526026954,5.108366782589591,5.094915166142843,0.6354323008901774,0.7721565844991642,0,1
2022-02-10,B,161.17,176.55,11,90,0,0,Online,East,2022,2,3,41,2.4069451083182885,5.082459708534627,5.173604122374395,0.6486295610349814,0.7611042586607747,0,1
2022-02-11,B,162.24,168.33,13,90,0,0,Store,North,2022,2,4,42,2.5726122302071057,5.089076720402819,5.1259263384309905,0.6616346182422783,0.7498264012045686,0,1
2022-02-12,B,185.39,181.83,12,90,0,1,Online,North,2022,2,5,43,2.4932054526026954,5.222461714244501,5.203072184631304,0.6744436188329455,0.7383263540031065,0,1
2022-02-13,B,127.25,112.68,14,90,0,1,Store,North,2022,2,6,44,2.6461747973841225,4.846153655430632,4.724551943008172,0.6870527672236669,0.7266075247685656,0,1
2022-02-14,B,145.6,128.29,15,90,1,0,Online,East,2022,2,0,45,2.714694743820879,4.980863135762585,4.854293326261248,0.6994583270516471,0.7146733860429609,0,1
2022-02-15,B,170.48,150.68,11,90,0,0,Online,East,2022,2,1,46,2.4069451083182885,5.1386179877903615,5.015158382823841,0.7116566222817746,0.702527474169157,0,1
2022-02-16,B,171.93,152.05,11,90,1,0,Online,South,2022,2,2,47,2.4069451083182885,5.147087417231756,5.024209414123374,0.7236440382959124,0.6901733882429719,0,1
2022-02-17,B,130.85,133.22,12,90,0,0,Online,South,2022,2,3,48,2.4932054526026954,4.874051628976154,4.892001896985033,0.7354170229639855,0.6776147890466889,0,1
2022-02-18,B,133.19,119.02,14,90,0,0,Store,South,2022,2,4,49,2.6461747973841225,4.891776680212939,4.779291546216706,0.7469720876965552,0.6648553979642865,0,1
2022-02-19,B,185.72,185.15,11,90,0,1,Online,South,2022,2,5,50,2.4069451083182885,5.224240163151721,5.2211663073596215,0.7583058084785625,0.6518989958787126,0,1
2022-02-20,B,176.73,179.23,13,90,0,1,Online,East,2022,2,6,51,2.5726122302071057,5.174623144201705,5.188669897243506,0.7694148268839378,0.6387494220515272,0,1
2022-02-21,B,131.25,148.63,12,90,0,0,Online,East,2022,2,0,52,2.4932054526026954,4.877103901471733,5.001459996160803,0.7802958510707755,0.6254105729852463,0,1
2022-02-22,B,139.44,139.62,15,90,0,0,Online,North,2022,2,1,53,2.714694743820879,4.937634401211765,4.938924446542256,0.7909456567567772,0.6118864012687243,0,1
2022-02-23,B,146.15,161.83,14,90,0,0,Online,East,2022,2,2,54,2.6461747973841225,4.984633491557255,5.0865464015287944,0.8013610881746766,0.5981809144059164,0,1
2022-02-24,B,108.0,115.8,16,90,0,0,Store,East,2022,2,3,55,2.7788192719904172,4.68213122712422,4.751864565138895,0.8115390590073611,0.5842981736283683,0,1
2022-02-25,B,153.49,164.81,13,90,0,0,Store,East,2022,2,4,56,2.5726122302071057,5.033635418325317,5.104793295246089,0.8214765533024142,0.5702422926917871,0,1
2022-02-26,B,132.91,128.88,19,90,1,1,Online,North,2022,2,5,57,2.9496883350525844,4.889672207433241,4.858881738868719,0.8311706263658079,0.5560174366570446,0,1
2022-02-27,B,142.34,125.35,14,90,0,1,Store,North,2022,2,6,58,2.6461747973841225,4.958218561871125,4.831109824604303,0.8406184056344782,0.5416278206559814,0,1
2022-02-28,B,142.21,124.55,17,90,1,0,Online,West,2022,2,0,59,2.8390784635086144,4.957304838384605,4.8247072417081895,0.8498170915275278,0.5270777086423722,0,1
2022-03-01,B,125.47,111.34,14,90,0,0,Online,West,2022,3,1,60,2.6461747973841225,4.832066686171609,4.7125885827553615,0.8587639582758029,0.5123714121284237,0,1
2022-03-02,B,156.29,143.28,12,90,0,0,Store,North,2022,3,2,61,2.4932054526026954,5.051713255854102,4.964800757752457,0.8674563547295968,0.49751328890718066,0,1
2022-03-03,B,137.65,118.73,14,90,0,0,Online,West,2022,3,3,62,2.6461747973841225,4.9247142315886165,4.776852007677701,0.8758917051442429,0.48250774176121847,0,1
2022-03-04,B,191.75,214.48,11,90,0,0,Store,South,2022,3,4,63,2.4069451083182885,5.256192440247365,5.3682164939277035,0.8840675099433636,0.46735921715800227,0,1
2022-03-05,B,184.22,208.49,14,90,0,1,Online,West,2022,3,5,64,2.6461747973841225,5.216130695560089,5.339891078457965,0.8919813464595485,0.45207220393230435,0,1
2022-03-06,B,115.13,124.68,18,90,0,1,Store,South,2022,3,6,65,2.89591193827178,4.746061924685573,4.825750454899136,0.8996308696522433,0.43665123195606403,0,1
2022-03-07,B,138.68,156.94,16,90,0,0,Online,South,2022,3,0,66,2.7788192719904172,4.932169120816822,5.055863566699327,0.9070138128026359,0.4211008707960896,0,1
2022-03-08,B,184.79,179.86,11,90,0,0,Online,North,2022,3,1,67,2.4069451083182885,5.219220045189334,5.192178770486369,0.9141279881853337,0.40542572835999735,0,1
2022-03-09,B,159.37,144.32,13,90,0,0,Store,West,2022,3,2,68,2.5726122302071057,5.071228542871542,4.972033056314314,0.9209712877166346,0.38963044953078796,0,1
2022-03-10,B,148.85,168.17,13,90,0,0,Store,North,2022,3,3,69,2.5726122302071057,5.002939087461785,5.124975372534658,0.9275416835791966,0.37371971479046906,0,1
2022-03-11,B,130.87,147.89,15,90,0,0,Online,East,2022,3,4,70,2.714694743820879,4.87420446406739,4.996468754178678,0.9338372288229252,0.35769823883312546,0,1
2022-03-12,B,156.37,140.99,15,90,0,1,Online,East,2022,3,5,71,2.714694743820879,5.052224993855419,4.9486889658772695,0.9398560579418954,0.3415707691678556,0,1
2022-03-13,B,140.79,152.22,16,90,0,1,Store,North,2022,3,6,72,2.7788192719904172,4.947269418474436,5.025326842839245,0.9455963874271426,0.3253420847119801,0,1
2022-03-14,B,163.98,167.08,12,90,0,0,Online,East,2022,3,0,73,2.4932054526026954,5.099744469168032,5.118472739628975,0.9510565162951535,0.30901699437494745,0,1
2022-03-15,B,142.09,149.42,13,90,0,0,Store,North,2022,3,1,74,2.5726122302071057,4.956460659649984,5.0067611325476555,0.9562348265919056,0.29260033563334836,0,1
2022-03-16,B,158.73,139.37,13,90,0,0,Store,East,2022,3,2,75,2.5726122302071057,5.06720464558415,4.937132267131418,0.9611297838723007,0.27609697309746883,0,1
2022-03-17,B,108.0,120.21,17,90,0,0,Store,South,2022,3,3,76,2.8390784635086144,4.68213122712422,4.7892402133161625,0.9657399376548549,0.2595117970697999,0,1
2022-03-18,B,189.67,206.28,11,90,0,0,Store,North,2022,3,4,77,2.4069451083182885,5.245285719996231,5.329234469182758,0.970063921851507,0.2428497220959356,0,1
2022-03-19,B,175.07,165.52,16,90,0,1,Online,South,2022,3,5,78,2.7788192719904172,5.165185893944841,5.109092033437288,0.9741004551724205,0.22611568550828828,0,1
2022-03-20,B,167.46,155.72,22,90,1,1,Store,West,2022,3,6,79,3.095577608523707,5.120744516776286,5.048059522742255,0.9778483415056568,0.20931464596304847,0,1
2022-03-21,B,108.0,100.1,18,90,0,0,Online,West,2022,3,0,80,2.89591193827178,4.68213122712422,4.6061696863211745,0.9813064702716093,0.19245158197082998,0,1
2022-03-22,B,148.35,158.78,15,90,0,0,Online,East,2022,3,1,81,2.714694743820879,4.999574346736831,5.067519596296967,0.9844738167520922,0.1755314904214282,0,1
2022-03-23,B,133.33,129.91,14,90,0,0,Store,East,2022,3,2,82,2.6461747973841225,4.892827258127367,4.866841903007641,0.9873494423939864,0.15855938510313478,0,1
2022-03-24,B,148.61,167.11,16,90,0,0,Online,North,2022,3,3,83,2.7788192719904172,5.001325424770478,5.118652278215292,0.989932495087353,0.141540295217043,0,1
2022-03-25,B,175.24,170.08,12,90,0,0,Store,North,2022,3,4,84,2.4932054526026954,5.166156462945698,5.1362689145936375,0.9922222094179323,0.12447926388678915,0,1
2022-03-26,B,135.69,125.2,18,90,0,1,Store,South,2022,3,5,85,2.89591193827178,4.910372872157861,4.829912458665998,0.994217906893952,0.10738134666416309,0,1
2022-03-27,B,166.57,163.31,13,90,0,1,Online,North,2022,3,6,86,2.5726122302071057,5.115415641489016,5.095650235088652,0.995918996147179,0.09025161003104117,0,1
2022-03-28,B,149.16,139.32,13,90,0,0,Online,South,2022,3,0,87,2.5726122302071057,5.00501955531062,4.9367734454978,0.9973249731081555,0.07309512989807777,0,1
2022-03-29,B,172.53,158.29,13,90,0,0,Store,West,2022,3,1,88,2.5726122302071057,5.150571134393773,5.064428793697647,0.9984354211555643,0.055916990100603484,0,1
2022-03-30,B,157.11,134.66,10,90,0,0,Online,South,2022,3,2,89,2.312535423847214,5.056946196959506,4.902753083117135,0.9992500112396835,0.03872228089217446,0,1
2022-03-31,B,158.71,179.42,17,90,1,0,Store,West,2022,3,3,90,2.8390784635086144,5.067078637519467,5.189729426131137,0.9997685019798909,0.021516097436222254,0,1
2022-04-01,B,142.72,130.8,15,90,0,0,Online,South,2022,4,4,91,2.714694743820879,4.960884668831699,4.873669439023098,0.9999907397361901,0.004303538296244289,0,1
2022-04-02,B,118.79,124.8,22,90,0,1,Online,East,2022,4,5,92,3.095577608523707,4.777357228301448,4.826712455935327,0.9999166586547379,-0.01291029607500882,0,1
2022-04-03,B,149.27,164.79,13,90,0,1,Store,West,2022,4,6,93,2.5726122302071057,5.005756746645148,5.104671936022639,0.9995462806873573,-0.030120304846908114,0,1
2022-04-04,B,149.23,166.27,16,90,0,0,Online,North,2022,4,0,94,2.7788192719904172,5.0054887399433765,5.113612973052288,0.9988797155850336,-0.04732138832243185,0,1
2022-04-05,B,176.49,169.49,11,90,0,0,Online,West,2022,4,1,95,2.4069451083182885,5.1732642175444745,5.1327939280299635,0.9979171608653922,-0.06450844944931623,0,1
2022-04-06,B,124.32,128.65,14,90,0,0,Store,East,2022,4,2,96,2.6461747973841225,4.822858886619337,4.857095538727753,0.9966589017541702,-0.08167639533042241,0,1
2022-04-07,B,134.81,128.24,19,90,1,0,Store,West,2022,4,3,97,2.9496883350525844,4.903866379702973,4.853903508301298,0.9951053111006976,-0.09882013873287143,0,1
2022-04-08,B,151.34,134.89,14,90,0,0,Store,West,2022,4,4,98,2.6461747973841225,5.019528961266375,4.904459631481588,0.9932568492674143,-0.11593459959550041,0,1
2022-04-09,B,189.63,191.99,16,90,1,1,Store,South,2022,4,5,99,2.7788192719904172,5.245074805152317,5.257443287338065,0.9911140639934547,-0.1330147065341959,0,1
2022-04-10,B,162.14,180.61,13,90,0,1,Online,East,2022,4,6,100,2.5726122302071057,5.088460159559561,5.196340010435573,0.9886775902323405,-0.1500553983446526,0,1
2022-04-11,B,143.75,159.98,13,90,0,0,Online,South,2022,4,0,101,2.5726122302071057,4.96807567967746,5.075048807420676,0.9859481499638304,-0.16705162550211924,0,1
2022-04-12,B,202.3,182.85,11,90,0,0,Online,East,2022,4,1,102,2.4069451083182885,5.3097517441737,5.20866614459539,0.9829265519799822,-0.18399835165768005,0,1
2022-04-13,B,144.1,130.87,15,90,0,0,Online,East,2022,4,2,103,2.714694743820879,4.970507503005476,4.87420446406739,0.9796136916454901,-0.20089055513063506,0,1
2022-04-14,B,138.01,142.78,15,90,0,0,Store,South,2022,4,3,104,2.714694743820879,4.927326146299949,4.961304984074315,0.9760105506323683,-0.21772323039653177,0,1
2022-04-15,B,147.8,156.46,13,90,0,0,Store,West,2022,4,4,105,2.5726122302071057,4.995860008514102,5.052800386256934,0.9721181966290613,-0.23449138957040985,0,1
2022-04-16,B,139.91,155.82,21,90,1,1,Store,South,2022,4,5,106,3.0492730404820207,4.940999358745194,5.048701494902712,0.9679377830240642,-0.25119006388481935,0,1
2022-04-17,B,162.66,186.99,15,90,0,1,Store,South,2022,4,6,107,2.714694743820879,5.091662132738629,5.231055139488869,0.9634705485641488,-0.2678143051621742,0,1
2022-04-18,B,169.33,171.34,11,90,0,0,Online,East,2022,4,0,108,2.4069451083182885,5.131849473677249,5.143649886535898,0.9587178169872964,-0.2843591872810034,0,1
2022-04-19,B,127.32,129.6,16,90,0,0,Online,South,2022,4,1,109,2.7788192719904172,4.846703602413892,4.864452783918174,0.9536809966304457,-0.30081980763566735,0,1
2022-04-20,B,144.3,125.01,12,90,0,0,Online,South,2022,4,2,110,2.4932054526026954,4.971894465779825,4.828393734102471,0.9483615800121715,-0.3171912885891061,0,1
2022-04-21,B,173.24,152.99,12,90,0,0,Online,East,2022,4,3,111,2.4932054526026954,5.154677916346426,5.030372559779288,0.9427611433904207,-0.3334687789181868,0,1
2022-04-22,B,139.5,153.49,15,90,0,0,Online,South,2022,4,4,112,2.714694743820879,4.93806460126142,5.033635418325317,0.9368813462954315,-0.3496474552512284,0,1
2022-04-23,B,114.39,129.8,21,90,0,1,Online,West,2022,4,5,113,3.0492730404820207,4.739613662537582,4.86599480426999,0.9307239310379795,-0.36572252349726897,0,1
2022-04-24,B,136.38,127.11,20,90,1,1,Online,North,2022,4,6,114,3.0007198150650303,4.9154451070925065,4.845052853306577,0.9242907221930934,-0.3816892202666588,0,1
2022-04-25,B,129.56,121.64,13,90,0,0,Online,South,2022,4,0,115,2.5726122302071057,4.864144094303128,4.801065862809164,0.9175836260593937,-0.39754281428255595,0,1
2022-04-26,B,147.1,142.06,12,90,0,0,Online,South,2022,4,1,116,2.4932054526026954,4.991112627607392,4.956249503569664,0.9106046300942163,-0.4132786077829042,0,1
2022-04-27,B,137.89,157.35,14,90,0,0,Online,West,2022,4,2,117,2.6461747973841225,4.92645626585365,5.058472623510416,0.9033558023246845,-0.4288919379124835,0,1
2022-04-28,B,155.45,145.33,13,90,0,0,Online,North,2022,4,3,118,2.5726122302071057,5.046324136504762,4.979007018638079,0.895839290734909,-0.4443781781046132,0,1
2022-04-29,B,136.22,151.39,12,90,0,0,Online,South,2022,4,4,119,2.4932054526026954,4.914271225813172,5.019859288623787,0.8880573226294932,-0.45973273945210397,0,1
2022-04-30,B,137.33,135.13,19,90,0,1,Online,South,2022,4,5,120,2.9496883350525844,4.922386788542191,4.9062372780499945,0.8800122039735357,-0.47495107206704995,0,1
2022-05-01,B,108.0,106.87,19,90,0,1,Store,East,2022,5,6,121,2.9496883350525844,4.68213122712422,4.671613142536805,0.8717063187093218,-0.49002866642905923,0,1
2022-05-02,B,167.07,174.36,10,90,0,0,Online,South,2022,5,0,122,2.312535423847214,5.118412886269687,5.1611221273701915,0.8631421280499114,-0.5049610547215204,0,1
2022-05-03,B,166.54,181.74,13,90,1,0,Store,North,2022,5,1,123,2.5726122302071057,5.115235520807674,5.202577094267201,0.854322169749827,-0.5197438121555155,0,1
2022-05-04,B,195.41,183.45,10,90,0,0,Online,West,2022,5,2,124,2.312535423847214,5.275099915371852,5.211942150801291,0.8452490573530633,-0.5343725582809787,0,1
2022-05-05,B,139.68,139.48,16,90,0,0,Store,North,2022,5,3,125,2.7788192719904172,4.939354092091292,4.93792122180745,0.835925479418637,-0.548842958284719,0,1
2022-05-06,B,134.06,152.18,18,90,1,0,Online,South,2022,5,4,126,2.89591193827178,4.8982874609298115,5.025064030748377,0.8263541987239096,-0.5631507242749186,0,1
2022-05-07,B,132.59,136.92,16,90,0,1,Online,East,2022,5,5,127,2.7788192719904172,4.887261660126628,4.919396813661985,0.8165380514459161,-0.5772916165517272,0,1
2022-05-08,B,168.18,153.99,12,90,0,1,Store,South,2022,5,6,128,2.4932054526026954,5.125034834404752,5.036887665240322,0.8064799463209448,-0.5912614448635781,0,1
2022-05-09,B,108.0,102.24,16,90,0,0,Store,East,2022,5,0,129,2.7788192719904172,4.68213122712422,4.627322990629224,0.7961828637826158,-0.6050560696488488,0,1
2022-05-10,B,132.42,131.01,14,90,1,0,Online,North,2022,5,1,130,2.6461747973841225,4.8859786894967,4.87527365616558,0.7856498550787145,-0.6186714032625031,0,1
2022-05-11,B,146.28,161.41,13,90,0,0,Online,North,2022,5,2,131,2.5726122302071057,4.98552259328118,5.083947711785188,0.7748840413670407,-0.6321034111873487,0,1
2022-05-12,B,169.76,147.93,13,90,0,0,Online,East,2022,5,3,132,2.5726122302071057,5.134385674865673,4.996739188904145,0.7638886127905428,-0.6453481132295501,0,1
2022-05-13,B,141.37,134.34,10,90,0,0,Online,South,2022,5,4,133,2.312535423847214,4.9513805668789415,4.900373899838718,0.7526668275320084,-0.6584015846980488,0,1
2022-05-14,B,175.45,154.29,12,90,0,1,Online,South,2022,5,5,134,2.4932054526026954,5.167354102029224,5.0388339484549345,0.741222010848596,-0.6712599575675313,0,1
2022-05-15,B,177.81,195.23,14,90,0,1,Online,North,2022,5,6,135,2.6461747973841225,5.180715564467857,5.274178350694711,0.7295575540864875,-0.6839194216246106,0,1
2022-05-16,B,156.92,172.86,12,90,0,0,Online,South,2022,5,0,136,2.4932054526026954,5.055736121341352,5.152482018324492,0.717676913675962,-0.6963762255968722,0,1
2022-05-17,B,119.49,123.82,16,90,1,0,Online,East,2022,5,1,137,2.7788192719904172,4.7832326858616625,4.818828898091086,0.705583610107178,-0.7086266782644596,0,1
2022-05-18,B,165.21,148.15,10,90,0,0,Store,South,2022,5,2,138,2.312535423847214,5.1072173919425,4.998225274019575,0.6932812268869777,-0.7206671495538609,0,1
2022-05-19,B,175.01,187.75,10,90,0,0,Online,North,2022,5,3,139,2.312535423847214,5.164843115148066,5.2351112906442445,0.6807734094770161,-0.7324940716135789,0,1
2022-05-20,B,115.82,98.94,12,90,0,0,Online,West,2022,5,4,140,2.4932054526026954,4.752037261797644,4.594513605799563,0.6680638642135335,-0.7441039398713607,0,1
2022-05-21,B,142.83,136.65,12,90,0,1,Online,West,2022,5,5,141,2.4932054526026954,4.961655111874538,4.917422912374077,0.6551563572090853,-0.7554933140726803,0,1
2022-05-22,B,164.78,175.05,12,90,0,1,Store,North,2022,5,6,142,2.4932054526026954,5.104611250887444,5.165071647400675,0.6420547132365637,-0.766658819300159,0,1
2022-05-23,B,125.73,121.9,12,90,0,0,Store,North,2022,5,0,143,2.4932054526026954,4.83413675060509,4.803201036487226,0.6287628145958344,-0.777597146973627,0,1
2022-05-24,B,148.88,142.55,12,90,1,0,Online,West,2022,5,1,144,2.4932054526026954,5.003140612333995,4.9596928153586815,0.6152845999633276,-0.7883050558305255,0,1
2022-05-25,B,163.25,173.03,10,90,0,0,Store,East,2022,5,2,145,2.312535423847214,5.09528276815654,5.153464989868557,0.6016240632249226,-0.7987793728863649,0,1
2022-05-26,B,129.24,116.26,17,90,1,0,Online,South,2022,5,3,146,2.8390784635086144,4.861671140956298,4.755829062273205,0.5877852522924732,-0.8090169943749473,0,1
2022-05-27,B,146.51,157.13,11,90,0,0,Online,South,2022,5,4,147,2.4069451083182885,4.987093685513222,5.0570734882020405,0.5737722679043246,-0.8190148866680801,0,1
2022-05-28,B,120.28,138.12,19,90,1,1,Store,South,2022,5,5,148,2.9496883350525844,4.789822358120328,4.928122872521792,0.5595892624101765,-0.8287700871745037,0,1
2022-05-29,B,156.11,146.1,11,90,0,1,Store,North,2022,5,6,149,2.4069451083182885,5.050560886968575,4.984291318756654,0.545240438540651,-0.8382797052177743,0,1
2022-05-30,B,175.29,190.63,11,90,0,0,Store,South,2022,5,0,150,2.4069451083182885,5.166441745234455,5.250334376525886,0.5307300481619334,-0.8475409228928311,0,1
2022-05-31,B,143.59,151.01,10,90,0,0,Online,East,2022,5,1,151,2.312535423847214,4.966962016306286,5.017346059787697,0.5160623910158528,-0.8565509959010036,0,1
2022-06-01,B,156.9,157.43,11,90,1,0,Online,East,2022,6,2,152,2.4069451083182885,5.055608659738987,5.058980915026537,0.5012418134457758,-0.865307254363206,0,1
2022-06-02,B,204.44,231.73,10,90,0,0,Store,South,2022,6,3,153,2.312535423847214,5.320274533900079,5.44557290082979,0.48627270710869,-0.8738071036110808,0,1
2022-06-03,B,136.75,151.94,10,90,0,0,Store,North,2022,6,4,154,2.312535423847214,4.91815444130209,5.023485706075076,0.4711595076738638,-0.8820480249558537,0,1
2022-06-04,B,164.24,178.17,11,90,0,1,Store,North,2022,6,5,155,2.4069451083182885,5.101328772710678,5.1827381506958785,0.4559066935084588,-0.8900275764346767,0,1
2022-06-05,B,131.1,128.15,16,90,0,1,Online,East,2022,6,6,156,2.7788192719904172,4.875960390769654,4.85320145281008,0.440518784350495,-0.8977433935342337,0,1
2022-06-06,B,108.63,108.9,13,90,0,0,Online,West,2022,6,0,157,2.5726122302071057,4.68794761244566,4.690430029938915,0.42500033996955416,-0.9051931898913974,0,1
2022-06-07,B,108.0,100.11,12,90,0,0,Online,East,2022,6,1,158,2.4932054526026954,4.68213122712422,4.606269581431392,0.4093559588156213,-0.9123747579707273,0,1
2022-06-08,B,108.94,120.27,12,90,0,0,Online,West,2022,6,2,159,2.4932054526026954,4.690797271955528,4.789739215322525,0.39359027665646673,-0.9192859697186104,0,1
2022-06-09,B,129.71,125.85,12,90,0,0,Online,West,2022,6,3,160,2.4932054526026954,4.865301189352582,4.835090721581325,0.3777079652039649,-0.9259247771938498,0,1
2022-06-10,B,167.86,160.11,10,90,0,0,Online,North,2022,6,4,161,2.312535423847214,5.123130298654681,5.075861079013963,0.36171373072976765,-0.9322892131745133,0,1
2022-06-11,B,150.0,133.84,13,90,0,1,Store,West,2022,6,5,162,2.5726122302071057,5.0106352940962555,4.896645056678569,0.3456123126707335,-0.9383773917408641,0,1
2022-06-12,B,147.82,147.77,10,90,0,1,Online,West,2022,6,6,163,2.312535423847214,4.995995317356741,4.995657010915543,0.3294084822245304,-0.9441875088341993,0,1
2022-06-13,B,174.44,155.21,9,90,0,0,Store,West,2022,6,0,164,2.2082744135228043,5.1615808429745655,5.044779038663093,0.3131070409358269,-0.9497178427914316,0,1
2022-06-14,B,140.0,126.82,11,90,0,0,Online,East,2022,6,1,165,2.4069451083182885,4.941642422609304,4.842768758271886,0.29671281927349075,-0.9549667548552551,0,1
2022-06-15,B,140.43,154.7,12,90,0,0,Store,East,2022,6,2,166,2.4932054526026954,4.944709143980089,5.04148775757902,0.28023067519921585,-0.9599326896597447,0,1
2022-06-16,B,127.37,134.55,12,90,0,0,Online,North,2022,6,3,167,2.4932054526026954,4.8470962366016686,4.901935877172915,0.26366549272800704,-0.9646141756912435,0,1
2022-06-17,B,123.2,133.54,13,90,0,0,Store,East,2022,6,4,168,2.5726122302071057,4.81380905109942,4.894401058429723,0.24702218048093552,-0.9690098257244062,0,1
2022-06-18,B,156.65,176.64,10,90,0,1,Store,North,2022,6,5,169,2.312535423847214,5.054014017398201,5.17411376308873,0.23030567023061221,-0.9731183372332619,0,1
2022-06-19,B,133.59,146.43,14,90,0,1,Store,East,2022,6,6,170,2.6461747973841225,4.8947754080017205,4.986547498567166,0.21352091543979612,-0.9769384927771817,0,1
2022-06-20,B,160.99,153.2,9,90,0,0,Online,East,2022,6,0,171,2.2082744135228043,5.081342251254203,5.0317442573064906,0.19667288979357647,-0.980469160361632,0,1
2022-06-21,B,175.65,162.83,11,90,0,0,Online,West,2022,6,1,172,2.4069451083182885,5.168493378711836,5.092706711776129,0.1797665857255624,-0.9837092937736097,0,1
2022-06-22,B,124.29,131.58,12,90,1,0,Online,West,2022,6,2,173,2.4932054526026954,4.82261754475742,4.879615031657852,0.16280701293851715,-0.986657932891657,0,1
2022-06-23,B,174.86,150.37,9,90,0,0,Online,West,2022,6,3,174,2.2082744135228043,5.163985653752745,5.013098923534229,0.1457991969198751,-0.9893142039703663,0,1
2022-06-24,B,143.11,133.0,10,90,0,0,Online,North,2022,6,4,175,2.312535423847214,4.963613565322785,4.890349128221754,0.12874817745258132,-0.99167731989929,0,1
2022-06-25,B,146.14,130.18,11,90,0,1,Store,West,2022,6,5,176,2.4069451083182885,4.984565066363071,4.868918108144241,0.11165900712169512,-0.993746580436178,0,1
2022-06-26,B,157.71,160.55,10,90,0,1,Store,South,2022,6,6,177,2.312535423847214,5.060757903499466,5.078605420535523,0.09453674981719912,-0.9955213724144752,0,1
2022-06-27,B,145.42,134.93,9,90,0,0,Online,West,2022,6,0,178,2.2082744135228043,4.979626107221911,4.904756125442696,0.07738647923346301,-0.9970011699250151,0,1
2022-06-28,B,165.94,163.97,10,90,0,0,Online,West,2022,6,1,179,2.312535423847214,5.111626277236139,5.099683484261777,0.06021327736579302,-0.9981855344718586,0,1
2022-06-29,B,163.75,162.54,11,90,1,0,Store,East,2022,6,2,180,2.4069451083182885,5.098340874515361,5.090924125325059,0.04302223300453059,-0.99907411510223,0,1
2022-06-30,B,201.98,218.41,6,90,0,0,Online,East,2022,6,3,181,1.8082887711792655,5.308168682598411,5.386374030368319,0.02581844022713308,-0.9996666485105112,0,1
2022-07-01,B,164.58,185.14,10,90,0,0,Online,West,2022,7,4,182,2.312535423847214,5.1033967741775665,5.221112295639065,0.008606996888688698,-0.9999629591162655,0,1
2022-07-02,B,166.42,181.95,11,90,1,1,Store,West,2022,7,5,183,2.4069451083182885,5.114514713472284,5.203731924058169,-0.008606996888688009,-0.9999629591162655,0,1
2022-07-03,B,160.69,174.66,14,90,1,1,Online,East,2022,7,6,184,2.6461747973841225,5.079477043053662,5.162841226985587,-0.02581844022713239,-0.9996666485105112,0,1
2022-07-04,B,152.16,158.82,14,90,1,0,Online,East,2022,7,0,185,2.6461747973841225,5.02493259879708,5.067771485467065,-0.04302223300453034,-0.99907411510223,0,1
2022-07-05,B,149.01,141.68,10,90,0,0,Online,North,2022,7,1,186,2.312535423847214,5.004013417787369,4.953570993474578,-0.060213277365792774,-0.9981855344718586,0,1
2022-07-06,B,165.05,180.21,8,90,0,0,Online,South,2022,7,2,187,2.0918640616783932,5.106248458299202,5.19412283753018,-0.07738647923346322,-0.9970011699250151,0,1
2022-07-07,B,145.8,136.54,9,90,0,0,Online,North,2022,7,3,188,2.2082744135228043,4.982235819574558,4.916617611990135,-0.09453674981719933,-0.9955213724144752,0,1
2022-07-08,B,133.33,137.29,9,90,0,0,Online,South,2022,7,4,189,2.2082744135228043,4.892827258127367,4.922095476909513,-0.11165900712169444,-0.9937465804361781,0,1
2022-07-09,B,164.51,168.19,13,90,1,1,Online,South,2022,7,5,190,2.5726122302071057,5.102971358631329,5.125094292739341,-0.12874817745258066,-0.99167731989929,0,1
2022-07-10,B,164.42,179.41,10,90,0,1,Online,North,2022,7,6,191,2.312535423847214,5.102424129723987,5.189673689431293,-0.14579919691987442,-0.9893142039703664,0,1
2022-07-11,B,162.62,176.96,11,90,1,0,Online,South,2022,7,0,192,2.4069451083182885,5.091416190779691,5.17592371833397,-0.16280701293851646,-0.9866579328916572,0,1
2022-07-12,B,148.82,133.14,8,90,0,0,Store,South,2022,7,1,193,2.0918640616783932,5.002737521969115,4.891401206172557,-0.17976658572556214,-0.9837092937736098,0,1
2022-07-13,B,172.71,165.98,9,90,0,0,Online,West,2022,7,2,194,2.2082744135228043,5.151613887355828,5.111867299170302,-0.19667288979357622,-0.9804691603616321,0,1
2022-07-14,B,130.0,147.1,11,90,0,0,Online,East,2022,7,3,195,2.4069451083182885,4.867534450455582,4.991112627607392,-0.2135209154397959,-0.9769384927771817,0,1
2022-07-15,B,144.51,146.39,9,90,0,0,Online,North,2022,7,4,196,2.2082744135228043,4.973348709310239,4.98627429318332,-0.23030567023061196,-0.973118337233262,0,1
2022-07-16,B,132.17,129.99,13,90,1,1,Store,East,2022,7,5,197,2.5726122302071057,4.884088972769716,4.867457524419928,-0.24702218048093527,-0.9690098257244063,0,1
2022-07-17,B,162.93,186.47,9,90,1,1,Store,East,2022,7,6,198,2.2082744135228043,5.093320660714864,5.228270368236002,-0.2636654927280072,-0.9646141756912435,0,1
2022-07-18,B,148.63,156.53,9,90,1,0,Store,North,2022,7,0,199,2.2082744135228043,5.001459996160803,5.053247684900132,-0.2802306751992161,-0.9599326896597445,0,1
2022-07-19,B,146.98,130.88,9,90,1,0,Online,North,2022,7,1,200,2.2082744135228043,4.990296523100725,4.8742808728544365,-0.2967128192734901,-0.9549667548552553,0,1
2022-07-20,B,191.08,184.61,7,90,0,0,Online,West,2022,7,2,201,1.9600947840472698,5.2526921885217615,5.218245491782478,-0.3131070409358267,-0.9497178427914317,0,1
2022-07-21,B,173.07,188.73,7,90,0,0,Store,South,2022,7,3,202,1.9600947840472698,5.153696136936908,5.2403174222500475,-0.3294084822245302,-0.9441875088341994,0,1
2022-07-22,B,137.92,139.99,11,90,0,0,Online,North,2022,7,4,203,2.4069451083182885,4.926673806915383,4.941570991486734,-0.3456123126707333,-0.9383773917408642,0,1
2022-07-23,B,126.04,118.62,10,90,0,1,Online,East,2022,7,5,204,2.312535423847214,4.836599316889074,4.775925106410581,-0.3617137307297674,-0.9322892131745134,0,1
2022-07-24,B,123.6,123.06,12,90,1,1,Store,East,2022,7,6,205,2.4932054526026954,4.817050545023591,4.812672041312344,-0.37770796520396466,-0.9259247771938499,0,1
2022-07-25,B,154.25,161.89,7,90,0,0,Store,South,2022,7,0,206,1.9600947840472698,5.038574662785497,5.086917092253414,-0.39359027665646645,-0.9192859697186105,0,1
2022-07-26,B,112.11,105.16,10,90,0,0,Store,North,2022,7,1,207,2.312535423847214,4.719480532165502,4.655482999861681,-0.4093559588156211,-0.9123747579707274,0,1
2022-07-27,B,162.0,161.27,9,90,1,0,Store,South,2022,7,2,208,2.2082744135228043,5.087596335232384,5.083079978992425,-0.42500033996955394,-0.9051931898913975,0,1
2022-07-28,B,123.2,118.53,8,90,0,0,Online,South,2022,7,3,209,2.0918640616783932,4.81380905109942,4.775166093091409,-0.4405187843504952,-0.8977433935342336,0,1
2022-07-29,B,158.21,151.97,7,90,0,0,Store,South,2022,7,4,210,1.9600947840472698,5.063923264460972,5.023683132945513,-0.455906693508459,-0.8900275764346766,0,1
2022-07-30,B,156.1,148.26,8,90,0,1,Online,South,2022,7,5,211,2.0918640616783932,5.050496827521386,4.998967489228574,-0.47115950767386394,-0.8820480249558535,0,1
2022-07-31,B,110.49,125.94,13,90,0,1,Store,East,2022,7,6,212,2.5726122302071057,4.704925019125084,4.835805603060597,-0.4862727071086902,-0.8738071036110807,0,1
2022-08-01,B,136.22,153.06,11,90,1,0,Store,South,2022,8,0,213,2.4069451083182885,4.914271225813172,5.030830001381775,-0.5012418134457756,-0.8653072543632061,0,1
2022-08-02,B,150.71,172.21,6,90,0,0,Store,South,2022,8,1,214,1.8082887711792655,5.015357460431585,5.1487146623168085,-0.5160623910158526,-0.8565509959010037,0,1
2022-08-03,B,165.2,154.87,7,90,0,0,Online,North,2022,8,2,215,1.9600947840472698,5.107156861086878,5.0425860553280835,-0.5307300481619331,-0.8475409228928312,0,1
2022-08-04,B,168.19,166.64,6,90,0,0,Online,East,2022,8,3,216,1.8082887711792655,5.125094292739341,5.115835796952717,-0.5452404385406507,-0.8382797052177745,0,1
2022-08-05,B,146.51,164.25,8,90,0,0,Online,South,2022,8,4,217,2.0918640616783932,4.987093685513222,5.10138965736472,-0.5595892624101763,-0.828770087174504,0,1
2022-08-06,B,128.75,141.15,11,90,1,1,Online,South,2022,8,5,218,2.4069451083182885,4.857872539543846,4.949823154699498,-0.5737722679043243,-0.8190148866680802,0,1
2022-08-07,B,151.77,139.48,8,90,0,1,Store,South,2022,8,6,219,2.0918640616783932,5.022366216971954,4.93792122180745,-0.5877852522924734,-0.8090169943749472,0,1
2022-08-08,B,157.12,175.96,9,90,1,0,Store,South,2022,8,0,220,2.2082744135228043,5.0570098446061555,5.170256696480519,-0.6016240632249227,-0.7987793728863648,0,1
2022-08-09,B,121.69,139.32,9,90,0,0,Online,East,2022,8,1,221,2.2082744135228043,4.801476827348709,4.9367734454978,-0.6152845999633277,-0.7883050558305253,0,1
2022-08-10,B,118.62,133.17,9,90,0,0,Online,West,2022,8,2,222,2.2082744135228043,4.775925106410581,4.8916265075140535,-0.6287628145958345,-0.7775971469736268,0,1
2022-08-11,B,139.7,144.41,7,90,0,0,Online,East,2022,8,3,223,1.9600947840472698,4.939497266262916,4.972656476138474,-0.6420547132365636,-0.7666588193001592,0,1
2022-08-12,B,155.98,147.2,6,90,0,0,Online,East,2022,8,4,224,1.8082887711792655,5.049727793902352,4.991792206294776,-0.655156357209085,-0.7554933140726804,0,1
2022-08-13,B,141.9,145.7,9,90,0,1,Online,North,2022,8,5,225,2.2082744135228043,4.955122584165997,4.981549713201159,-0.6680638642135333,-0.7441039398713608,0,1
2022-08-14,B,196.89,196.23,7,90,0,1,Online,West,2022,8,6,226,1.9600947840472698,5.282645197153741,5.279287440641231,-0.6807734094770159,-0.7324940716135792,0,1
2022-08-15,B,135.43,135.91,7,90,0,0,Online,North,2022,8,0,227,1.9600947840472698,4.90845490166728,4.911992901967256,-0.6932812268869771,-0.7206671495538615,0,1
2022-08-16,B,115.15,98.72,8,90,0,0,Online,North,2022,8,1,228,2.0918640616783932,4.746235626266694,4.592287560157078,-0.7055836101071774,-0.7086266782644601,0,1
2022-08-17,B,154.76,135.92,6,90,0,0,Online,North,2022,8,2,229,1.8082887711792655,5.041875529832312,4.912066477363677,-0.7176769136759615,-0.6963762255968726,0,1
2022-08-18,B,171.59,146.64,8,90,1,0,Online,South,2022,8,3,230,2.0918640616783932,5.14510791029753,4.987980603531449,-0.7295575540864876,-0.6839194216246105,0,1
2022-08-19,B,156.37,164.9,9,90,1,0,Online,North,2022,8,4,231,2.2082744135228043,5.052224993855419,5.105339229565553,-0.7412220108485957,-0.6712599575675315,0,1
2022-08-20,B,129.45,128.92,8,90,0,1,Store,South,2022,8,5,232,2.0918640616783932,4.8632947061975464,4.859192056947237,-0.7526668275320083,-0.6584015846980489,0,1
2022-08-21,B,183.06,157.35,8,90,0,1,Store,West,2022,8,6,233,2.0918640616783932,5.2098139679566335,5.058472623510416,-0.7638886127905429,-0.64534811322955,0,1
2022-08-22,B,137.32,153.56,9,90,1,0,Store,West,2022,8,0,234,2.2082744135228043,4.922313968589491,5.034091370132597,-0.7748840413670406,-0.6321034111873488,0,1
2022-08-23,B,167.83,154.75,6,90,0,0,Online,West,2022,8,1,235,1.8082887711792655,5.122951562320088,5.041810911564705,-0.7856498550787144,-0.6186714032625032,0,1
2022-08-24,B,116.68,112.0,8,90,0,0,Online,East,2022,8,2,236,2.0918640616783932,4.759435144999521,4.718498871295094,-0.7961828637826154,-0.6050560696488494,0,1
2022-08-25,B,192.42,190.94,6,90,0,0,Store,East,2022,8,3,237,1.8082887711792655,5.259680482933119,5.251959242569887,-0.8064799463209447,-0.5912614448635782,0,1
2022-08-26,B,131.57,129.42,10,90,1,0,Online,West,2022,8,4,238,2.312535423847214,4.879539029377747,4.86306292962912,-0.8165380514459157,-0.5772916165517278,0,1
2022-08-27,B,150.84,139.18,6,90,0,1,Online,South,2022,8,5,239,1.8082887711792655,5.016219672390156,4.935768059416704,-0.8263541987239095,-0.5631507242749187,0,1
2022-08-28,B,143.75,141.15,9,90,0,1,Online,South,2022,8,6,240,2.2082744135228043,4.96807567967746,4.949823154699498,-0.8359254794186365,-0.5488429582847199,0,1
2022-08-29,B,118.94,123.94,7,90,0,0,Store,West,2022,8,0,241,1.9600947840472698,4.778619164278448,4.819797577533961,-0.8452490573530634,-0.5343725582809785,0,1
2022-08-30,B,149.24,135.25,6,90,0,0,Online,South,2022,8,1,242,1.8082887711792655,5.005555748352958,4.907124917726591,-0.8543221697498269,-0.5197438121555157,0,1
2022-08-31,B,144.79,163.44,7,90,0,0,Store,East,2022,8,2,243,1.9600947840472698,4.97528441679333,5.096445950509366,-0.8631421280499115,-0.5049610547215202,0,1
2022-09-01,B,166.4,171.29,5,90,0,0,Store,West,2022,9,3,244,1.62924053973028,5.114394528387108,5.143358026509894,-0.8717063187093218,-0.4900286664290594,0,1
2022-09-02,B,141.53,153.78,6,90,0,0,Online,North,2022,9,4,245,1.8082887711792655,4.952511708745748,5.035523009604034,-0.8800122039735356,-0.4749510720670502,0,1
2022-09-03,B,173.77,183.2,8,90,1,1,Store,South,2022,9,5,246,2.0918640616783932,5.157732585734163,5.21057845224003,-0.888057322629493,-0.4597327394521046,0,1
2022-09-04,B,160.98,152.05,8,90,0,1,Online,East,2022,9,6,247,2.0918640616783932,5.0812801336655875,5.024209414123374,-0.8958392907349089,-0.44437817810461344,0,1
2022-09-05,B,130.88,145.61,8,90,1,0,Store,South,2022,9,0,248,2.0918640616783932,4.8742808728544365,4.980931814722814,-0.9033558023246842,-0.4288919379124841,0,1
2022-09-06,B,168.95,153.43,6,90,0,0,Online,North,2022,9,1,249,1.8082887711792655,5.129602813160299,5.033244436957115,-0.9106046300942162,-0.41327860778290443,0,1
2022-09-07,B,185.33,182.65,7,90,1,0,Online,North,2022,9,2,250,1.9600947840472698,5.222138019809219,5.207571753241291,-0.9175836260593934,-0.3975428142825566,0,1
2022-09-08,B,169.48,158.02,5,90,0,0,Online,West,2022,9,3,251,1.62924053973028,5.132734925758358,5.062721607294587,-0.9242907221930934,-0.3816892202666586,0,1
2022-09-09,B,174.75,175.27,5,90,0,0,Store,East,2022,9,4,252,1.62924053973028,5.163356381113919,5.1663276420850845,-0.9307239310379793,-0.3657225234972692,0,1
2022-09-10,B,128.99,111.21,8,90,0,1,Store,South,2022,9,5,253,2.0918640616783932,4.859734881977045,4.71142030583075,-0.9368813462954315,-0.34964745525122826,0,1
2022-09-11,B,157.54,142.62,7,90,0,1,Online,North,2022,9,6,254,1.9600947840472698,5.059679394275178,4.960183750600158,-0.9427611433904206,-0.33346877891818705,0,1
2022-09-12,B,172.99,195.94,8,90,1,0,Online,East,2022,9,0,255,2.0918640616783932,5.153233789358886,5.277808489916496,-0.9483615800121716,-0.31719128858910595,0,1
2022-09-13,B,172.44,178.21,5,90,0,0,Store,North,2022,9,1,256,1.62924053973028,5.150049349878934,5.182962630185008,-0.9536809966304455,-0.300819807635668,0,1
2022-09-14,B,149.23,154.77,8,90,1,0,Online,West,2022,9,2,257,2.0918640616783932,5.0054887399433765,5.041940143924668,-0.9587178169872964,-0.2843591872810036,0,1
2022-09-15,B,182.53,191.69,7,90,1,0,Store,South,2022,9,3,258,1.9600947840472698,5.206914543074693,5.255879483850069,-0.9634705485641486,-0.26781430516217486,0,1
2022-09-16,B,154.8,138.25,5,90,0,0,Online,North,2022,9,4,259,1.62924053973028,5.042133961155627,4.929063640402444,-0.9679377830240642,-0.25119006388481957,0,1
2022-09-17,B,112.76,123.61,10,90,0,1,Online,West,2022,9,5,260,2.312535423847214,4.7252616662459115,4.817131447899731,-0.9721181966290612,-0.23449138957041052,0,1
2022-09-18,B,167.58,188.09,6,90,0,1,Store,South,2022,9,6,261,1.8082887711792655,5.121460849185141,5.236920571682713,-0.9760105506323682,-0.21772323039653224,0,1
2022-09-19,B,116.32,130.72,7,90,0,0,Online,West,2022,9,0,262,1.9600947840472698,4.756345013785209,4.873057631111693,-0.9796136916454901,-0.20089055513063528,0,1
2022-09-20,B,113.75,104.32,9,90,0,0,Online,South,2022,9,1,263,2.2082744135228043,4.7340030578310595,4.647463098178343,-0.9829265519799822,-0.18399835165767986,0,1
2022-09-21,B,137.27,134.07,7,90,0,0,Store,South,2022,9,2,264,1.9600947840472698,4.921949789263568,4.89836205161347,-0.9859481499638303,-0.1670516255021195,0,1
2022-09-22,B,121.07,120.76,8,90,1,0,Store,South,2022,9,3,265,2.0918640616783932,4.7963688907196484,4.793805104838638,-0.9886775902323404,-0.15005539834465262,0,1
2022-09-23,B,122.89,105.85,6,90,0,0,Store,South,2022,9,4,266,1.8082887711792655,4.811289646296506,4.662022997580874,-0.9911140639934546,-0.13301470653419636,0,1
2022-09-24,B,113.77,126.01,8,90,0,1,Online,South,2022,9,5,267,2.0918640616783932,4.734178866551625,4.836361268881602,-0.9932568492674143,-0.11593459959550066,0,1
2022-09-25,B,175.32,200.3,8,90,1,1,Online,West,2022,9,6,268,2.0918640616783932,5.166612875550609,5.299816242671772,-0.9951053111006974,-0.09882013873287211,0,1
2022-09-26,B,114.64,117.33,10,90,0,0,Online,West,2022,9,0,269,2.312535423847214,4.741796783519916,4.764990477435532,-0.99665890175417,-0.08167639533042288,0,1
2022-09-27,B,110.63,114.7,7,90,0,0,Store,South,2022,9,1,270,1.9600947840472698,4.70619130004682,4.742320024135325,-0.9979171608653922,-0.06450844944931625,0,1
2022-09-28,B,167.52,187.01,7,90,1,0,Store,North,2022,9,2,271,1.9600947840472698,5.121102747122227,5.231162091360629,-0.9988797155850335,-0.04732138832243232,0,1
2022-09-29,B,138.08,131.71,5,90,0,0,Store,North,2022,9,3,272,1.62924053973028,4.9278332273351175,4.880602536010955,-0.9995462806873573,-0.03012030484690836,0,1
2022-09-30,B,165.14,165.3,5,90,0,0,Store,East,2022,9,4,273,1.62924053973028,5.106793598989283,5.107762004826979,-0.9999166586547379,-0.012910296075008843,0,1
2022-10-01,B,139.88,129.09,7,90,0,1,Online,East,2022,10,5,274,1.9600947840472698,4.940784912195175,4.860509835518618,-0.9999907397361901,0.004303538296243821,0,1
2022-10-02,B,129.75,143.84,11,90,1,1,Online,South,2022,10,6,275,2.4069451083182885,4.865609522045998,4.96870157072331,-0.9997685019798909,0.021516097436222233,0,1
2022-10-03,B,141.36,144.29,6,90,0,0,Online,North,2022,10,0,276,1.8082887711792655,4.951309828011441,4.971825163309164,-0.9992500112396835,0.03872228089217399,0,1
2022-10-04,B,162.87,140.94,7,90,0,0,Online,West,2022,10,1,277,1.9600947840472698,5.092952336585469,4.948334267898876,-0.9984354211555643,0.05591699010060302,0,1
2022-10-05,B,187.75,175.74,6,90,1,0,Store,East,2022,10,2,278,1.8082887711792655,5.2351112906442445,5.169005630067697,-0.9973249731081555,0.07309512989807776,0,1
2022-10-06,B,140.54,144.36,6,90,0,0,Online,East,2022,10,3,279,1.8082887711792655,4.945492145764051,4.972310179774588,-0.9959189961471792,0.0902516100310407,0,1
2022-10-07,B,162.21,141.4,6,90,0,0,Online,North,2022,10,4,280,1.8082887711792655,5.088891792062023,4.951592753462473,-0.994217906893952,0.10738134666416306,0,1
2022-10-08,B,139.87,136.44,7,90,0,1,Online,South,2022,10,5,281,1.9600947840472698,4.940713419791213,4.915884957550445,-0.9922222094179324,0.12447926388678869,0,1
2022-10-09,B,183.52,167.29,6,90,0,1,Online,East,2022,10,6,282,1.8082887711792655,5.212323653381061,5.119728833343189,-0.989932495087353,0.141540295217043,0,1
2022-10-10,B,144.89,126.77,6,90,0,0,Online,South,2022,10,0,283,1.8082887711792655,4.97597483383263,4.842374420950636,-0.9873494423939864,0.15855938510313475,0,1
2022-10-11,B,174.89,169.05,6,90,0,0,Online,North,2022,10,1,284,1.8082887711792655,5.1641572048611,5.130194529153895,-0.9844738167520923,0.17553149042142777,0,1
2022-10-12,B,171.12,189.24,8,90,1,0,Online,East,2022,10,2,285,2.0918640616783932,5.14236506477415,5.2430160507629475,-0.9813064702716093,0.19245158197082995,0,1
2022-10-13,B,163.23,185.03,5,90,0,0,Online,West,2022,10,3,286,1.62924053973028,5.095160249165944,5.2205179740936245,-0.9778483415056568,0.20931464596304888,0,1
2022-10-14,B,117.29,112.72,7,90,0,0,Online,North,2022,10,4,287,1.9600947840472698,4.764649500533414,4.724906867590425,-0.9741004551724206,0.22611568550828803,0,1
2022-10-15,B,142.17,121.56,7,90,0,1,Store,West,2022,10,5,288,1.9600947840472698,4.957023524647607,4.800407968048592,-0.970063921851507,0.2428497220959358,0,1
2022-10-16,B,112.39,122.46,8,90,0,1,Online,East,2022,10,6,289,2.0918640616783932,4.721974965530176,4.8077844460498085,-0.965739937654855,0.25951179706979943,0,1
2022-10-17,B,159.6,145.63,6,90,0,0,Store,South,2022,10,0,290,1.8082887711792655,5.072670685015709,4.981069158494489,-0.9611297838723007,0.27609697309746883,0,1
2022-10-18,B,149.63,143.14,6,90,0,0,Store,North,2022,10,1,291,1.8082887711792655,5.008165580195328,4.963823172310452,-0.9562348265919058,0.2926003356333479,0,1
2022-10-19,B,134.35,138.64,7,90,0,0,Store,West,2022,10,2,292,1.9600947840472698,4.9004483350615,4.93188064540735,-0.9510565162951536,0.30901699437494723,0,1
2022-10-20,B,120.47,111.3,8,90,0,0,Online,North,2022,10,3,293,2.0918640616783932,4.791400759278761,4.712229258281499,-0.9455963874271428,0.3253420847119795,0,1
2022-10-21,B,129.77,130.14,8,90,0,0,Online,East,2022,10,4,294,2.0918640616783932,4.8657636527491395,4.8686107940668375,-0.9398560579418953,0.341570769167856,0,1
2022-10-22,B,170.54,167.05,6,90,0,1,Online,West,2022,10,5,295,1.8082887711792655,5.138969873313903,5.118293168802766,-0.9338372288229252,0.35769823883312546,0,1
2022-10-23,B,148.83,162.57,7,90,0,1,Store,East,2022,10,6,296,1.9600947840472698,5.0028047149810675,5.091108678246132,-0.9275416835791965,0.3737197147904692,0,1
2022-10-24,B,148.23,153.58,8,90,0,0,Store,South,2022,10,0,297,2.0918640616783932,4.998765121525769,5.034221603902398,-0.9209712877166346,0.38963044953078774,0,1
2022-10-25,B,152.78,175.33,7,90,0,0,Online,South,2022,10,1,298,1.9600947840472698,5.028998978113214,5.166669912482037,-0.9141279881853337,0.4054257283599973,0,1
2022-10-26,B,159.17,138.69,8,90,1,0,Online,North,2022,10,2,299,2.0918640616783932,5.069972813441763,4.932241226668244,-0.9070138128026362,0.42110087079608916,0,1
2022-10-27,B,172.33,167.07,6,90,0,0,Store,North,2022,10,3,300,1.8082887711792655,5.1494112432934855,5.118412886269687,-0.8996308696522434,0.4366512319560638,0,1
2022-10-28,B,137.18,139.76,7,90,0,0,Online,East,2022,10,4,301,1.9600947840472698,4.921293932071175,4.939926665825801,-0.8919813464595487,0.45207220393230374,0,1
2022-10-29,B,127.76,133.84,7,90,0,1,Online,East,2022,10,5,302,1.9600947840472698,4.850153503906757,4.896645056678569,-0.8840675099433637,0.46735921715800205,0,1
2022-10-30,B,145.49,141.21,7,90,0,1,Online,East,2022,10,6,303,1.9600947840472698,4.980107355727298,4.9502481440811605,-0.8758917051442433,0.48250774176121763,0,1
2022-10-31,B,146.22,155.43,6,90,0,0,Online,South,2022,10,0,304,1.8082887711792655,4.9851123368651695,5.046195469494807,-0.867456354729597,0.4975132889071803,0,1
2022-11-01,B,146.8,126.83,6,90,0,0,Store,East,2022,11,1,305,1.8082887711792655,4.9890711161804155,4.842847607079338,-0.858763958275803,0.5123714121284235,0,1
2022-11-02,B,118.38,109.56,7,90,0,0,Online,South,2022,11,2,306,1.9600947840472698,4.773899789262579,4.696472344394877,-0.8498170915275277,0.5270777086423724,0,1
2022-11-03,B,164.47,184.26,8,90,1,0,Store,West,2022,11,3,307,2.0918640616783932,5.102728182753178,5.216347803680786,-0.8406184056344783,0.5416278206559811,0,1
2022-11-04,B,132.72,127.9,8,90,1,0,Online,West,2022,11,4,308,2.0918640616783932,4.888241645882189,4.851248708584797,-0.8311706263658079,0.5560174366570446,0,1
2022-11-05,B,110.2,96.15,12,90,1,1,Store,East,2022,11,5,309,2.4932054526026954,4.702296896718814,4.565909472034789,-0.8214765533024145,0.5702422926917867,0,1
2022-11-06,B,204.78,210.54,6,90,0,1,Online,North,2022,11,6,310,1.8082887711792655,5.321936232146671,5.349675658823179,-0.8115390590073611,0.5842981736283683,0,1
2022-11-07,B,158.74,163.96,7,90,0,0,Online,North,2022,11,0,311,1.9600947840472698,5.0672676436627295,5.099622495636137,-0.8013610881746769,0.5981809144059159,0,1
2022-11-08,B,125.04,140.92,7,90,0,0,Store,South,2022,11,1,312,1.9600947840472698,4.828633686113221,4.948192353473037,-0.7909456567567774,0.6118864012687242,0,1
2022-11-09,B,161.37,163.14,7,90,0,0,Online,North,2022,11,2,313,1.9600947840472698,5.083699864953261,5.094608727872434,-0.780295851070776,0.6254105729852457,0,1
2022-11-10,B,175.92,170.49,6,90,0,0,Store,South,2022,11,3,314,1.8082887711792655,5.170029346246506,5.13867664397714,-0.7694148268839381,0.6387494220515268,0,1
2022-11-11,B,140.73,131.9,6,90,0,0,Store,East,2022,11,4,315,1.8082887711792655,4.946843161008476,4.882044059723269,-0.7583058084785625,0.6518989958787125,0,1
2022-11-12,B,118.08,125.67,8,90,0,1,Online,West,2022,11,5,316,2.0918640616783932,4.771362360852162,4.833659423627053,-0.7469720876965551,0.6648553979642867,0,1
2022-11-13,B,182.6,167.26,7,90,0,1,Online,West,2022,11,6,317,1.9600947840472698,5.207297968160868,5.11954948795338,-0.7354170229639858,0.6776147890466887,0,1
2022-11-14,B,158.52,168.85,7,90,0,0,Online,South,2022,11,0,318,1.9600947840472698,5.065880768322234,5.129010746831577,-0.7236440382959123,0.690173388242972,0,1
2022-11-15,B,148.78,168.65,8,90,0,0,Online,North,2022,11,1,319,2.0918640616783932,5.002468704763196,5.12782556150766,-0.7116566222817751,0.7025274741691566,0,1
2022-11-16,B,108.0,123.67,7,90,0,0,Online,South,2022,11,2,320,1.9600947840472698,4.68213122712422,4.817616727753966,-0.6994583270516471,0.7146733860429608,0,1
2022-11-17,B,154.68,149.22,9,90,1,0,Online,South,2022,11,3,321,2.2082744135228043,5.041358466739096,5.005421727043368,-0.6870527672236675,0.726607524768565,0,1
2022-11-18,B,168.95,185.8,6,90,0,0,Store,South,2022,11,4,322,1.8082887711792655,5.129602813160299,5.224670826379739,-0.6744436188329457,0.7383263540031063,0,1
2022-11-19,B,192.38,171.56,6,90,0,1,Online,North,2022,11,5,323,1.8082887711792655,5.259472582724469,5.14493305964868,-0.661634618242279,0.749826401204568,0,1
2022-11-20,B,129.14,119.71,7,90,0,1,Online,East,2022,11,6,324,1.9600947840472698,4.860897087198321,4.785072151263279,-0.6486295610349818,0.7611042586607742,0,1
2022-11-21,B,155.75,141.18,7,90,0,0,Online,East,2022,11,0,325,1.9600947840472698,5.048252157667562,4.950035671967326,-0.6354323008901775,0.7721565844991641,0,1
2022-11-22,B,131.19,147.91,8,90,0,0,Online,West,2022,11,1,326,2.0918640616783932,4.876646654092939,4.996603980683279,-0.622046748440868,0.7829801036770625,0,1
2022-11-23,B,166.29,144.76,7,90,1,0,Online,East,2022,11,2,327,1.9600947840472698,5.113733252099823,4.9750771986955415,-0.6084768701151264,0.7935716089521472,0,1
2022-11-24,B,146.49,140.73,9,90,1,0,Online,East,2022,11,3,328,2.2082744135228043,4.9869571667416785,4.946843161008476,-0.594726686960764,0.8039279618328208,0,1
2022-11-25,B,134.27,136.48,8,90,0,0,Store,South,2022,11,4,329,2.0918640616783932,4.899852698084617,4.916178083743369,-0.5808002734538014,0.8140460935082175,0,1
2022-11-26,B,144.97,138.58,11,90,1,1,Online,East,2022,11,5,330,2.4069451083182885,4.976526824462806,4.931447776199235,-0.5667017562911184,0.8239230057575536,0,1
2022-11-27,B,165.57,152.22,7,90,0,1,Store,East,2022,11,6,331,1.9600947840472698,5.10939406611952,5.025326842839245,-0.5524353131676203,0.8335557718385695,0,1
2022-11-28,B,145.19,155.27,8,90,0,0,Store,East,2022,11,0,332,2.0918640616783932,4.978043229495596,5.045165536993078,-0.5380051715382992,0.8429415373547832,0,1
2022-11-29,B,169.77,182.84,7,90,0,0,Online,East,2022,11,1,333,1.9600947840472698,5.134444579822542,5.2086114534635435,-0.5234156073655503,0.8520775211013093,0,1
2022-11-30,B,180.04,160.87,6,90,0,0,Online,East,2022,11,2,334,1.8082887711792655,5.1931790484247315,5.080596585402216,-0.5086709438521042,0.8609610158889945,0,1
2022-12-01,B,135.89,136.98,8,90,0,0,Online,West,2022,12,3,335,2.0918640616783932,4.911845734932406,4.919834929769759,-0.4937755501599774,0.8695893893466109,0,1
2022-12-02,B,142.43,143.09,8,90,0,0,Store,South,2022,12,4,336,2.0918640616783932,4.958850650946495,4.963473802918644,-0.4787338401157883,0.8779600847008883,0,1
2022-12-03,B,189.67,169.99,8,90,0,1,Online,South,2022,12,5,337,2.0918640616783932,5.245285719996231,5.135739611790679,-0.4635502709028512,0.8860706215341377,0,1
2022-12-04,B,137.71,124.74,11,90,1,1,Store,West,2022,12,6,338,2.4069451083182885,4.925150024739034,4.826231571097977,-0.4482293417404106,0.893918596519257,0,1
2022-12-05,B,163.7,170.12,7,90,0,0,Online,South,2022,12,0,339,1.9600947840472698,5.098035484377089,5.136504070385433,-0.4327755925504317,0.9015016841318838,0,1
2022-12-06,B,181.26,154.19,8,90,1,0,Online,East,2022,12,1,340,2.0918640616783932,5.199932464626635,5.038185608183261,-0.41719360261231697,0.9088176373395028,0,1
2022-12-07,B,170.96,186.05,7,90,0,0,Store,West,2022,12,2,341,1.9600947840472698,5.141429611010892,5.226015454792631,-0.4014879892059737,0.9158642882672868,0,1
2022-12-08,B,110.14,105.54,9,90,0,0,Store,North,2022,12,3,342,2.2082744135228043,4.7017522838343355,4.659090027977522,-0.38566340624360745,0.9226395488404875,0,1
2022-12-09,B,172.98,164.62,8,90,1,0,Online,North,2022,12,4,343,2.0918640616783932,5.153175980878366,5.103639787544498,-0.3697245428906732,0.9291414114031743,0,1
2022-12-10,B,161.79,149.78,8,90,0,1,Store,South,2022,12,5,344,2.0918640616783932,5.086299198017246,5.009167550821221,-0.3536761221763721,0.935367949313148,0,1
2022-12-11,B,170.21,148.09,10,90,1,1,Store,South,2022,12,6,345,2.312535423847214,5.137032968819882,4.997820197049412,-0.33752289959411347,0.941317317512847,0,1
2022-12-12,B,157.37,170.43,6,90,0,0,Online,East,2022,12,0,346,1.8082887711792655,5.058599720612773,5.138324655237145,-0.32126966169236515,0.946987753076075,0,1
2022-12-13,B,160.39,164.11,10,90,1,0,Store,West,2022,12,1,347,2.312535423847214,5.077608349349287,5.100536934691537,-0.3049212246562894,0.9523775757303973,0,1
2022-12-14,B,168.41,149.96,8,90,0,0,Online,North,2022,12,2,348,2.0918640616783932,5.126401482467963,5.010368591867711,-0.2884824328806098,0.9574851883550389,0,1
2022-12-15,B,151.22,129.7,12,90,1,0,Store,North,2022,12,3,349,2.4932054526026954,5.018735730130124,4.865224091322398,-0.27195815753410524,0.9623090774541487,0,1
2022-12-16,B,178.15,153.76,7,90,0,0,Online,East,2022,12,4,350,1.9600947840472698,5.182625892051845,5.035392945221982,-0.2553532951161881,0.9668478136052773,0,1
2022-12-17,B,173.31,171.82,11,90,1,1,Online,South,2022,12,5,351,2.4069451083182885,5.155081898461284,5.14644741720991,-0.23867276600594997,0.9711000518829505,0,1
2022-12-18,B,173.49,198.42,10,90,0,1,Online,South,2022,12,6,352,2.312535423847214,5.156119960838237,5.290385996221756,-0.22192151300416674,0.9750645322571945,0,1
2022-12-19,B,174.61,163.12,8,90,0,0,Store,West,2022,12,0,353,2.0918640616783932,5.162554915534036,5.0944861262662,-0.20510449986861926,0.9787400799669153,0,1
2022-12-20,B,207.72,202.19,7,90,0,0,Online,West,2022,12,1,354,1.9600947840472698,5.336191018976118,5.309207849379209,-0.1882267098432439,0.9821256058680006,0,1
2022-12-21,B,132.65,151.34,9,90,0,0,Store,South,2022,12,2,355,2.2082744135228043,4.8877140805837485,5.019528961266375,-0.1712931441814778,0.9852201067560606,0,1
2022-12-22,B,148.06,158.15,12,90,1,0,Store,South,2022,12,3,356,2.4932054526026954,4.997617597014952,5.063543949751658,-0.154308820664281,0.9880226656636976,0,1
2022-12-23,B,144.68,142.5,9,90,0,0,Online,West,2022,12,4,357,2.2082744135228043,4.974524407083897,4.959341999708705,-0.13727877211326517,0.9905324521322227,0,1
2022-12-24,B,147.53,150.0,9,90,0,1,Online,East,2022,12,5,358,2.2082744135228043,4.994031544929475,5.0106352940962555,-0.12020804489935275,0.9927487224577402,0,1
2022-12-25,B,143.65,134.37,13,90,1,1,Online,North,2022,12,6,359,2.5726122302071057,4.967379785425298,4.9005971888873185,-0.10310169744743544,0.9946708199115211,0,1
2022-12-26,B,160.78,177.31,8,90,0,0,Online,North,2022,12,0,360,2.0918640616783932,5.0800369708998145,5.177899613068897,-0.0859647987374467,0.9962981749346077,0,1
2022-12-27,B,142.32,142.93,8,90,0,0,Store,West,2022,12,1,361,2.0918640616783932,4.958078043357579,4.962354999921024,-0.06880242680232064,0.9976303053065857,0,1
2022-12-28,B,111.73,100.35,11,90,0,0,Store,North,2022,12,2,362,2.4069451083182885,4.716085246559246,4.608664075242347,-0.05161966722325418,0.9986668162884759,0,1
2022-12-29,B,127.34,142.24,13,90,1,0,Online,South,2022,12,3,363,2.5726122302071057,4.846860674588879,4.957515771765594,-0.034421611622745804,0.9994074007397048,0,1
2022-12-30,B,139.52,159.23,12,90,0,0,Online,West,2022,12,4,364,2.4932054526026954,4.938207960160669,5.070349697868335,-0.01721335615583528,0.9998518392091162,0,1
2022-12-31,B,134.2,147.67,12,90,0,1,Online,East,2022,12,5,365,2.4932054526026954,4.8993312245375815,4.994980054485683,6.432490598706546e-16,1.0,0,1
2023-01-01,B,163.92,160.03,10,90,1,1,Online,South,2023,1,6,1,2.312535423847214,5.0993785039306445,5.075361297657899,0.017213356155834685,0.9998518392091162,0,1
2023-01-02,B,150.98,158.31,9,90,0,0,Online,North,2023,1,0,2,2.2082744135228043,5.017147377711479,5.064555136085686,0.03442161162274574,0.9994074007397048,0,1
2023-01-03,B,164.35,188.1,9,90,0,0,Online,West,2023,1,1,3,2.2082744135228043,5.101998300110228,5.236973736306985,0.051619667223253764,0.998666816288476,0,1
2023-01-04,B,182.34,185.46,9,90,1,0,Online,East,2023,1,2,4,2.2082744135228043,5.205873076156757,5.22283922537208,0.06880242680231986,0.9976303053065857,0,1
2023-01-05,B,159.03,179.36,9,90,0,0,Online,South,2023,1,3,5,2.2082744135228043,5.069092863667825,5.18939495932385,0.08596479873744647,0.9962981749346078,0,1
2023-01-06,B,186.8,169.69,9,90,0,0,Store,East,2023,1,4,6,2.2082744135228043,5.230038525794742,5.133973242984735,0.10310169744743485,0.9946708199115211,0,1
2023-01-07,B,143.07,151.84,12,90,0,1,Store,North,2023,1,5,7,2.4932054526026954,4.963334020978243,5.022827334861618,0.1202080448993527,0.9927487224577402,0,1
2023-01-08,B,143.5,134.89,12,90,0,1,Online,East,2023,1,6,8,2.4932054526026954,4.966335035199676,4.904459631481588,0.13727877211326478,0.9905324521322229,0,1
2023-01-09,B,118.6,129.33,12,90,0,0,Store,East,2023,1,0,9,2.4932054526026954,4.775756486563625,4.862367277427153,0.15430882066428117,0.9880226656636976,0,1
2023-01-10,B,171.83,164.58,11,90,1,0,Store,East,2023,1,1,10,2.4069451083182885,5.146505615958654,5.1033967741775665,0.1712931441814776,0.9852201067560606,0,1
2023-01-11,B,154.14,173.45,11,90,0,0,Online,East,2023,1,2,11,2.4069451083182885,5.037861280349847,5.155889373415759,0.1882267098432442,0.9821256058680006,0,1
2023-01-12,B,167.43,176.27,9,90,0,0,Online,North,2023,1,3,12,2.2082744135228043,5.120565353468452,5.1720169104318625,0.2051044998686192,0.9787400799669153,0,1
2023-01-13,B,144.7,143.24,14,90,1,0,Online,North,2023,1,4,13,2.6461747973841225,4.974662633637438,4.964521545130232,0.22192151300416552,0.9750645322571948,0,1
2023-01-14,B,146.8,166.75,13,90,0,1,Online,West,2023,1,5,14,2.5726122302071057,4.9890711161804155,5.1164956847957335,0.2386727660059501,0.9711000518829505,0,1
2023-01-15,B,153.9,132.38,13,90,1,1,Online,North,2023,1,6,15,2.5726122302071057,5.0363030408448335,4.885676574690777,0.255353295116187,0.9668478136052775,0,1
2023-01-16,B,181.84,198.14,10,90,1,0,Store,West,2023,1,0,16,2.312535423847214,5.203127179544288,5.288973851544884,0.2719581575341055,0.9623090774541486,0,1
2023-01-17,B,134.75,153.69,14,90,1,0,Online,North,2023,1,1,17,2.6461747973841225,4.903421209789107,5.034937586619221,0.288482432880609,0.9574851883550393,0,1
2023-01-18,B,132.45,140.92,13,90,0,0,Online,East,2023,1,2,18,2.5726122302071057,4.886205215718078,4.948192353473037,0.30492122465628907,0.9523775757303974,0,1
2023-01-19,B,160.05,172.02,9,90,0,0,Store,West,2023,1,3,19,2.2082744135228043,5.075486266415872,5.147610749123333,0.3212696616923644,0.9469877530760753,0,1
2023-01-20,B,162.89,146.62,10,90,0,0,Store,North,2023,1,4,20,2.312535423847214,5.093075126369514,4.98784420579544,0.3375228995941133,0.9413173175128471,0,1
2023-01-21,B,168.76,145.9,10,90,0,1,Online,North,2023,1,5,21,2.312535423847214,5.128477587256138,4.98292145552874,0.3536761221763716,0.9353679493131483,0,1
2023-01-22,B,152.36,153.84,9,90,0,1,Store,East,2023,1,6,22,2.2082744135228043,5.026246141610403,5.035913101280524,0.3697245428906731,0.9291414114031743,0,1
2023-01-23,B,148.74,161.91,11,90,0,0,Online,East,2023,1,0,23,2.4069451083182885,5.002199815275154,5.087040625298661,0.38566340624360707,0.9226395488404876,0,1
2023-01-24,B,154.14,177.09,10,90,0,0,Online,North,2023,1,1,24,2.312535423847214,5.037861280349847,5.176658077920708,0.401487989205973,0.9158642882672872,0,1
2023-01-25,B,129.31,128.15,9,90,0,0,Online,East,2023,1,2,25,2.2082744135228043,4.86221262230776,4.85320145281008,0.4171936026123168,0.9088176373395029,0,1
2023-01-26,B,158.45,172.45,11,90,0,0,Online,East,2023,1,3,26,2.4069451083182885,5.06543908613693,5.15010733938285,0.4327755925504312,0.901501684131884,0,1
2023-01-27,B,161.6,165.89,10,90,0,0,Online,West,2023,1,4,27,2.312535423847214,5.085124146086995,5.1113249181041835,0.4482293417404106,0.893918596519257,0,1
2023-01-28,B,162.38,175.37,12,90,0,1,Store,East,2023,1,5,28,2.4932054526026954,5.089939267434301,5.166898027681201,0.4635502709028509,0.886070621534138,0,1
2023-01-29,B,185.29,158.83,12,90,1,1,Online,East,2023,1,6,29,2.4932054526026954,5.221922165294323,5.067834447847064,0.47873384011578846,0.8779600847008882,0,1
2023-01-30,B,187.15,208.29,10,90,1,0,Online,West,2023,1,0,30,2.312535423847214,5.231910434350438,5.338931339433292,0.4937755501599772,0.869589389346611,0,1
2023-01-31,B,147.5,153.97,12,90,0,0,Store,North,2023,1,1,31,2.4932054526026954,4.993828175779875,5.036757778241827,0.5086709438521044,0.8609610158889943,0,1
2023-02-01,B,143.13,140.9,16,90,1,0,Store,West,2023,2,2,32,2.7788192719904172,4.963753308196125,4.948050418904635,0.5234156073655503,0.8520775211013093,0,1
2023-02-02,B,146.85,144.51,12,90,0,0,Store,West,2023,2,3,33,2.4932054526026954,4.989411657644629,4.973348709310239,0.5380051715382996,0.8429415373547828,0,1
2023-02-03,B,142.71,136.15,17,90,1,0,Store,North,2023,2,4,34,2.8390784635086144,4.9608145991123,4.913757219119769,0.5524353131676196,0.8335557718385699,0,1
2023-02-04,B,160.03,156.84,11,90,0,1,Store,North,2023,2,5,35,2.4069451083182885,5.075361297657899,5.055226177424131,0.5667017562911176,0.8239230057575542,0,1
2023-02-05,B,175.12,162.1,13,90,0,1,Store,West,2023,2,6,36,2.5726122302071057,5.165471453214607,5.08821342874163,0.5808002734538009,0.8140460935082178,0,1
2023-02-06,B,108.0,110.6,14,90,0,0,Online,East,2023,2,0,37,2.6461747973841225,4.68213122712422,4.7059200890882344,0.5947266869607634,0.8039279618328213,0,1
2023-02-07,B,153.84,162.77,14,90,1,0,Online,East,2023,2,1,38,2.6461747973841225,5.035913101280524,5.092338161403407,0.6084768701151261,0.7935716089521474,0,1
2023-02-08,B,130.54,117.8,11,90,0,0,Online,West,2023,2,2,39,2.4069451083182885,4.871679693207072,4.768988271217486,0.6220467484408675,0.7829801036770629,0,1
2023-02-09,B,157.62,165.72,16,90,1,0,Online,South,2023,2,3,40,2.7788192719904172,5.060187072925504,5.1102996172092015,0.6354323008901774,0.7721565844991642,0,1
2023-02-10,B,154.79,166.14,15,90,1,0,Online,West,2023,2,4,41,2.714694743820879,5.042069359585786,5.112830806410925,0.6486295610349814,0.7611042586607747,0,1
2023-02-11,B,131.16,121.92,19,90,1,1,Online,South,2023,2,5,42,2.9496883350525844,4.876417951976448,4.803365091938336,0.6616346182422783,0.7498264012045686,0,1
2023-02-12,B,152.41,157.94,14,90,1,1,Store,South,2023,2,6,43,2.6461747973841225,5.026574257897758,5.062215214069435,0.6744436188329455,0.7383263540031065,0,1
2023-02-13,B,135.87,116.5,13,90,0,0,Online,West,2023,2,0,44,2.5726122302071057,4.911698546236233,4.757891273005756,0.6870527672236669,0.7266075247685656,0,1
2023-02-14,B,139.72,121.15,13,90,0,0,Online,South,2023,2,1,45,2.5726122302071057,4.939640419938631,4.797029447262535,0.6994583270516471,0.7146733860429609,0,1
2023-02-15,B,135.62,131.61,13,90,0,0,Store,West,2023,2,2,46,2.5726122302071057,4.909856857255696,4.879843003846233,0.7116566222817746,0.702527474169157,0,1
2023-02-16,B,131.39,144.87,12,90,0,0,Store,West,2023,2,3,47,2.4932054526026954,4.87816999965373,4.97583678855356,0.7236440382959124,0.6901733882429719,0,1
2023-02-17,B,159.43,140.8,13,90,0,0,Online,East,2023,2,4,48,2.5726122302071057,5.071604954419274,4.9473404437239425,0.7354170229639855,0.6776147890466889,0,1
2023-02-18,B,108.5,109.93,14,90,0,1,Online,South,2023,2,5,49,2.6461747973841225,4.686750172980514,4.699843799590773,0.7469720876965552,0.6648553979642865,0,1
2023-02-19,B,148.46,145.16,14,90,0,1,Store,East,2023,2,6,50,2.6461747973841225,5.000315561689401,4.977836582344869,0.7583058084785625,0.6518989958787126,0,1
2023-02-20,B,147.98,141.16,13,90,0,0,Store,North,2023,2,0,51,2.5726122302071057,4.997077129497405,4.949893998807069,0.7694148268839378,0.6387494220515272,0,1
2023-02-21,B,156.78,134.43,11,90,0,0,Store,North,2023,2,1,52,2.4069451083182885,5.0548435487605765,4.901043617466161,0.7802958510707755,0.6254105729852463,0,1
2023-02-22,B,109.83,101.63,16,90,0,0,Online,North,2023,2,2,53,2.7788192719904172,4.698933715800255,4.621338767149675,0.7909456567567772,0.6118864012687243,0,1
2023-02-23,B,136.33,119.56,12,90,0,0,Online,East,2023,2,3,54,2.4932054526026954,4.915078417198038,4.783818337415737,0.8013610881746766,0.5981809144059164,0,1
2023-02-24,B,146.28,126.28,14,90,0,0,Store,South,2023,2,4,55,2.6461747973841225,4.98552259328118,4.838501663689791,0.8115390590073611,0.5842981736283683,0,1
2023-02-25,B,132.41,150.91,15,90,0,1,Store,South,2023,2,5,56,2.714694743820879,4.885903169351665,5.016683632630459,0.8214765533024142,0.5702422926917871,0,1
2023-02-26,B,152.84,132.09,13,90,0,1,Online,North,2023,2,6,57,2.5726122302071057,5.029391622578699,4.883483508435773,0.8311706263658079,0.5560174366570446,0,1
2023-02-27,B,161.16,172.32,10,90,0,0,Online,North,2023,2,0,58,2.312535423847214,5.082397660323147,5.149353213408078,0.8406184056344782,0.5416278206559814,0,1
2023-02-28,B,139.85,136.08,14,90,0,0,Online,West,2023,2,1,59,2.6461747973841225,4.940570419647969,4.913242948087606,0.8498170915275278,0.5270777086423722,0,1
2023-03-01,B,129.91,111.33,14,90,0,0,Store,West,2023,3,2,60,2.6461747973841225,4.866841903007641,4.712498763740616,0.8587639582758029,0.5123714121284237,0,1
2023-03-02,B,149.67,163.25,13,90,0,0,Online,West,2023,3,3,61,2.5726122302071057,5.008432870541055,5.09528276815654,0.8674563547295968,0.49751328890718066,0,1
2023-03-03,B,159.88,157.72,14,90,0,0,Store,South,2023,3,4,62,2.6461747973841225,5.074423533843123,5.060821309009427,0.8758917051442429,0.48250774176121847,0,1
2023-03-04,B,168.4,150.63,15,90,0,1,Online,South,2023,3,5,63,2.714694743820879,5.126342101808226,5.014826498714724,0.8840675099433636,0.46735921715800227,0,1
2023-03-05,B,146.02,162.95,16,90,0,1,Online,South,2023,3,6,64,2.7788192719904172,4.98374359862794,5.093443405283571,0.8919813464595485,0.45207220393230435,0,1
2023-03-06,B,125.71,129.12,14,90,0,0,Store,South,2023,3,0,65,2.6461747973841225,4.83397766692674,4.860742204521639,0.8996308696522433,0.43665123195606403,0,1
2023-03-07,B,142.03,157.86,12,90,0,0,Store,East,2023,3,1,66,2.4932054526026954,4.956038302893036,5.061708564280257,0.9070138128026359,0.4211008707960896,0,1
2023-03-08,B,173.69,178.72,12,90,0,0,Online,West,2023,3,2,67,2.4932054526026954,5.157272101065921,5.185820335320891,0.9141279881853337,0.40542572835999735,0,1
2023-03-09,B,163.34,178.01,11,90,0,0,Online,East,2023,3,3,68,2.4069451083182885,5.09583391793013,5.181839728489342,0.9209712877166346,0.38963044953078796,0,1
2023-03-10,B,147.88,126.47,12,90,0,0,Store,East,2023,3,4,69,2.4932054526026954,4.996401134068432,4.840005125891885,0.9275416835791966,0.37371971479046906,0,1
2023-03-11,B,138.74,158.78,19,90,0,1,Store,South,2023,3,5,70,2.9496883350525844,4.932601677957155,5.067519596296967,0.9338372288229252,0.35769823883312546,0,1
2023-03-12,B,136.14,133.46,16,90,0,1,Online,South,2023,3,6,71,2.7788192719904172,4.913683768019805,4.893801807475461,0.9398560579418954,0.3415707691678556,0,1
2023-03-13,B,145.49,133.61,15,90,0,0,Online,North,2023,3,0,72,2.714694743820879,4.980107355727298,4.894925108600803,0.9455963874271426,0.3253420847119801,0,1
2023-03-14,B,146.54,156.42,13,90,0,0,Online,North,2023,3,1,73,2.5726122302071057,4.987298428731818,5.052544697173465,0.9510565162951535,0.30901699437494745,0,1
2023-03-15,B,147.4,132.8,13,90,0,0,Store,South,2023,3,2,74,2.5726122302071057,4.993149979755236,4.888844237042334,0.9562348265919056,0.29260033563334836,0,1
2023-03-16,B,131.89,141.11,15,90,0,0,Online,West,2023,3,3,75,2.714694743820879,4.881968241837793,4.949539728069669,0.9611297838723007,0.27609697309746883,0,1
2023-03-17,B,146.89,163.69,12,90,0,0,Store,North,2023,3,4,76,2.4932054526026954,4.989684007343324,5.097974395156263,0.9657399376548549,0.2595117970697999,0,1
2023-03-18,B,145.97,163.04,24,90,1,1,Online,South,2023,3,5,77,3.1822118404966093,4.983401121142487,5.093995569474415,0.970063921851507,0.2428497220959356,0,1
2023-03-19,B,135.38,119.09,16,90,0,1,Online,East,2023,3,6,78,2.7788192719904172,4.908085639080461,4.779879509779905,0.9741004551724205,0.22611568550828828,0,1
2023-03-20,B,185.94,174.27,13,90,0,0,Store,North,2023,3,0,79,2.5726122302071057,5.225424041027712,5.160605820672551,0.9778483415056568,0.20931464596304847,0,1
2023-03-21,B,150.95,165.95,14,90,0,0,Online,West,2023,3,1,80,2.6461747973841225,5.016948656152848,5.1116865381659835,0.9813064702716093,0.19245158197082998,0,1
2023-03-22,B,129.41,127.43,17,90,0,0,Store,North,2023,3,2,81,2.8390784635086144,4.862985658833579,4.847567194224188,0.9844738167520922,0.1755314904214282,0,1
2023-03-23,B,176.6,177.02,12,90,0,0,Store,West,2023,3,3,82,2.4932054526026954,5.173887288169859,5.1762627205407306,0.9873494423939864,0.15855938510313478,0,1
2023-03-24,B,142.92,162.63,13,90,0,0,Online,East,2023,3,4,83,2.5726122302071057,4.962285033155209,5.091477681940357,0.989932495087353,0.141540295217043,0,1
2023-03-25,B,146.13,124.99,21,90,1,1,Online,West,2023,3,5,84,3.0492730404820207,4.984496636486561,4.82823373410213,0.9922222094179323,0.12447926388678915,0,1
2023-03-26,B,153.59,150.4,12,90,0,1,Online,West,2023,3,6,85,2.4932054526026954,5.0342867144275365,5.0132984115157395,0.994217906893952,0.10738134666416309,0,1
2023-03-27,B,161.89,179.83,13,90,0,0,Online,North,2023,3,0,86,2.5726122302071057,5.086917092253414,5.192011960177106,0.995918996147179,0.09025161003104117,0,1
2023-03-28,B,119.67,135.16,15,90,0,0,Online,South,2023,3,1,87,2.714694743820879,4.784737954585425,4.90645926184609,0.9973249731081555,0.07309512989807777,0,1
2023-03-29,B,159.13,138.06,12,90,0,0,Store,East,2023,3,2,88,2.4932054526026954,5.0697214782220925,4.92768837327533,0.9984354211555643,0.055916990100603484,0,1
2023-03-30,B,119.85,116.51,20,90,1,0,Store,North,2023,3,3,89,3.0007198150650303,4.786240960880393,4.757977106231849,0.9992500112396835,0.03872228089217446,0,1
2023-03-31,B,157.32,152.08,14,90,0,0,Online,East,2023,3,4,90,2.6461747973841225,5.058281947563609,5.024406698180174,0.9997685019798909,0.021516097436222254,0,1
2023-04-01,B,156.54,144.78,16,90,0,1,Store,South,2023,4,5,91,2.7788192719904172,5.053311568376692,4.975215348864995,0.9999907397361901,0.004303538296244289,0,1
2023-04-02,B,147.17,143.45,16,90,0,1,Online,West,2023,4,6,92,2.7788192719904172,4.9915883811760215,4.965986542427374,0.9999166586547379,-0.01291029607500882,0,1
2023-04-03,B,149.76,132.31,14,90,0,0,Store,North,2023,4,0,93,2.6461747973841225,5.009034012729282,4.88514765405432,0.9995462806873573,-0.030120304846908114,0,1
2023-04-04,B,156.82,149.33,14,90,0,0,Store,South,2023,4,1,94,2.6461747973841225,5.055098650802776,5.006158622069178,0.9988797155850336,-0.04732138832243185,0,1
2023-04-05,B,149.66,149.79,14,90,0,0,Online,South,2023,4,2,95,2.6461747973841225,5.008366054652212,5.009234313180627,0.9979171608653922,-0.06450844944931623,0,1
2023-04-06,B,143.18,153.49,15,90,0,0,Online,West,2023,4,3,96,2.714694743820879,4.964102579968039,5.033635418325317,0.9966589017541702,-0.08167639533042241,0,1
2023-04-07,B,181.97,182.37,14,90,1,0,Store,South,2023,4,4,97,2.6461747973841225,5.203841838325151,5.206037590428741,0.9951053111006976,-0.09882013873287143,0,1
2023-04-08,B,141.17,155.5,17,90,0,1,Store,West,2023,4,5,98,2.8390784635086144,4.9499648378961085,5.0466457316192885,0.9932568492674143,-0.11593459959550041,0,1
2023-04-09,B,137.51,126.14,18,90,0,1,Store,East,2023,4,6,99,2.89591193827178,4.923696641734853,4.837392401235505,0.9911140639934547,-0.1330147065341959,0,1
2023-04-10,B,182.26,200.45,13,90,0,0,Store,East,2023,4,0,100,2.5726122302071057,5.205434239067981,5.300564839088516,0.9886775902323405,-0.1500553983446526,0,1
2023-04-11,B,112.59,116.4,16,90,0,0,Online,South,2023,4,1,101,2.7788192719904172,4.723752901815039,4.757032535297338,0.9859481499638304,-0.16705162550211924,0,1
2023-04-12,B,166.67,175.62,13,90,0,0,Online,South,2023,4,2,102,2.5726122302071057,5.116015809554085,5.168322569931849,0.9829265519799822,-0.18399835165768005,0,1
2023-04-13,B,147.48,139.38,10,90,0,0,Online,North,2023,4,3,103,2.312535423847214,4.993692573365943,4.937204016010373,0.9796136916454901,-0.20089055513063506,0,1
2023-04-14,B,146.14,159.66,15,90,0,0,Online,West,2023,4,4,104,2.714694743820879,4.984565066363071,5.073046554217653,0.9760105506323683,-0.21772323039653177,0,1
2023-04-15,B,152.07,166.14,15,90,0,1,Store,East,2023,4,5,105,2.714694743820879,5.024340941152368,5.112830806410925,0.9721181966290613,-0.23449138957040985,0,1
2023-04-16,B,168.79,151.15,13,90,0,1,Store,West,2023,4,6,106,2.5726122302071057,5.1286553387008365,5.018272721225467,0.9679377830240642,-0.25119006388481935,0,1
2023-04-17,B,149.11,149.18,11,90,0,0,Online,North,2023,4,0,107,2.4069451083182885,5.0046842886028164,5.005153630527017,0.9634705485641488,-0.2678143051621742,0,1
2023-04-18,B,177.96,173.38,13,90,0,0,Store,West,2023,4,1,108,2.5726122302071057,5.181558805937841,5.155485717440494,0.9587178169872964,-0.2843591872810034,0,1
2023-04-19,B,161.17,152.51,12,90,0,0,Store,West,2023,4,2,109,2.4932054526026954,5.082459708534627,5.027230167668092,0.9536809966304457,-0.30081980763566735,0,1
2023-04-20,B,151.45,134.67,15,90,0,0,Store,West,2023,4,3,110,2.714694743820879,5.020255537473246,4.9028273414619505,0.9483615800121715,-0.3171912885891061,0,1
2023-04-21,B,142.3,123.29,12,90,0,0,Store,North,2023,4,4,111,2.4932054526026954,4.957937505095806,4.814539303880461,0.9427611433904207,-0.3334687789181868,0,1
2023-04-22,B,129.47,111.34,15,90,0,1,Store,West,2023,4,5,112,2.714694743820879,4.863449194070556,4.7125885827553615,0.9368813462954315,-0.3496474552512284,0,1
2023-04-23,B,159.06,152.48,15,90,0,1,Store,South,2023,4,6,113,2.714694743820879,5.069281489528989,5.027033439905892,0.9307239310379795,-0.36572252349726897,0,1
2023-04-24,B,153.2,142.82,11,90,0,0,Online,East,2023,4,0,114,2.4069451083182885,5.0317442573064906,4.961585096120964,0.9242907221930934,-0.3816892202666588,0,1
2023-04-25,B,123.54,115.28,18,90,0,0,Online,West,2023,4,1,115,2.89591193827178,4.816564990267753,4.747363951691266,0.9175836260593937,-0.39754281428255595,0,1
2023-04-26,B,162.36,153.58,13,90,0,0,Store,South,2023,4,2,116,2.5726122302071057,5.089816091970697,5.034221603902398,0.9106046300942163,-0.4132786077829042,0,1
2023-04-27,B,162.16,143.8,16,90,1,0,Online,East,2023,4,3,117,2.7788192719904172,5.088583502143744,4.9684234452869465,0.9033558023246845,-0.4288919379124835,0,1
2023-04-28,B,131.22,115.48,15,90,0,0,Online,West,2023,4,4,118,2.714694743820879,4.876875303916732,4.749097354794734,0.895839290734909,-0.4443781781046132,0,1
2023-04-29,B,130.29,125.65,15,90,0,1,Store,North,2023,4,5,119,2.714694743820879,4.86976273521484,4.833500263989602,0.8880573226294932,-0.45973273945210397,0,1
2023-04-30,B,154.95,175.88,20,90,1,1,Online,East,2023,4,6,120,3.0007198150650303,5.043102484233757,5.169801944312609,0.8800122039735357,-0.47495107206704995,0,1
2023-05-01,B,164.45,183.78,12,90,1,0,Online,West,2023,5,0,121,2.4932054526026954,5.102606572635066,5.213739390072739,0.8717063187093218,-0.49002866642905923,0,1
2023-05-02,B,169.36,186.28,10,90,0,0,Online,North,2023,5,1,122,2.312535423847214,5.13202662682661,5.227250918114176,0.8631421280499114,-0.5049610547215204,0,1
2023-05-03,B,156.48,179.59,13,90,0,0,Online,South,2023,5,2,123,2.5726122302071057,5.0529282062865075,5.190676475030645,0.854322169749827,-0.5197438121555155,0,1
2023-05-04,B,168.78,170.51,10,90,0,0,Online,South,2023,5,3,124,2.312535423847214,5.12859609172982,5.13879394603006,0.8452490573530633,-0.5343725582809787,0,1
2023-05-05,B,162.62,152.0,14,90,1,0,Online,West,2023,5,4,125,2.6461747973841225,5.091416190779691,5.0238805208462765,0.835925479418637,-0.548842958284719,0,1
2023-05-06,B,132.12,138.21,18,90,0,1,Online,West,2023,5,5,126,2.89591193827178,4.883710600522589,4.928774267615935,0.8263541987239096,-0.5631507242749186,0,1
2023-05-07,B,148.81,169.8,15,90,0,1,Online,East,2023,5,6,127,2.714694743820879,5.002670324441959,5.134621273877247,0.8165380514459161,-0.5772916165517272,0,1
2023-05-08,B,144.01,128.82,12,90,0,0,Store,South,2023,5,0,128,2.4932054526026954,4.969882741609291,4.858416081118745,0.8064799463209448,-0.5912614448635781,0,1
2023-05-09,B,147.95,134.5,12,90,0,0,Online,South,2023,5,1,129,2.4932054526026954,4.996874378846218,4.901564199041894,0.7961828637826158,-0.6050560696488488,0,1
2023-05-10,B,123.38,119.78,13,90,0,0,Store,North,2023,5,2,130,2.5726122302071057,4.815269023781492,4.785656726836316,0.7856498550787145,-0.6186714032625031,0,1
2023-05-11,B,137.82,148.3,14,90,0,0,Online,West,2023,5,3,131,2.6461747973841225,4.925948485929061,4.999237249143887,0.7748840413670407,-0.6321034111873487,0,1
2023-05-12,B,111.49,101.2,17,90,0,0,Online,South,2023,5,4,132,2.8390784635086144,4.71393490077948,4.617098756853365,0.7638886127905428,-0.6453481132295501,0,1
2023-05-13,B,149.8,145.64,12,90,0,1,Store,East,2023,5,5,133,2.4932054526026954,5.00930107108312,4.9811378233072325,0.7526668275320084,-0.6584015846980488,0,1
2023-05-14,B,167.34,174.58,15,90,0,1,Online,East,2023,5,6,134,2.714694743820879,5.120027670867453,5.162383089307204,0.741222010848596,-0.6712599575675313,0,1
2023-05-15,B,159.72,150.64,16,90,1,0,Online,North,2023,5,0,135,2.7788192719904172,5.073422282195021,5.014892884348897,0.7295575540864875,-0.6839194216246106,0,1
2023-05-16,B,140.75,142.15,15,90,1,0,Store,North,2023,5,1,136,2.714694743820879,4.9469852670198,4.956882838097009,0.717676913675962,-0.6963762255968722,0,1
2023-05-17,B,163.58,181.62,12,90,0,0,Online,South,2023,5,2,137,2.4932054526026954,5.097302167306828,5.201916592261682,0.705583610107178,-0.7086266782644596,0,1
2023-05-18,B,188.82,166.83,10,90,0,0,Online,East,2023,5,3,138,2.312535423847214,5.240794180304371,5.116975329867582,0.6932812268869777,-0.7206671495538609,0,1
2023-05-19,B,189.48,201.23,12,90,1,0,Store,East,2023,5,4,139,2.4932054526026954,5.244283478055551,5.304448532478276,0.6807734094770161,-0.7324940716135789,0,1
2023-05-20,B,134.8,154.49,14,90,0,1,Online,West,2023,5,5,140,2.6461747973841225,4.9037921984782065,5.040129369323958,0.6680638642135335,-0.7441039398713607,0,1
2023-05-21,B,142.57,130.57,12,90,0,1,Store,West,2023,5,6,141,2.4932054526026954,4.95983310716587,4.871909481419947,0.6551563572090853,-0.7554933140726803,0,1
2023-05-22,B,167.83,186.5,15,90,1,0,Online,West,2023,5,0,142,2.714694743820879,5.122951562320088,5.2284312390838705,0.6420547132365637,-0.766658819300159,0,1
2023-05-23,B,141.75,156.48,10,90,0,0,Store,East,2023,5,1,143,2.312535423847214,4.954064942607862,5.0529282062865075,0.6287628145958344,-0.777597146973627,0,1
2023-05-24,B,171.56,157.41,10,90,0,0,Online,West,2023,5,2,144,2.312535423847214,5.14493305964868,5.05885386636673,0.6152845999633276,-0.7883050558305255,0,1
2023-05-25,B,135.69,126.64,13,90,0,0,Store,South,2023,5,3,145,2.5726122302071057,4.910372872157861,4.841348415572757,0.6016240632249226,-0.7987793728863649,0,1
2023-05-26,B,156.8,135.72,10,90,0,0,Online,East,2023,5,4,146,2.312535423847214,5.054971107916307,4.910593939916029,0.5877852522924732,-0.8090169943749473,0,1
2023-05-27,B,170.7,167.33,11,90,0,1,Store,North,2023,5,5,147,2.4069451083182885,5.139907629800395,5.119967910506483,0.5737722679043246,-0.8190148866680801,0,1
2023-05-28,B,121.09,130.41,16,90,0,1,Store,South,2023,5,6,148,2.7788192719904172,4.796534070766275,4.8706833336688105,0.5595892624101765,-0.8287700871745037,0,1
2023-05-29,B,166.5,150.94,13,90,1,0,Online,West,2023,5,0,149,2.5726122302071057,5.1149953094204985,5.016882406856722,0.545240438540651,-0.8382797052177743,0,1
2023-05-30,B,148.85,162.3,11,90,0,0,Store,East,2023,5,1,150,2.4069451083182885,5.002939087461785,5.089446474520545,0.5307300481619334,-0.8475409228928311,0,1
2023-05-31,B,161.85,168.36,14,90,1,0,Online,West,2023,5,2,151,2.6461747973841225,5.086669980372253,5.12610454390237,0.5160623910158528,-0.8565509959010036,0,1
2023-06-01,B,150.62,168.1,11,90,0,0,Store,West,2023,6,3,152,2.4069451083182885,5.014760108673205,5.12455904041457,0.5012418134457758,-0.865307254363206,0,1
2023-06-02,B,143.5,163.73,15,90,1,0,Store,West,2023,6,4,153,2.714694743820879,4.966335035199676,5.098218729651401,0.48627270710869,-0.8738071036110808,0,1
2023-06-03,B,157.62,139.65,14,90,0,1,Online,South,2023,6,5,154,2.6461747973841225,5.060187072925504,4.939139292391186,0.4711595076738638,-0.8820480249558537,0,1
2023-06-04,B,165.75,182.06,10,90,0,1,Online,North,2023,6,6,155,2.312535423847214,5.110480629065972,5.204336303077143,0.4559066935084588,-0.8900275764346767,0,1
2023-06-05,B,142.1,124.25,11,90,0,0,Store,South,2023,6,0,156,2.4069451083182885,4.956531035103055,4.822295664976738,0.440518784350495,-0.8977433935342337,0,1
2023-06-06,B,142.55,141.45,13,90,0,0,Online,East,2023,6,1,157,2.5726122302071057,4.9596928153586815,4.951946297747576,0.42500033996955416,-0.9051931898913974,0,1
2023-06-07,B,188.19,208.3,8,90,0,0,Online,North,2023,6,2,158,2.0918640616783932,5.237452090776761,5.3389793482669266,0.4093559588156213,-0.9123747579707273,0,1
2023-06-08,B,129.33,142.89,15,90,1,0,Store,North,2023,6,3,159,2.714694743820879,4.862367277427153,4.9620751034808785,0.39359027665646673,-0.9192859697186104,0,1
2023-06-09,B,108.7,114.4,15,90,0,0,Online,East,2023,6,4,160,2.714694743820879,4.688591794127164,4.739701078945697,0.3777079652039649,-0.9259247771938498,0,1
2023-06-10,B,137.08,135.45,14,90,0,1,Online,East,2023,6,5,161,2.6461747973841225,4.920564697006408,4.908602568531104,0.36171373072976765,-0.9322892131745133,0,1
2023-06-11,B,183.73,197.86,10,90,0,1,Online,North,2023,6,6,162,2.312535423847214,5.2134672886316435,5.287559709895077,0.3456123126707335,-0.9383773917408641,0,1
2023-06-12,B,146.2,161.84,10,90,0,0,Store,South,2023,6,0,163,2.312535423847214,4.9849755473156785,5.08660819285949,0.3294084822245304,-0.9441875088341993,0,1
2023-06-13,B,162.74,178.51,9,90,0,0,Online,West,2023,6,1,164,2.2082744135228043,5.092153835268511,5.18464462205946,0.3131070409358269,-0.9497178427914316,0,1
2023-06-14,B,155.68,153.37,9,90,0,0,Store,East,2023,6,2,165,2.2082744135228043,5.047802618437695,5.032853302662689,0.29671281927349075,-0.9549667548552551,0,1
2023-06-15,B,165.54,168.8,8,90,0,0,Online,South,2023,6,3,166,2.0918640616783932,5.1092128574572495,5.128714582161857,0.28023067519921585,-0.9599326896597447,0,1
2023-06-16,B,176.36,177.31,8,90,0,0,Store,South,2023,6,4,167,2.0918640616783932,5.172527360489737,5.177899613068897,0.26366549272800704,-0.9646141756912435,0,1
2023-06-17,B,161.17,181.7,13,90,1,1,Online,North,2023,6,5,168,2.5726122302071057,5.082459708534627,5.202356975402125,0.24702218048093552,-0.9690098257244062,0,1
2023-06-18,B,133.19,119.46,12,90,0,1,Online,South,2023,6,6,169,2.4932054526026954,4.891776680212939,4.7829815873041595,0.23030567023061221,-0.9731183372332619,0,1
2023-06-19,B,167.66,185.08,10,90,0,0,Store,West,2023,6,0,170,2.312535423847214,5.1219381192097115,5.220788164038799,0.21352091543979612,-0.9769384927771817,0,1
2023-06-20,B,141.44,126.92,10,90,0,0,Online,East,2023,6,1,171,2.312535423847214,4.951875598889333,4.843556966714995,0.19667288979357647,-0.980469160361632,0,1
2023-06-21,B,110.42,122.93,15,90,0,0,Online,South,2023,6,2,172,2.714694743820879,4.704291276855899,4.811615087679249,0.1797665857255624,-0.9837092937736097,0,1
2023-06-22,B,165.91,184.48,8,90,0,0,Store,North,2023,6,3,173,2.0918640616783932,5.111445472655264,5.217541056520749,0.16280701293851715,-0.986657932891657,0,1
2023-06-23,B,146.76,165.12,11,90,0,0,Online,North,2023,6,4,174,2.4069451083182885,4.988798599487081,5.106672482293198,0.1457991969198751,-0.9893142039703663,0,1
2023-06-24,B,111.86,109.48,19,90,1,1,Store,North,2023,6,5,175,2.9496883350525844,4.717248089393442,4.695741884172478,0.12874817745258132,-0.99167731989929,0,1
2023-06-25,B,142.37,161.1,12,90,0,1,Store,East,2023,6,6,176,2.4932054526026954,4.958429302625654,5.082025290182929,0.11165900712169512,-0.993746580436178,0,1
2023-06-26,B,173.27,151.69,9,90,0,0,Online,South,2023,6,0,177,2.2082744135228043,5.154851071522756,5.021838964603581,0.09453674981719912,-0.9955213724144752,0,1
2023-06-27,B,147.04,168.18,13,90,1,0,Online,East,2023,6,1,178,2.5726122302071057,4.990704658607377,5.125034834404752,0.07738647923346301,-0.9970011699250151,0,1
2023-06-28,B,158.74,147.48,8,90,0,0,Online,North,2023,6,2,179,2.0918640616783932,5.0672676436627295,4.993692573365943,0.06021327736579302,-0.9981855344718586,0,1
2023-06-29,B,178.67,197.7,8,90,1,0,Online,East,2023,6,3,180,2.0918640616783932,5.185540528945076,5.286750730176571,0.04302223300453059,-0.99907411510223,0,1
2023-06-30,B,179.71,166.37,9,90,1,0,Online,West,2023,6,4,181,2.2082744135228043,5.191344440543931,5.1142142236716515,0.02581844022713308,-0.9996666485105112,0,1
2023-07-01,B,170.87,173.11,10,90,0,1,Store,West,2023,7,5,182,2.312535423847214,5.140903033460182,5.153927230588638,0.008606996888688698,-0.9999629591162655,0,1
2023-07-02,B,137.98,143.89,10,90,0,1,Store,South,2023,7,6,183,2.312535423847214,4.927108747117963,4.9690491187753265,-0.008606996888688009,-0.9999629591162655,0,1
2023-07-03,B,140.4,136.02,12,90,1,0,Store,North,2023,7,0,184,2.4932054526026954,4.944495491591711,4.912801933747493,-0.02581844022713239,-0.9996666485105112,0,1
2023-07-04,B,155.79,156.87,10,90,1,0,Store,South,2023,7,1,185,2.312535423847214,5.048508946524337,5.055417436868149,-0.04302223300453034,-0.99907411510223,0,1
2023-07-05,B,177.55,174.2,8,90,0,0,Online,South,2023,7,2,186,2.0918640616783932,5.179252259389097,5.160204064418402,-0.060213277365792774,-0.9981855344718586,0,1
2023-07-06,B,137.28,121.85,8,90,0,0,Online,East,2023,7,3,187,2.0918640616783932,4.922022635739652,4.8027907800712155,-0.07738647923346322,-0.9970011699250151,0,1
2023-07-07,B,141.93,140.38,10,90,0,0,Online,East,2023,7,4,188,2.312535423847214,4.955333978311167,4.944353031302275,-0.09453674981719933,-0.9955213724144752,0,1
2023-07-08,B,166.55,177.74,9,90,0,1,Online,North,2023,7,5,189,2.2082744135228043,5.1152955646396885,5.180321808310329,-0.11165900712169444,-0.9937465804361781,0,1
2023-07-09,B,159.02,165.01,11,90,0,1,Online,South,2023,7,6,190,2.4069451083182885,5.069029980473338,5.106006078124714,-0.12874817745258066,-0.99167731989929,0,1
2023-07-10,B,147.95,136.96,8,90,0,0,Store,East,2023,7,0,191,2.0918640616783932,4.996874378846218,4.919688912393432,-0.14579919691987442,-0.9893142039703664,0,1
2023-07-11,B,126.22,114.0,12,90,1,0,Store,East,2023,7,1,192,2.4932054526026954,4.838026416156094,4.736198448394496,-0.16280701293851646,-0.9866579328916572,0,1
2023-07-12,B,133.38,114.54,9,90,0,0,Online,East,2023,7,2,193,2.2082744135228043,4.89320219720416,4.7409241069657115,-0.17976658572556214,-0.9837092937736098,0,1
2023-07-13,B,159.03,149.35,8,90,0,0,Online,West,2023,7,3,194,2.0918640616783932,5.069092863667825,5.006292544662119,-0.19667288979357622,-0.9804691603616321,0,1
2023-07-14,B,161.92,149.12,8,90,0,0,Store,South,2023,7,4,195,2.0918640616783932,5.087102386099101,5.004751350937281,-0.2135209154397959,-0.9769384927771817,0,1
2023-07-15,B,163.43,156.02,9,90,0,1,Online,East,2023,7,5,196,2.2082744135228043,5.096384764104966,5.049984204160167,-0.23030567023061196,-0.973118337233262,0,1
2023-07-16,B,154.51,141.83,7,90,0,1,Online,West,2023,7,6,197,1.9600947840472698,5.040258819162327,4.954629157306516,-0.24702218048093527,-0.9690098257244063,0,1
2023-07-17,B,195.61,182.26,6,90,0,0,Online,East,2023,7,0,198,1.8082887711792655,5.276122881038268,5.205434239067981,-0.2636654927280072,-0.9646141756912435,0,1
2023-07-18,B,140.33,120.78,11,90,1,0,Store,North,2023,7,1,199,2.4069451083182885,4.943996791763045,4.793970708879755,-0.2802306751992161,-0.9599326896597445,0,1
2023-07-19,B,159.4,167.54,8,90,0,0,Online,North,2023,7,2,200,2.0918640616783932,5.071416766356115,5.121222128725663,-0.2967128192734901,-0.9549667548552553,0,1
2023-07-20,B,164.48,173.87,8,90,0,0,Store,East,2023,7,3,201,2.0918640616783932,5.102788982266801,5.158307893539698,-0.3131070409358267,-0.9497178427914317,0,1
2023-07-21,B,168.66,158.26,8,90,0,0,Online,South,2023,7,4,202,2.0918640616783932,5.127884854146496,5.064239250181047,-0.3294084822245302,-0.9441875088341994,0,1
2023-07-22,B,155.76,151.23,12,90,1,1,Online,South,2023,7,5,203,2.4932054526026954,5.048316361063944,5.018801856762649,-0.3456123126707333,-0.9383773917408642,0,1
2023-07-23,B,172.99,191.72,7,90,0,1,Online,South,2023,7,6,204,1.9600947840472698,5.153233789358886,5.25603597429143,-0.3617137307297674,-0.9322892131745134,0,1
2023-07-24,B,173.61,191.19,6,90,0,0,Online,South,2023,7,0,205,1.8082887711792655,5.156811404253857,5.253267697994312,-0.37770796520396466,-0.9259247771938499,0,1
2023-07-25,B,142.9,126.0,10,90,0,0,Store,East,2023,7,1,206,2.312535423847214,4.9621450849358215,4.836281906951478,-0.39359027665646645,-0.9192859697186105,0,1
2023-07-26,B,125.42,137.57,13,90,1,0,Store,East,2023,7,2,207,2.5726122302071057,4.831668105114875,4.924132878472904,-0.4093559588156211,-0.9123747579707274,0,1
2023-07-27,B,108.0,111.02,10,90,0,0,Store,North,2023,7,3,208,2.312535423847214,4.68213122712422,4.709710365262016,-0.42500033996955394,-0.9051931898913975,0,1
2023-07-28,B,166.16,189.56,7,90,0,0,Online,North,2023,7,4,209,1.9600947840472698,5.112951179567857,5.244705597099387,-0.4405187843504952,-0.8977433935342336,0,1
2023-07-29,B,113.48,104.38,11,90,0,1,Online,East,2023,7,5,210,2.4069451083182885,4.73162660994065,4.6480380862152675,-0.455906693508459,-0.8900275764346766,0,1
2023-07-30,B,172.64,172.21,8,90,0,1,Online,South,2023,7,6,211,2.0918640616783932,5.151208501509824,5.1487146623168085,-0.47115950767386394,-0.8820480249558535,0,1
2023-07-31,B,144.04,125.68,7,90,0,0,Online,South,2023,7,0,212,1.9600947840472698,4.970091038780675,4.833738993947366,-0.4862727071086902,-0.8738071036110807,0,1
2023-08-01,B,127.51,126.19,7,90,0,0,Online,North,2023,8,1,213,1.9600947840472698,4.848194792895451,4.837788707664819,-0.5012418134457756,-0.8653072543632061,0,1
2023-08-02,B,164.69,188.27,6,90,0,0,Online,North,2023,8,2,214,1.8082887711792655,5.104064918886117,5.23787710273662,-0.5160623910158526,-0.8565509959010037,0,1
2023-08-03,B,151.83,157.26,7,90,0,0,Store,West,2023,8,3,215,1.9600947840472698,5.022761473894096,5.05790048656337,-0.5307300481619331,-0.8475409228928312,0,1
2023-08-04,B,172.47,186.76,7,90,0,0,Store,West,2023,8,4,216,1.9600947840472698,5.1502233083033095,5.229824370102736,-0.5452404385406507,-0.8382797052177745,0,1
2023-08-05,B,164.68,187.24,7,90,0,1,Store,North,2023,8,5,217,1.9600947840472698,5.104004196901704,5.2323912164318696,-0.5595892624101763,-0.828770087174504,0,1
2023-08-06,B,179.03,157.54,7,90,0,1,Online,North,2023,8,6,218,1.9600947840472698,5.187553389563182,5.059679394275178,-0.5737722679043243,-0.8190148866680802,0,1
2023-08-07,B,159.34,166.43,7,90,0,0,Online,North,2023,8,0,219,1.9600947840472698,5.07104028395222,5.114574800598636,-0.5877852522924734,-0.8090169943749472,0,1
2023-08-08,B,153.74,145.89,7,90,0,0,Store,West,2023,8,1,220,1.9600947840472698,5.035262863920986,4.982852913083804,-0.6016240632249227,-0.7987793728863648,0,1
2023-08-09,B,161.12,168.19,7,90,0,0,Store,West,2023,8,2,221,1.9600947840472698,5.0821494289702525,5.125094292739341,-0.6152845999633277,-0.7883050558305253,0,1
2023-08-10,B,116.64,125.92,8,90,0,0,Online,South,2023,8,3,222,2.0918640616783932,4.759092268260348,4.835646784669093,-0.6287628145958345,-0.7775971469736268,0,1
2023-08-11,B,167.42,162.61,6,90,0,0,Store,South,2023,8,4,223,1.8082887711792655,5.12050562523191,5.091354695837631,-0.6420547132365636,-0.7666588193001592,0,1
2023-08-12,B,159.69,159.27,7,90,0,1,Online,West,2023,8,5,224,1.9600947840472698,5.0732344358527754,5.07060087526369,-0.655156357209085,-0.7554933140726804,0,1
2023-08-13,B,137.09,129.19,7,90,0,1,Online,West,2023,8,6,225,1.9600947840472698,4.920637644447809,4.86128418897221,-0.6680638642135333,-0.7441039398713608,0,1
2023-08-14,B,150.81,171.56,6,90,0,0,Store,West,2023,8,0,226,1.8082887711792655,5.016020766372594,5.14493305964868,-0.6807734094770159,-0.7324940716135792,0,1
2023-08-15,B,152.48,168.82,7,90,0,0,Online,North,2023,8,1,227,1.9600947840472698,5.027033439905892,5.128833058555574,-0.6932812268869771,-0.7206671495538615,0,1
2023-08-16,B,124.31,105.97,9,90,1,0,Online,East,2023,8,2,228,2.2082744135228043,4.822778445803624,4.663156035186745,-0.7055836101071774,-0.7086266782644601,0,1
2023-08-17,B,138.24,128.81,7,90,0,0,Store,South,2023,8,3,229,1.9600947840472698,4.928991305055746,4.858338450407997,-0.7176769136759615,-0.6963762255968726,0,1
2023-08-18,B,159.09,182.27,7,90,1,0,Store,East,2023,8,4,230,1.9600947840472698,5.069470079817148,5.205489104236842,-0.7295575540864876,-0.6839194216246105,0,1
2023-08-19,B,168.14,163.54,7,90,0,1,Online,North,2023,8,5,231,1.9600947840472698,5.124796965707151,5.097057608733831,-0.7412220108485957,-0.6712599575675315,0,1
2023-08-20,B,124.45,118.52,10,90,0,1,Online,West,2023,8,6,232,2.312535423847214,4.823904028813601,4.775081722705364,-0.7526668275320083,-0.6584015846980489,0,1
2023-08-21,B,133.28,113.52,7,90,0,0,Store,East,2023,8,0,233,1.9600947840472698,4.892452178418533,4.731979032851787,-0.7638886127905429,-0.64534811322955,0,1
2023-08-22,B,141.3,133.97,7,90,0,0,Online,East,2023,8,1,234,1.9600947840472698,4.950885289690482,4.8976158942888945,-0.7748840413670406,-0.6321034111873488,0,1
2023-08-23,B,179.41,178.19,6,90,0,0,Online,West,2023,8,2,235,1.8082887711792655,5.189673689431293,5.182850396739323,-0.7856498550787144,-0.6186714032625032,0,1
2023-08-24,B,140.31,144.88,7,90,0,0,Store,North,2023,8,3,236,1.9600947840472698,4.943854260405905,4.9759058135751575,-0.7961828637826154,-0.6050560696488494,0,1
2023-08-25,B,179.48,203.95,7,90,1,0,Store,West,2023,8,4,237,1.9600947840472698,5.190063781107782,5.317874865763567,-0.8064799463209447,-0.5912614448635782,0,1
2023-08-26,B,159.61,171.62,7,90,0,1,Store,North,2023,8,5,238,1.9600947840472698,5.072733339694467,5.145282730378975,-0.8165380514459157,-0.5772916165517278,0,1
2023-08-27,B,142.73,132.44,8,90,0,1,Online,West,2023,8,6,239,2.0918640616783932,4.960954733641677,4.886129712679046,-0.8263541987239095,-0.5631507242749187,0,1
2023-08-28,B,143.96,163.76,8,90,0,0,Store,East,2023,8,0,240,2.0918640616783932,4.96953548321083,5.098401941353034,-0.8359254794186365,-0.5488429582847199,0,1
2023-08-29,B,157.01,139.5,6,90,0,0,Online,West,2023,8,1,241,1.8082887711792655,5.0563094975874305,4.93806460126142,-0.8452490573530634,-0.5343725582809785,0,1
2023-08-30,B,152.5,140.17,5,90,0,0,Online,North,2023,8,2,242,1.62924053973028,5.0271645960474665,4.942855971674966,-0.8543221697498269,-0.5197438121555157,0,1
2023-08-31,B,157.74,143.06,5,90,0,0,Online,East,2023,8,3,243,1.62924053973028,5.060948107969845,4.963264122680238,-0.8631421280499115,-0.5049610547215202,0,1
2023-09-01,B,166.45,152.17,7,90,1,0,Online,East,2023,9,4,244,1.9600947840472698,5.114694964021034,5.024998316932023,-0.8717063187093218,-0.4900286664290594,0,1
2023-09-02,B,169.75,172.12,7,90,0,1,Store,West,2023,9,5,245,1.9600947840472698,5.1343267664388055,5.148191907970399,-0.8800122039735356,-0.4749510720670502,0,1
2023-09-03,B,189.48,208.36,6,90,0,1,Online,South,2023,9,6,246,1.8082887711792655,5.244283478055551,5.339267352876991,-0.888057322629493,-0.4597327394521046,0,1
2023-09-04,B,157.79,143.05,6,90,0,0,Online,North,2023,9,0,247,1.8082887711792655,5.061265035047578,4.96319421949612,-0.8958392907349089,-0.44437817810461344,0,1
2023-09-05,B,108.56,98.18,8,90,0,0,Store,South,2023,9,1,248,2.0918640616783932,4.687303015526614,4.586802528629907,-0.9033558023246842,-0.4288919379124841,0,1
2023-09-06,B,125.79,130.18,7,90,0,0,Online,East,2023,9,2,249,1.9600947840472698,4.834613849850781,4.868918108144241,-0.9106046300942162,-0.41327860778290443,0,1
2023-09-07,B,164.6,178.52,6,90,0,0,Store,West,2023,9,3,250,1.8082887711792655,5.103518288242969,5.184700639761069,-0.9175836260593934,-0.3975428142825566,0,1
2023-09-08,B,109.98,96.32,8,90,0,0,Store,North,2023,9,4,251,2.0918640616783932,4.700298531079668,4.567675981560511,-0.9242907221930934,-0.3816892202666586,0,1
2023-09-09,B,160.45,184.04,7,90,0,1,Online,South,2023,9,5,252,1.9600947840472698,5.077982367555866,5.215153125287268,-0.9307239310379793,-0.3657225234972692,0,1
2023-09-10,B,115.6,109.59,9,90,0,1,Online,South,2023,9,6,253,2.2082744135228043,4.750135956238277,4.696746129475301,-0.9368813462954315,-0.34964745525122826,0,1
2023-09-11,B,126.64,120.19,8,90,0,0,Online,North,2023,9,0,254,2.0918640616783932,4.841348415572757,4.7890738239646975,-0.9427611433904206,-0.33346877891818705,0,1
2023-09-12,B,136.9,135.04,6,90,0,0,Online,South,2023,9,1,255,1.8082887711792655,4.919250732294404,4.905571030847647,-0.9483615800121716,-0.31719128858910595,0,1
2023-09-13,B,133.44,129.17,7,90,0,0,Online,North,2023,9,2,256,1.9600947840472698,4.893651938610437,4.861129366243924,-0.9536809966304455,-0.300819807635668,0,1
2023-09-14,B,153.73,162.94,5,90,0,0,Store,West,2023,9,3,257,1.62924053973028,5.035197816924508,5.093382034882496,-0.9587178169872964,-0.2843591872810036,0,1
2023-09-15,B,181.12,199.6,7,90,1,0,Online,West,2023,9,4,258,1.9600947840472698,5.199159795014818,5.296315363877364,-0.9634705485641486,-0.26781430516217486,0,1
2023-09-16,B,174.69,197.59,7,90,0,1,Online,South,2023,9,5,259,1.9600947840472698,5.163012974517138,5.286194176745726,-0.9679377830240642,-0.25119006388481957,0,1
2023-09-17,B,157.59,149.15,8,90,1,1,Online,North,2023,9,6,260,2.0918640616783932,5.05999672363398,5.0049525109607576,-0.9721181966290612,-0.23449138957041052,0,1
2023-09-18,B,156.53,174.87,7,90,0,0,Online,East,2023,9,0,261,1.9600947840472698,5.053247684900132,5.1640428407255685,-0.9760105506323682,-0.21772323039653224,0,1
2023-09-19,B,145.43,149.43,6,90,0,0,Online,East,2023,9,1,262,1.8082887711792655,4.9796948711896185,5.006828055753302,-0.9796136916454901,-0.20089055513063528,0,1
2023-09-20,B,135.28,153.73,6,90,0,0,Online,South,2023,9,2,263,1.8082887711792655,4.907346704590325,5.035197816924508,-0.9829265519799822,-0.18399835165767986,0,1
2023-09-21,B,155.12,162.65,5,90,0,0,Online,West,2023,9,3,264,1.62924053973028,5.044199010934396,5.091600652919361,-0.9859481499638303,-0.1670516255021195,0,1
2023-09-22,B,156.4,161.88,6,90,0,0,Online,South,2023,9,4,265,1.8082887711792655,5.052416828111211,5.086855320007665,-0.9886775902323404,-0.15005539834465262,0,1
2023-09-23,B,154.48,162.81,6,90,0,1,Store,West,2023,9,5,266,1.8082887711792655,5.040064638120259,5.092583876743423,-0.9911140639934546,-0.13301470653419636,0,1
2023-09-24,B,165.62,146.48,6,90,1,1,Online,South,2023,9,6,267,1.8082887711792655,5.109696007605554,4.986888900366255,-0.9932568492674143,-0.11593459959550066,0,1
2023-09-25,B,171.24,190.83,6,90,0,0,Store,North,2023,9,0,268,1.8082887711792655,5.1430660812767455,5.251382979358823,-0.9951053111006974,-0.09882013873287211,0,1
2023-09-26,B,184.59,200.33,5,90,0,0,Store,South,2023,9,1,269,1.62924053973028,5.218137149420508,5.299966006793561,-0.99665890175417,-0.08167639533042288,0,1
2023-09-27,B,152.41,135.5,7,90,1,0,Store,West,2023,9,2,270,1.9600947840472698,5.026574257897758,4.908971640319756,-0.9979171608653922,-0.06450844944931625,0,1
2023-09-28,B,150.78,135.48,5,90,0,0,Online,West,2023,9,3,271,1.62924053973028,5.015821820783556,4.908824027949571,-0.9988797155850335,-0.04732138832243232,0,1
2023-09-29,B,133.31,145.39,8,90,1,0,Store,West,2023,9,4,272,2.0918640616783932,4.892677243125585,4.9794197869433345,-0.9995462806873573,-0.03012030484690836,0,1
2023-09-30,B,178.61,180.42,7,90,0,1,Online,East,2023,9,5,273,1.9600947840472698,5.185204657916392,5.195287466228493,-0.9999166586547379,-0.012910296075008843,0,1
2023-10-01,B,124.45,121.68,9,90,0,1,Online,West,2023,10,6,274,2.2082744135228043,4.823904028813601,4.801394647951038,-0.9999907397361901,0.004303538296243821,0,1
2023-10-02,B,180.64,196.99,5,90,0,0,Online,East,2023,10,0,275,1.62924053973028,5.1965061004013515,5.283152966028264,-0.9997685019798909,0.021516097436222233,0,1
2023-10-03,B,108.0,118.39,7,90,0,0,Store,North,2023,10,1,276,1.9600947840472698,4.68213122712422,4.773984259423544,-0.9992500112396835,0.03872228089217399,0,1
2023-10-04,B,144.03,126.77,6,90,0,0,Store,North,2023,10,2,277,1.8082887711792655,4.970021611210958,4.842374420950636,-0.9984354211555643,0.05591699010060302,0,1
2023-10-05,B,137.03,122.04,6,90,0,0,Store,West,2023,10,3,278,1.8082887711792655,4.920199879958109,4.804348859848469,-0.9973249731081555,0.07309512989807776,0,1
2023-10-06,B,167.85,179.08,7,90,0,0,Online,East,2023,10,4,279,1.9600947840472698,5.123070723426044,5.187832633372765,-0.9959189961471792,0.0902516100310407,0,1
2023-10-07,B,163.77,167.46,6,90,0,1,Online,East,2023,10,5,280,1.8082887711792655,5.098463004461776,5.120744516776286,-0.994217906893952,0.10738134666416306,0,1
2023-10-08,B,116.11,102.03,8,90,0,1,Online,North,2023,10,6,281,2.0918640616783932,4.7545380176389145,4.625266887687213,-0.9922222094179324,0.12447926388678869,0,1
2023-10-09,B,142.78,153.34,7,90,0,0,Store,West,2023,10,0,282,1.9600947840472698,4.961304984074315,5.032657678130748,-0.989932495087353,0.141540295217043,0,1
2023-10-10,B,165.6,144.99,5,90,0,0,Store,South,2023,10,1,283,1.62924053973028,5.109575241951159,4.976664774525102,-0.9873494423939864,0.15855938510313475,0,1
2023-10-11,B,126.14,118.01,6,90,0,0,Online,East,2023,10,2,284,1.8082887711792655,4.837392401235505,4.770769366637658,-0.9844738167520923,0.17553149042142777,0,1
2023-10-12,B,116.96,113.5,7,90,0,0,Store,North,2023,10,3,285,1.9600947840472698,4.761831996001468,4.7318028369214575,-0.9813064702716093,0.19245158197082995,0,1
2023-10-13,B,136.08,129.82,10,90,1,0,Store,South,2023,10,4,286,2.312535423847214,4.913242948087606,4.866148875605322,-0.9778483415056568,0.20931464596304888,0,1
2023-10-14,B,119.78,123.48,8,90,0,1,Online,West,2023,10,5,287,2.0918640616783932,4.785656726836316,4.8160791996339585,-0.9741004551724206,0.22611568550828803,0,1
2023-10-15,B,173.94,163.21,6,90,0,1,Store,South,2023,10,6,288,1.8082887711792655,5.158710412161619,5.095037715162604,-0.970063921851507,0.2428497220959358,0,1
2023-10-16,B,141.22,138.69,8,90,1,0,Online,North,2023,10,0,289,2.0918640616783932,4.950318958088201,4.932241226668244,-0.965739937654855,0.25951179706979943,0,1
2023-10-17,B,154.34,139.19,6,90,0,0,Online,East,2023,10,1,290,1.8082887711792655,5.039157961029457,4.935839906239309,-0.9611297838723007,0.27609697309746883,0,1
2023-10-18,B,186.16,164.84,5,90,0,0,Online,West,2023,10,2,291,1.62924053973028,5.2266065189940365,5.1049753064706165,-0.9562348265919058,0.2926003356333479,0,1
2023-10-19,B,115.91,124.76,7,90,0,0,Online,South,2023,10,3,292,1.9600947840472698,4.752814027900653,4.826391891739602,-0.9510565162951536,0.30901699437494723,0,1
2023-10-20,B,146.71,126.9,7,90,0,0,Online,East,2023,10,4,293,1.9600947840472698,4.988457849151553,4.843399374720342,-0.9455963874271428,0.3253420847119795,0,1
2023-10-21,B,159.62,162.04,6,90,0,1,Online,East,2023,10,5,294,1.8082887711792655,5.072795990447863,5.0878432183344895,-0.9398560579418953,0.341570769167856,0,1
2023-10-22,B,150.78,131.93,8,90,1,1,Store,North,2023,10,6,295,2.0918640616783932,5.015821820783556,4.882271478895685,-0.9338372288229252,0.35769823883312546,0,1
2023-10-23,B,159.02,173.87,8,90,1,0,Online,South,2023,10,0,296,2.0918640616783932,5.069029980473338,5.158307893539698,-0.9275416835791965,0.3737197147904692,0,1
2023-10-24,B,139.79,142.29,6,90,0,0,Store,South,2023,10,1,297,1.8082887711792655,4.940141296483037,4.9578672285576,-0.9209712877166346,0.38963044953078774,0,1
2023-10-25,B,118.72,121.87,9,90,1,0,Store,West,2023,10,2,298,2.2082744135228043,4.77676777941907,4.802954902835411,-0.9141279881853337,0.4054257283599973,0,1
2023-10-26,B,151.22,163.15,6,90,0,0,Online,South,2023,10,3,299,1.8082887711792655,5.018735730130124,5.094670023039329,-0.9070138128026362,0.42110087079608916,0,1
2023-10-27,B,154.31,139.3,6,90,0,0,Online,East,2023,10,4,300,1.8082887711792655,5.038963566083114,4.93662988078576,-0.8996308696522434,0.4366512319560638,0,1
2023-10-28,B,159.06,169.88,7,90,0,1,Store,South,2023,10,5,301,1.9600947840472698,5.069281489528989,5.13509230544507,-0.8919813464595487,0.45207220393230374,0,1
2023-10-29,B,144.13,136.58,8,90,0,1,Store,North,2023,10,6,302,2.0918640616783932,4.970715670095012,4.916910523532943,-0.8840675099433637,0.46735921715800205,0,1
2023-10-30,B,108.0,100.76,11,90,1,0,Online,East,2023,10,0,303,2.4069451083182885,4.68213122712422,4.61274145148441,-0.8758917051442433,0.48250774176121763,0,1
2023-10-31,B,130.63,139.16,6,90,0,0,Online,South,2023,10,1,304,1.8082887711792655,4.872368899498472,4.935624350283741,-0.867456354729597,0.4975132889071803,0,1
2023-11-01,B,128.26,116.65,7,90,0,0,Store,East,2023,11,2,305,1.9600947840472698,4.8540594537207165,4.759177998467439,-0.858763958275803,0.5123714121284235,0,1
2023-11-02,B,190.1,212.76,5,90,0,0,Online,North,2023,11,3,306,1.62924053973028,5.247550249494384,5.360164769874117,-0.8498170915275277,0.5270777086423724,0,1
2023-11-03,B,181.31,191.92,5,90,0,0,Store,South,2023,11,4,307,1.62924053973028,5.200208273437718,5.257078618531439,-0.8406184056344783,0.5416278206559811,0,1
2023-11-04,B,132.84,144.46,10,90,1,1,Online,East,2023,11,5,308,2.312535423847214,4.889145396508546,4.973002652622701,-0.8311706263658079,0.5560174366570446,0,1
2023-11-05,B,133.15,128.42,9,90,0,1,Online,North,2023,11,6,309,2.2082744135228043,4.891476312259941,4.855306142365902,-0.8214765533024145,0.5702422926917867,0,1
2023-11-06,B,152.97,132.45,8,90,1,0,Store,West,2023,11,0,310,2.0918640616783932,5.0302418237351745,4.886205215718078,-0.8115390590073611,0.5842981736283683,0,1
2023-11-07,B,182.94,189.05,6,90,0,0,Online,North,2023,11,1,311,1.8082887711792655,5.209158230228218,5.242011530336942,-0.8013610881746769,0.5981809144059159,0,1
2023-11-08,B,159.46,142.56,4,90,0,0,Online,West,2023,11,2,312,1.410986973710262,5.07179310707435,4.9597629637225,-0.7909456567567774,0.6118864012687242,0,1
2023-11-09,B,132.79,144.47,7,90,0,0,Online,West,2023,11,3,313,1.9600947840472698,4.888768933002236,4.97307187354129,-0.780295851070776,0.6254105729852457,0,1
2023-11-10,B,141.36,137.87,6,90,0,0,Store,East,2023,11,4,314,1.8082887711792655,4.951309828011441,4.9263112121835375,-0.7694148268839381,0.6387494220515268,0,1
2023-11-11,B,153.0,151.1,8,90,0,1,Online,East,2023,11,5,315,2.0918640616783932,5.030437921392435,5.017941869278694,-0.7583058084785625,0.6518989958787125,0,1
2023-11-12,B,126.61,124.7,8,90,0,1,Store,North,2023,11,6,316,2.0918640616783932,4.841111495532162,4.825910852685991,-0.7469720876965551,0.6648553979642867,0,1
2023-11-13,B,204.3,203.81,6,90,1,0,Store,North,2023,11,0,317,1.8082887711792655,5.319589501823576,5.317188187298288,-0.7354170229639858,0.6776147890466887,0,1
2023-11-14,B,108.8,99.26,11,90,1,0,Store,East,2023,11,1,318,2.4069451083182885,4.689511334421843,4.5977426701592945,-0.7236440382959123,0.690173388242972,0,1
2023-11-15,B,168.9,190.77,8,90,1,0,Store,East,2023,11,2,319,2.0918640616783932,5.129306823813755,5.251068513947426,-0.7116566222817751,0.7025274741691566,0,1
2023-11-16,B,180.39,171.73,6,90,0,0,Online,East,2023,11,3,320,1.8082887711792655,5.195121173719587,5.145923475995771,-0.6994583270516471,0.7146733860429608,0,1
2023-11-17,B,136.47,138.8,7,90,0,0,Store,East,2023,11,4,321,1.9600947840472698,4.916104810250022,4.933034048072704,-0.6870527672236675,0.726607524768565,0,1
2023-11-18,B,190.0,199.47,6,90,0,1,Online,West,2023,11,5,322,1.8082887711792655,5.247024072160486,5.295663849082473,-0.6744436188329457,0.7383263540031063,0,1
2023-11-19,B,172.28,187.51,9,90,1,1,Online,East,2023,11,6,323,2.2082744135228043,5.14912106018591,5.233832177321627,-0.661634618242279,0.749826401204568,0,1
2023-11-20,B,124.46,141.4,7,90,0,0,Store,South,2023,11,0,324,1.9600947840472698,4.823984379141072,4.951592753462473,-0.6486295610349818,0.7611042586607742,0,1
2023-11-21,B,182.36,181.65,6,90,0,0,Online,North,2023,11,1,325,1.8082887711792655,5.205982755345241,5.202081758667211,-0.6354323008901775,0.7721565844991641,0,1
2023-11-22,B,179.09,195.92,7,90,0,0,Store,North,2023,11,2,326,1.9600947840472698,5.187888472778648,5.277706412643912,-0.622046748440868,0.7829801036770625,0,1
2023-11-23,B,115.92,112.52,9,90,0,0,Online,East,2023,11,3,327,2.2082744135228043,4.752900298012427,4.723130983621656,-0.6084768701151264,0.7935716089521472,0,1
2023-11-24,B,180.32,156.3,5,90,0,0,Store,South,2023,11,4,328,1.62924053973028,5.194733050291466,5.051777237427431,-0.594726686960764,0.8039279618328208,0,1
2023-11-25,B,159.09,147.09,8,90,0,1,Online,West,2023,11,5,329,2.0918640616783932,5.069470079817148,4.991044644331252,-0.5808002734538014,0.8140460935082175,0,1
2023-11-26,B,195.48,213.12,7,90,0,1,Store,East,2023,11,6,330,1.9600947840472698,5.275458072401954,5.3618553873520245,-0.5667017562911184,0.8239230057575536,0,1
2023-11-27,B,134.52,125.88,8,90,0,0,Store,West,2023,11,0,331,2.0918640616783932,4.901712886872069,4.835329072196206,-0.5524353131676203,0.8335557718385695,0,1
2023-11-28,B,139.34,130.26,7,90,0,0,Online,South,2023,11,1,332,1.9600947840472698,4.936916989601973,4.869532453118255,-0.5380051715382992,0.8429415373547832,0,1
2023-11-29,B,144.95,159.28,7,90,0,0,Online,West,2023,11,2,333,1.9600947840472698,4.976388855367665,5.070663659755941,-0.5234156073655503,0.8520775211013093,0,1
2023-11-30,B,147.75,163.24,7,90,0,0,Online,East,2023,11,3,334,1.9600947840472698,4.995521656286208,5.095221510537605,-0.5086709438521042,0.8609610158889945,0,1
2023-12-01,B,160.21,161.83,8,90,0,0,Store,West,2023,12,4,335,2.0918640616783932,5.076485454658623,5.0865464015287944,-0.4937755501599774,0.8695893893466109,0,1
2023-12-02,B,140.43,121.92,9,90,0,1,Online,East,2023,12,5,336,2.2082744135228043,4.944709143980089,4.803365091938336,-0.4787338401157883,0.8779600847008883,0,1
2023-12-03,B,177.92,159.82,8,90,0,1,Online,North,2023,12,6,337,2.0918640616783932,5.1813340110622175,5.074048181946317,-0.4635502709028512,0.8860706215341377,0,1
2023-12-04,B,133.81,134.27,9,90,0,0,Store,North,2023,12,0,338,2.2082744135228043,4.896420883316898,4.899852698084617,-0.4482293417404106,0.893918596519257,0,1
2023-12-05,B,145.69,163.16,7,90,0,0,Online,East,2023,12,1,339,1.9600947840472698,4.981481076665904,5.094731314449358,-0.4327755925504317,0.9015016841318838,0,1
2023-12-06,B,150.81,131.58,8,90,0,0,Online,South,2023,12,2,340,2.0918640616783932,5.016020766372594,4.879615031657852,-0.41719360261231697,0.9088176373395028,0,1
2023-12-07,B,149.8,153.03,8,90,0,0,Store,West,2023,12,3,341,2.0918640616783932,5.00930107108312,5.0306339806029445,-0.4014879892059737,0.9158642882672868,0,1
2023-12-08,B,155.28,161.68,7,90,0,0,Online,North,2023,12,4,342,1.9600947840472698,5.045229938860754,5.085619073095366,-0.38566340624360745,0.9226395488404875,0,1
2023-12-09,B,172.25,196.03,8,90,0,1,Online,North,2023,12,5,343,2.0918640616783932,5.148946909893768,5.278267708742333,-0.3697245428906732,0.9291414114031743,0,1
2023-12-10,B,170.84,194.08,9,90,0,1,Online,South,2023,12,6,344,2.2082744135228043,5.1407274459732655,5.26827044519574,-0.3536761221763721,0.935367949313148,0,1
2023-12-11,B,118.24,131.88,9,90,0,0,Store,North,2023,12,0,345,2.2082744135228043,4.772716457199891,4.88189241820353,-0.33752289959411347,0.941317317512847,0,1
2023-12-12,B,128.97,113.45,7,90,0,0,Store,West,2023,12,1,346,1.9600947840472698,4.8595798191763,4.731362211225851,-0.32126966169236515,0.946987753076075,0,1
2023-12-13,B,177.56,175.22,6,90,0,0,Online,North,2023,12,2,347,1.8082887711792655,5.179308579965834,5.166042327238218,-0.3049212246562894,0.9523775757303973,0,1
2023-12-14,B,187.75,169.56,6,90,0,0,Store,South,2023,12,3,348,1.8082887711792655,5.2351112906442445,5.133206846484437,-0.2884824328806098,0.9574851883550389,0,1
2023-12-15,B,112.49,100.35,10,90,0,0,Store,West,2023,12,4,349,2.312535423847214,4.722864328804734,4.608664075242347,-0.27195815753410524,0.9623090774541487,0,1
2023-12-16,B,167.36,156.73,8,90,0,1,Store,South,2023,12,5,350,2.0918640616783932,5.120147180876558,5.054524579665976,-0.2553532951161881,0.9668478136052773,0,1
2023-12-17,B,164.85,144.46,8,90,0,1,Online,North,2023,12,6,351,2.0918640616783932,5.10503596951774,4.973002652622701,-0.23867276600594997,0.9711000518829505,0,1
2023-12-18,B,170.74,154.4,7,90,0,0,Store,East,2023,12,0,352,1.9600947840472698,5.140141931582161,5.039546637590676,-0.22192151300416674,0.9750645322571945,0,1
2023-12-19,B,128.43,122.89,10,90,0,0,Store,South,2023,12,1,353,2.312535423847214,4.855384008824965,4.811289646296506,-0.20510449986861926,0.9787400799669153,0,1
2023-12-20,B,129.98,110.65,10,90,0,0,Store,South,2023,12,2,354,2.312535423847214,4.867380592466203,4.7063720664970585,-0.1882267098432439,0.9821256058680006,0,1
2023-12-21,B,118.97,110.15,13,90,1,0,Store,East,2023,12,3,355,2.5726122302071057,4.778871360488434,4.7018430732483525,-0.1712931441814778,0.9852201067560606,0,1
2023-12-22,B,140.99,128.5,7,90,0,0,Online,East,2023,12,4,356,1.9600947840472698,4.9486889658772695,4.855928904335275,-0.154308820664281,0.9880226656636976,0,1
2023-12-23,B,170.89,188.1,7,90,0,1,Store,North,2023,12,5,357,1.9600947840472698,5.141020074658817,5.236973736306985,-0.13727877211326517,0.9905324521322227,0,1
2023-12-24,B,139.8,140.87,10,90,0,1,Online,West,2023,12,6,358,2.312535423847214,4.94021282979971,4.9478374792722155,-0.12020804489935275,0.9927487224577402,0,1
2023-12-25,B,159.67,145.13,9,90,0,0,Store,East,2023,12,0,359,2.2082744135228043,5.07310918535161,4.9776298924822715,-0.10310169744743544,0.9946708199115211,0,1
2023-12-26,B,142.78,124.2,9,90,0,0,Online,East,2023,12,1,360,2.2082744135228043,4.961304984074315,4.821893169499378,-0.0859647987374467,0.9962981749346077,0,1
2023-12-27,B,153.56,148.69,11,90,1,0,Store,West,2023,12,2,361,2.4069451083182885,5.034091370132597,5.001863601709132,-0.06880242680232064,0.9976303053065857,0,1
2023-12-28,B,158.45,154.26,7,90,0,0,Store,South,2023,12,3,362,1.9600947840472698,5.06543908613693,5.038639490505853,-0.05161966722325418,0.9986668162884759,0,1
2023-12-29,B,172.29,158.64,7,90,0,0,Online,South,2023,12,4,363,1.9600947840472698,5.149179103544315,5.06663748421154,-0.034421611622745804,0.9994074007397048,0,1
2023-12-30,B,134.51,118.87,11,90,0,1,Store,North,2023,12,5,364,2.4069451083182885,4.90163854572049,4.778030458992533,-0.01721335615583528,0.9998518392091162,0,1
2023-12-31,B,179.55,202.42,10,90,1,1,Online,North,2023,12,6,365,2.312535423847214,5.1904537206720915,5.310344746760755,6.432490598706546e-16,1.0,0,1
2021-01-01,C,37.56,32.63,11,25,0,0,Online,West,2021,1,4,1,2.4069451083182885,3.6259396543400624,3.4852321106052293,0.017213356155834685,0.9998518392091162,0,0
2021-01-02,C,63.69,59.85,8,25,0,1,Online,North,2021,1,5,2,2.0918640616783932,4.1540275643832745,4.091841432003982,0.03442161162274574,0.9994074007397048,0,0
2021-01-03,C,46.65,45.19,11,25,0,1,Online,North,2021,1,6,3,2.4069451083182885,3.8426729272933526,3.810875823423188,0.051619667223253764,0.998666816288476,0,0
2021-01-04,C,69.29,76.22,7,25,0,0,Store,North,2021,1,0,4,1.9600947840472698,4.23830059563929,4.333623895445714,0.06880242680231986,0.9976303053065857,0,0
2021-01-05,C,58.9,57.48,8,25,0,0,Online,South,2021,1,1,5,2.0918640616783932,4.075841090657541,4.051437061210824,0.08596479873744647,0.9962981749346078,0,0
2021-01-06,C,59.24,65.78,8,25,1,0,Online,South,2021,1,2,6,2.0918640616783932,4.081596989399598,4.186315840760911,0.10310169744743485,0.9946708199115211,0,0
2021-01-07,C,45.78,39.91,11,25,0,0,Online,North,2021,1,3,7,2.4069451083182885,3.8238473145244205,3.686626919060642,0.1202080448993527,0.9927487224577402,0,0
2021-01-08,C,54.68,52.32,8,25,0,0,Online,East,2021,1,4,8,2.0918640616783932,4.001498011855749,3.9573787071489432,0.13727877211326478,0.9905324521322229,0,0
2021-01-09,C,50.18,56.46,13,25,0,1,Store,East,2021,1,5,9,2.5726122302071057,3.9156165409382764,4.033532422825343,0.15430882066428117,0.9880226656636976,0,0
2021-01-10,C,55.22,57.4,9,25,0,1,Online,East,2021,1,6,10,2.2082744135228043,4.011325206502009,4.050044303325521,0.1712931441814776,0.9852201067560606,0,0
2021-01-11,C,61.06,67.29,7,25,0,0,Online,West,2021,1,0,11,1.9600947840472698,4.111856987306732,4.209011637200227,0.1882267098432442,0.9821256058680006,0,0
2021-01-12,C,55.27,51.13,7,25,0,0,Store,North,2021,1,1,12,1.9600947840472698,4.012230265845171,3.934371409091908,0.2051044998686192,0.9787400799669153,0,0
2021-01-13,C,62.42,53.52,7,25,0,0,Store,North,2021,1,2,13,1.9600947840472698,4.133885736842633,3.9800554158199732,0.22192151300416552,0.9750645322571948,0,0
2021-01-14,C,42.58,45.57,13,25,1,0,Online,South,2021,1,3,14,2.5726122302071057,3.7513846594653333,3.8192496052757914,0.2386727660059501,0.9711000518829505,0,0
2021-01-15,C,54.56,58.25,8,25,0,0,Online,West,2021,1,4,15,2.0918640616783932,3.9993010135352067,4.06474409244581,0.255353295116187,0.9668478136052775,0,0
2021-01-16,C,46.38,46.49,12,25,0,1,Store,East,2021,1,5,16,2.4932054526026954,3.8368683318273855,3.8392372357024933,0.2719581575341055,0.9623090774541486,0,0
2021-01-17,C,40.48,37.63,13,25,0,1,Online,West,2021,1,6,17,2.5726122302071057,3.70080802497921,3.627801604605346,0.288482432880609,0.9574851883550393,0,0
2021-01-18,C,37.01,33.5,13,25,0,0,Online,East,2021,1,0,18,2.5726122302071057,3.6111881463980646,3.5115454388310208,0.30492122465628907,0.9523775757303974,0,0
2021-01-19,C,45.03,40.6,10,25,0,0,Store,East,2021,1,1,19,2.312535423847214,3.8073289343134804,3.703768066607687,0.3212696616923644,0.9469877530760753,0,0
2021-01-20,C,51.57,46.05,13,25,1,0,Online,North,2021,1,2,20,2.5726122302071057,3.9429401080628677,3.829727762701316,0.3375228995941133,0.9413173175128471,0,0
2021-01-21,C,51.71,47.6,9,25,0,0,Store,West,2021,1,3,21,2.2082744135228043,3.94565118640813,3.8628327612373745,0.3536761221763716,0.9353679493131483,0,0
2021-01-22,C,50.51,54.26,10,25,0,0,Store,East,2021,1,4,22,2.312535423847214,3.9221713364799613,3.9937873072307855,0.3697245428906731,0.9291414114031743,0,0
2021-01-23,C,39.12,44.65,15,25,0,1,Online,North,2021,1,5,23,2.714694743820879,3.6666338451666167,3.798854307322508,0.38566340624360707,0.9226395488404876,0,0
2021-01-24,C,69.09,72.78,11,25,1,1,Online,South,2021,1,6,24,2.4069451083182885,4.2354100025007035,4.287441192184014,0.401487989205973,0.9158642882672872,0,0
2021-01-25,C,56.62,63.87,14,25,1,0,Online,North,2021,1,0,25,2.6461747973841225,4.036362279683754,4.1568497675734974,0.4171936026123168,0.9088176373395029,0,0
2021-01-26,C,61.38,54.3,9,25,0,0,Online,East,2021,1,1,26,2.2082744135228043,4.1170840491915905,3.9945242269398897,0.4327755925504312,0.901501684131884,0,0
2021-01-27,C,49.05,54.75,10,25,0,0,Store,North,2021,1,2,27,2.312535423847214,3.892840186011372,4.00277736869661,0.4482293417404106,0.893918596519257,0,0
2021-01-28,C,55.23,52.71,10,25,0,0,Online,East,2021,1,3,28,2.312535423847214,4.011506283913096,3.9648051908671156,0.4635502709028509,0.886070621534138,0,0
2021-01-29,C,39.76,45.25,13,25,0,0,Online,West,2021,1,4,29,2.5726122302071057,3.6828613817883733,3.8122026701459353,0.47873384011578846,0.8779600847008882,0,0
2021-01-30,C,39.34,37.97,15,25,0,1,Store,West,2021,1,5,30,2.714694743820879,3.672241812960913,3.636796374243711,0.4937755501599772,0.869589389346611,0,0
2021-01-31,C,31.81,32.19,25,25,0,1,Online,South,2021,1,6,31,3.2228678461377385,3.4597807057610526,3.4716558453107167,0.5086709438521044,0.8609610158889943,0,0
2021-02-01,C,43.81,49.51,20,25,1,0,Online,East,2021,2,0,32,3.0007198150650303,3.779862101825807,3.9021746693733315,0.5234156073655503,0.8520775211013093,0,0
2021-02-02,C,39.61,38.2,13,25,0,0,Online,West,2021,2,1,33,2.5726122302071057,3.6790816116338254,3.6428355156125294,0.5380051715382996,0.8429415373547828,0,0
2021-02-03,C,52.91,56.68,11,25,0,0,Store,East,2021,2,2,34,2.4069451083182885,3.9685923569160404,4.03742141482248,0.5524353131676196,0.8335557718385699,0,0
2021-02-04,C,45.62,39.01,12,25,0,0,Online,East,2021,2,3,35,2.4932054526026954,3.820346216856242,3.663818023518565,0.5667017562911176,0.8239230057575542,0,0
2021-02-05,C,44.98,49.2,17,25,1,0,Online,South,2021,2,4,36,2.8390784635086144,3.8062179465311696,3.8958936234982624,0.5808002734538009,0.8140460935082178,0,0
2021-02-06,C,54.99,53.86,11,25,0,1,Online,West,2021,2,5,37,2.4069451083182885,4.007151350519723,3.9863880873834527,0.5947266869607634,0.8039279618328213,0,0
2021-02-07,C,53.74,56.25,13,25,0,1,Online,East,2021,2,6,38,2.5726122302071057,3.984157603187345,4.029806041084529,0.6084768701151261,0.7935716089521474,0,0
2021-02-08,C,53.89,46.69,10,25,0,0,Online,South,2021,2,0,39,2.312535423847214,3.9869449319454056,3.8435300089828455,0.6220467484408675,0.7829801036770629,0,0
2021-02-09,C,63.94,62.22,8,25,0,0,Store,West,2021,2,1,40,2.0918640616783932,4.157945143631696,4.130676491469491,0.6354323008901774,0.7721565844991642,0,0
2021-02-10,C,32.77,31.25,18,25,0,0,Store,West,2021,2,2,41,2.89591193827178,3.489513462710723,3.4420193761824107,0.6486295610349814,0.7611042586607747,0,0
2021-02-11,C,54.37,56.61,11,25,0,0,Store,North,2021,2,3,42,2.4069451083182885,3.995812531157829,4.036185648048568,0.6616346182422783,0.7498264012045686,0,0
2021-02-12,C,49.19,42.96,15,25,1,0,Store,East,2021,2,4,43,2.714694743820879,3.8956903508072482,3.7602694502006093,0.6744436188329455,0.7383263540031065,0,0
2021-02-13,C,38.72,41.4,17,25,0,1,Store,South,2021,2,5,44,2.8390784635086144,3.656356262408376,3.7232808808312687,0.6870527672236669,0.7266075247685656,0,0
2021-02-14,C,44.17,47.81,18,25,0,1,Online,South,2021,2,6,45,2.89591193827178,3.7880458256084353,3.867234822638012,0.6994583270516471,0.7146733860429609,0,0
2021-02-15,C,50.15,46.78,11,25,0,0,Online,North,2021,2,0,46,2.4069451083182885,3.9150185144079446,3.845455761156033,0.7116566222817746,0.702527474169157,0,0
2021-02-16,C,61.35,67.89,9,25,0,0,Online,South,2021,2,1,47,2.2082744135228043,4.116595171156921,4.217888748313555,0.7236440382959124,0.6901733882429719,0,0
2021-02-17,C,44.79,38.18,11,25,0,0,Store,South,2021,2,2,48,2.4069451083182885,3.8019849002192085,3.6423118182976015,0.7354170229639855,0.6776147890466889,0,0
2021-02-18,C,62.1,56.29,9,25,0,0,Online,East,2021,2,3,49,2.2082744135228043,4.128745988939433,4.030516899475935,0.7469720876965552,0.6648553979642865,0,0
2021-02-19,C,73.94,64.31,7,25,0,0,Online,West,2021,2,4,50,1.9600947840472698,4.303253953508486,4.163715140146772,0.7583058084785625,0.6518989958787126,0,0
2021-02-20,C,63.0,65.98,10,25,0,1,Online,West,2021,2,5,51,2.312535423847214,4.143134726391533,4.1893516658004355,0.7694148268839378,0.6387494220515272,0,0
2021-02-21,C,48.87,49.27,14,25,0,1,Store,North,2021,2,6,52,2.6461747973841225,3.8891637112820634,3.8973153765558717,0.7802958510707755,0.6254105729852463,0,0
2021-02-22,C,46.45,39.85,10,25,0,0,Store,South,2021,2,0,53,2.312535423847214,3.8383764652598478,3.685122405236224,0.7909456567567772,0.6118864012687243,0,0
2021-02-23,C,55.55,47.79,12,25,1,0,Store,East,2021,2,1,54,2.4932054526026954,4.017283516085639,3.866816412590067,0.8013610881746766,0.5981809144059164,0,0
2021-02-24,C,69.64,64.15,8,25,0,0,Store,North,2021,2,2,55,2.0918640616783932,4.243339114899988,4.161224091061645,0.8115390590073611,0.5842981736283683,0,0
2021-02-25,C,62.71,69.7,11,25,0,0,Online,South,2021,2,3,56,2.4069451083182885,4.138520924554929,4.244200317766478,0.8214765533024142,0.5702422926917871,0,0
2021-02-26,C,47.56,50.55,12,25,0,0,Store,West,2021,2,4,57,2.4932054526026954,3.861992071822581,3.9229629454664803,0.8311706263658079,0.5560174366570446,0,0
2021-02-27,C,50.84,51.67,14,25,0,1,Store,West,2021,2,5,58,2.6461747973841225,3.928683446321253,3.9448773422990935,0.8406184056344782,0.5416278206559814,0,0
2021-02-28,C,59.5,59.41,12,25,1,1,Store,North,2021,2,6,59,2.4932054526026954,4.085976312551584,4.08446256236765,0.8498170915275278,0.5270777086423722,0,0
2021-03-01,C,50.44,44.75,13,25,1,0,Store,West,2021,3,0,60,2.5726122302071057,3.9207845110967185,3.8010914447208646,0.8587639582758029,0.5123714121284237,0,0
2021-03-02,C,43.96,40.57,12,25,0,0,Store,North,2021,3,1,61,2.4932054526026954,3.7832801295354206,3.703028877218356,0.8674563547295968,0.49751328890718066,0,0
2021-03-03,C,43.04,47.87,16,25,0,0,Online,South,2021,3,2,62,2.7788192719904172,3.762129915853529,3.8684890034044175,0.8758917051442429,0.48250774176121847,0,0
2021-03-04,C,48.2,46.67,14,25,0,0,Online,North,2021,3,3,63,2.6461747973841225,3.8753590210565547,3.8431015599617244,0.8840675099433636,0.46735921715800227,0,0
2021-03-05,C,47.0,45.33,15,25,0,0,Online,South,2021,3,4,64,2.714694743820879,3.8501476017100584,3.813969064952758,0.8919813464595485,0.45207220393230435,0,0
2021-03-06,C,47.63,50.18,16,25,0,1,Online,East,2021,3,5,65,2.7788192719904172,3.863462814812769,3.9156165409382764,0.8996308696522433,0.43665123195606403,0,0
2021-03-07,C,47.19,41.69,16,25,0,1,Store,South,2021,3,6,66,2.7788192719904172,3.8541820057382963,3.7302612918927056,0.9070138128026359,0.4211008707960896,0,0
2021-03-08,C,45.79,41.51,15,25,0,0,Online,West,2021,3,0,67,2.714694743820879,3.824065726669004,3.7259343620649474,0.9141279881853337,0.40542572835999735,0,0
2021-03-09,C,64.55,69.16,8,25,0,0,Online,East,2021,3,1,68,2.0918640616783932,4.167440117292651,4.23642266081509,0.9209712877166346,0.38963044953078796,0,0
2021-03-10,C,35.36,34.9,23,25,1,0,Store,South,2021,3,2,69,3.139832617527748,3.5655812377694427,3.5524868292083815,0.9275416835791966,0.37371971479046906,0,0
2021-03-11,C,57.71,54.0,12,25,0,0,Store,West,2021,3,3,70,2.4932054526026954,4.055430468722875,3.9889840465642745,0.9338372288229252,0.35769823883312546,0,0
2021-03-12,C,48.07,54.83,11,25,0,0,Online,East,2021,3,4,71,2.4069451083182885,3.8726582819058692,4.004237489415957,0.9398560579418954,0.3415707691678556,0,0
2021-03-13,C,64.46,73.59,11,25,0,1,Online,North,2021,3,5,72,2.4069451083182885,4.166044876387292,4.298509146938508,0.9455963874271426,0.3253420847119801,0,0
2021-03-14,C,42.32,41.33,21,25,1,1,Store,North,2021,3,6,73,3.0492730404820207,3.7452597875500437,3.721588628523641,0.9510565162951535,0.30901699437494745,0,0
2021-03-15,C,53.14,54.83,11,25,0,0,Online,North,2021,3,0,74,2.4069451083182885,3.9729299403316674,4.004237489415957,0.9562348265919056,0.29260033563334836,0,0
2021-03-16,C,44.82,44.45,14,25,0,0,Online,East,2021,3,1,75,2.6461747973841225,3.802654468372781,3.794364961959914,0.9611297838723007,0.27609697309746883,0,0
2021-03-17,C,51.98,48.03,13,25,0,0,Store,West,2021,3,2,76,2.5726122302071057,3.950859029213344,3.871825815676733,0.9657399376548549,0.2595117970697999,0,0
2021-03-18,C,46.72,41.59,15,25,0,0,Store,West,2021,3,3,77,2.714694743820879,3.8441723385199715,3.7278597537548204,0.970063921851507,0.2428497220959356,0,0
2021-03-19,C,45.04,40.19,17,25,1,0,Online,South,2021,3,4,78,2.8390784635086144,3.807550983831435,3.6936182084611096,0.9741004551724205,0.22611568550828828,0,0
2021-03-20,C,30.0,29.98,24,25,0,1,Store,East,2021,3,5,79,3.1822118404966093,3.4011973816621555,3.4005304926744517,0.9778483415056568,0.20931464596304847,0,0
2021-03-21,C,64.86,55.55,11,25,1,1,Store,West,2021,3,6,80,2.4069451083182885,4.172231100879172,4.017283516085639,0.9813064702716093,0.19245158197082998,0,0
2021-03-22,C,54.57,53.75,13,25,0,0,Store,North,2021,3,0,81,2.5726122302071057,3.9994842811981406,3.984343667007772,0.9844738167520922,0.1755314904214282,0,0
2021-03-23,C,48.9,48.79,12,25,0,0,Online,South,2021,3,1,82,2.4932054526026954,3.8897773964808264,3.8875253738277458,0.9873494423939864,0.15855938510313478,0,0
2021-03-24,C,58.79,59.13,12,25,0,0,Online,West,2021,3,2,83,2.4932054526026954,4.073971772414164,4.079738409832738,0.989932495087353,0.141540295217043,0,0
2021-03-25,C,46.14,47.4,16,25,0,0,Online,West,2021,3,3,84,2.7788192719904172,3.8316802527456075,3.858622228701031,0.9922222094179323,0.12447926388678915,0,0
2021-03-26,C,37.25,32.45,17,25,0,0,Online,North,2021,3,4,85,2.8390784635086144,3.6176519448255684,3.479700443150099,0.994217906893952,0.10738134666416309,0,0
2021-03-27,C,78.26,72.5,10,25,0,1,Store,North,2021,3,5,86,2.312535423847214,4.360036616782266,4.283586561860629,0.995918996147179,0.09025161003104117,0,0
2021-03-28,C,47.41,54.13,16,25,0,1,Online,North,2021,3,6,87,2.7788192719904172,3.8588331769140267,3.9913885608088866,0.9973249731081555,0.07309512989807777,0,0
2021-03-29,C,69.15,59.86,9,25,0,0,Online,South,2021,3,0,88,2.2082744135228043,4.236278058110767,4.0920085024245525,0.9984354211555643,0.055916990100603484,0,0
2021-03-30,C,52.88,60.56,11,25,0,0,Store,North,2021,3,1,89,2.4069451083182885,3.9680251955434307,4.103634609129194,0.9992500112396835,0.03872228089217446,0,0
2021-03-31,C,30.0,34.45,23,25,0,0,Online,East,2021,3,2,90,3.139832617527748,3.4011973816621555,3.539508997459668,0.9997685019798909,0.021516097436222254,0,0
2021-04-01,C,49.0,44.98,13,25,0,0,Store,North,2021,4,3,91,2.5726122302071057,3.8918202981106265,3.8062179465311696,0.9999907397361901,0.004303538296244289,0,0
2021-04-02,C,47.96,49.13,16,25,0,0,Online,East,2021,4,4,92,2.7788192719904172,3.8703673301593136,3.894469846180557,0.9999166586547379,-0.01291029607500882,0,0
2021-04-03,C,46.1,41.27,18,25,0,1,Online,North,2021,4,5,93,2.89591193827178,3.8308129500026027,3.7201358437644907,0.9995462806873573,-0.030120304846908114,0,0
2021-04-04,C,42.74,39.07,20,25,1,1,Store,West,2021,4,6,94,3.0007198150650303,3.755135249891002,3.6653549090669792,0.9988797155850336,-0.04732138832243185,0,0
2021-04-05,C,66.45,60.9,9,25,0,0,Store,South,2021,4,0,95,2.2082744135228043,4.196449785159254,4.109233174715851,0.9979171608653922,-0.06450844944931623,0,0
2021-04-06,C,35.98,38.36,19,25,0,0,Online,North,2021,4,1,96,2.9496883350525844,3.582963228522387,3.6470152500152375,0.9966589017541702,-0.08167639533042241,0,0
2021-04-07,C,52.44,56.99,13,25,0,0,Online,West,2021,4,2,97,2.5726122302071057,3.959669658895499,4.0428758138469085,0.9951053111006976,-0.09882013873287143,0,0
2021-04-08,C,47.58,42.56,12,25,0,0,Store,East,2021,4,3,98,2.4932054526026954,3.8624125048748117,3.750914845033389,0.9932568492674143,-0.11593459959550041,0,0
2021-04-09,C,62.7,55.08,11,25,0,0,Store,West,2021,4,4,99,2.4069451083182885,4.138361447638875,4.008786673860454,0.9911140639934547,-0.1330147065341959,0,0
2021-04-10,C,57.96,61.03,11,25,0,1,Online,South,2021,4,5,100,2.4069451083182885,4.059753117452481,4.111365546556404,0.9886775902323405,-0.1500553983446526,0,0
2021-04-11,C,31.83,34.89,28,25,0,1,Online,North,2021,4,6,101,3.3357695763397,3.4604092412940015,3.5522002551986827,0.9859481499638304,-0.16705162550211924,0,0
2021-04-12,C,46.56,43.51,16,25,1,0,Online,South,2021,4,0,102,2.7788192719904172,3.8407418034231826,3.772990796732589,0.9829265519799822,-0.18399835165768005,0,0
2021-04-13,C,42.89,43.76,21,25,1,0,Store,West,2021,4,1,103,3.0492730404820207,3.758638698528789,3.7787201581137255,0.9796136916454901,-0.20089055513063506,0,0
2021-04-14,C,42.0,39.96,14,25,0,0,Store,North,2021,4,2,104,2.6461747973841225,3.7376696182833684,3.687878953780353,0.9760105506323683,-0.21772323039653177,0,0
2021-04-15,C,40.28,36.93,15,25,0,0,Online,North,2021,4,3,105,2.714694743820879,3.6958550678503617,3.6090242288644716,0.9721181966290613,-0.23449138957040985,0,0
2021-04-16,C,37.55,34.87,19,25,0,0,Store,South,2021,4,4,106,2.9496883350525844,3.6256733782101436,3.5516268606875596,0.9679377830240642,-0.25119006388481935,0,0
2021-04-17,C,49.7,54.15,16,25,0,1,Online,North,2021,4,5,107,2.7788192719904172,3.906004933102583,3.9917579734469997,0.9634705485641488,-0.2678143051621742,0,0
2021-04-18,C,60.52,56.4,11,25,1,1,Online,East,2021,4,6,108,2.4069451083182885,4.102973888920155,4.032469158504013,0.9587178169872964,-0.2843591872810034,0,0
2021-04-19,C,53.31,49.38,10,25,0,0,Online,North,2021,4,0,109,2.312535423847214,3.9761239308346696,3.8995454839170334,0.9536809966304457,-0.30081980763566735,0,0
2021-04-20,C,65.79,74.53,9,25,0,0,Online,South,2021,4,1,110,2.2082744135228043,4.186467851097906,4.311201728893603,0.9483615800121715,-0.3171912885891061,0,0
2021-04-21,C,42.0,36.14,15,25,0,0,Online,North,2021,4,2,111,2.714694743820879,3.7376696182833684,3.5874002851640823,0.9427611433904207,-0.3334687789181868,0,0
2021-04-22,C,77.82,81.83,9,25,0,0,Online,East,2021,4,3,112,2.2082744135228043,4.354398467556408,4.4046439245392905,0.9368813462954315,-0.3496474552512284,0,0
2021-04-23,C,48.61,52.07,15,25,0,0,Online,North,2021,4,4,113,2.714694743820879,3.883829271057364,3.952588967174808,0.9307239310379795,-0.36572252349726897,0,0
2021-04-24,C,47.23,50.45,20,25,1,1,Online,West,2021,4,5,114,3.0007198150650303,3.8550292839080256,3.920982746799618,0.9242907221930934,-0.3816892202666588,0,0
2021-04-25,C,38.34,34.2,19,25,0,1,Store,North,2021,4,6,115,2.9496883350525844,3.6464937376174986,3.5322256440685598,0.9175836260593937,-0.39754281428255595,0,0
2021-04-26,C,38.75,35.39,17,25,0,0,Online,West,2021,4,0,116,2.8390784635086144,3.657130755799356,3.566429294357372,0.9106046300942163,-0.4132786077829042,0,0
2021-04-27,C,33.28,31.25,18,25,0,0,Store,East,2021,4,1,117,2.89591193827178,3.5049566159530077,3.4420193761824107,0.9033558023246845,-0.4288919379124835,0,0
2021-04-28,C,50.05,42.76,12,25,1,0,Online,North,2021,4,2,118,2.4932054526026954,3.9130225057612296,3.7556030861568446,0.895839290734909,-0.4443781781046132,0,0
2021-04-29,C,43.07,44.92,21,25,1,0,Online,North,2021,4,3,119,3.0492730404820207,3.7628266990660193,3.8048831298702424,0.8880573226294932,-0.45973273945210397,0,0
2021-04-30,C,40.98,39.91,14,25,0,0,Online,East,2021,4,4,120,2.6461747973841225,3.7130841428107537,3.686626919060642,0.8800122039735357,-0.47495107206704995,0,0
2021-05-01,C,47.24,53.17,15,25,0,1,Online,South,2021,5,5,121,2.714694743820879,3.8552409913291616,3.973494327516247,0.8717063187093218,-0.49002866642905923,0,0
2021-05-02,C,49.58,45.91,14,25,0,1,Store,West,2021,5,6,122,2.6461747973841225,3.9035875266070446,3.826682958261131,0.8631421280499114,-0.5049610547215204,0,0
2021-05-03,C,68.31,70.29,9,25,0,0,Store,East,2021,5,0,123,2.2082744135228043,4.224056168743758,4.252629541187814,0.854322169749827,-0.5197438121555155,0,0
2021-05-04,C,67.97,72.09,9,25,0,0,Online,North,2021,5,1,124,2.2082744135228043,4.219066431358547,4.277915338416487,0.8452490573530633,-0.5343725582809787,0,0
2021-05-05,C,55.63,49.61,10,25,0,0,Store,East,2021,5,2,125,2.312535423847214,4.018722624087202,3.9041924263129575,0.835925479418637,-0.548842958284719,0,0
2021-05-06,C,66.12,62.84,9,25,0,0,Store,East,2021,5,3,126,2.2082744135228043,4.191471272952824,4.14059181338742,0.8263541987239096,-0.5631507242749186,0,0
2021-05-07,C,44.05,44.82,14,25,0,0,Online,North,2021,5,4,127,2.6461747973841225,3.7853253523821886,3.802654468372781,0.8165380514459161,-0.5772916165517272,0,0
2021-05-08,C,50.25,45.89,13,25,0,1,Online,South,2021,5,5,128,2.5726122302071057,3.917010546939185,3.8262472284067424,0.8064799463209448,-0.5912614448635781,0,0
2021-05-09,C,55.56,59.95,12,25,0,1,Store,East,2021,5,6,129,2.4932054526026954,4.017463517886143,4.093510881473524,0.7961828637826158,-0.6050560696488488,0,0
2021-05-10,C,63.63,68.26,8,25,0,0,Store,South,2021,5,0,130,2.0918640616783932,4.1530850572447005,4.223323943478561,0.7856498550787145,-0.6186714032625031,0,0
2021-05-11,C,59.42,68.29,11,25,0,0,Store,North,2021,5,1,131,2.4069451083182885,4.084630870034462,4.223763342972998,0.7748840413670407,-0.6321034111873487,0,0
2021-05-12,C,46.09,51.86,14,25,0,0,Online,North,2021,5,2,132,2.6461747973841225,3.830596006732417,3.9485477801105184,0.7638886127905428,-0.6453481132295501,0,0
2021-05-13,C,36.94,37.8,20,25,1,0,Online,West,2021,5,3,133,3.0007198150650303,3.609294974771094,3.632309102625542,0.7526668275320084,-0.6584015846980488,0,0
2021-05-14,C,35.16,36.78,18,25,0,0,Store,South,2021,5,4,134,2.89591193827178,3.559909072816976,3.604954219176175,0.741222010848596,-0.6712599575675313,0,0
2021-05-15,C,52.17,56.32,14,25,1,1,Store,South,2021,5,5,135,2.6461747973841225,3.9545076170343014,4.0310497118497866,0.7295575540864875,-0.6839194216246106,0,0
2021-05-16,C,65.71,56.64,8,25,0,1,Online,East,2021,5,6,136,2.0918640616783932,4.1852511209097765,4.036715449385464,0.717676913675962,-0.6963762255968722,0,0
2021-05-17,C,45.17,42.25,17,25,1,0,Online,East,2021,5,0,137,2.8390784635086144,3.8104331496665127,3.7436043538031827,0.705583610107178,-0.7086266782644596,0,0
2021-05-18,C,58.69,50.43,11,25,0,0,Online,North,2021,5,1,138,2.4069451083182885,4.072269354570243,3.920586236088634,0.6932812268869777,-0.7206671495538609,0,0
2021-05-19,C,47.75,53.71,14,25,0,0,Online,West,2021,5,2,139,2.6461747973841225,3.865979066926739,3.983599203917368,0.6807734094770161,-0.7324940716135789,0,0
2021-05-20,C,50.06,46.59,12,25,0,0,Online,North,2021,5,3,140,2.4932054526026954,3.913222286003628,3.8413859258287055,0.6680638642135335,-0.7441039398713607,0,0
2021-05-21,C,48.0,49.39,13,25,0,0,Store,North,2021,5,4,141,2.5726122302071057,3.871201010907891,3.8997479745525334,0.6551563572090853,-0.7554933140726803,0,0
2021-05-22,C,51.19,54.17,13,25,0,1,Online,East,2021,5,5,142,2.5726122302071057,3.935544200469492,3.9921272496698075,0.6420547132365637,-0.766658819300159,0,0
2021-05-23,C,44.28,42.3,16,25,0,1,Online,North,2021,5,6,143,2.7788192719904172,3.790533107840436,3.744787086052232,0.6287628145958344,-0.777597146973627,0,0
2021-05-24,C,37.41,37.0,16,25,0,0,Online,North,2021,5,0,144,2.7788192719904172,3.6219380483600547,3.6109179126442243,0.6152845999633276,-0.7883050558305255,0,0
2021-05-25,C,50.33,46.47,11,25,0,0,Store,West,2021,5,1,145,2.4069451083182885,3.9186013207882686,3.8388069430968867,0.6016240632249226,-0.7987793728863649,0,0
2021-05-26,C,49.17,42.02,11,25,0,0,Online,South,2021,5,2,146,2.4069451083182885,3.895283681423848,3.7381456954168546,0.5877852522924732,-0.8090169943749473,0,0
2021-05-27,C,43.45,39.4,13,25,0,0,Online,West,2021,5,3,147,2.5726122302071057,3.7716108517114013,3.673765816303888,0.5737722679043246,-0.8190148866680801,0,0
2021-05-28,C,64.34,67.81,9,25,0,0,Online,North,2021,5,4,148,2.2082744135228043,4.16418152181088,4.216709676695751,0.5595892624101765,-0.8287700871745037,0,0
2021-05-29,C,35.96,39.71,20,25,0,1,Store,North,2021,5,5,149,3.0007198150650303,3.5824072096034194,3.6816030451431603,0.545240438540651,-0.8382797052177743,0,0
2021-05-30,C,51.87,46.37,14,25,1,1,Online,East,2021,5,6,150,2.6461747973841225,3.9487405883633087,3.8366526984033693,0.5307300481619334,-0.8475409228928311,0,0
2021-05-31,C,54.91,62.56,11,25,0,0,Store,South,2021,5,0,151,2.4069451083182885,4.005695481290781,4.136126096237056,0.5160623910158528,-0.8565509959010036,0,0
2021-06-01,C,32.34,35.87,19,25,0,0,Online,North,2021,6,1,152,2.9496883350525844,3.4763048541489607,3.579901291544191,0.5012418134457758,-0.865307254363206,0,0
2021-06-02,C,62.21,55.13,9,25,0,0,Online,West,2021,6,2,153,2.2082744135228043,4.130515758526928,4.009694032601592,0.48627270710869,-0.8738071036110808,0,0
2021-06-03,C,39.96,45.6,15,25,0,0,Online,South,2021,6,3,154,2.714694743820879,3.687878953780353,3.8199077165203406,0.4711595076738638,-0.8820480249558537,0,0
2021-06-04,C,41.48,35.51,14,25,0,0,Store,West,2021,6,4,155,2.6461747973841225,3.7252113833613265,3.5698143469549963,0.4559066935084588,-0.8900275764346767,0,0
2021-06-05,C,31.09,27.6,21,25,0,1,Online,North,2021,6,5,156,3.0492730404820207,3.4368862240706624,3.3178157727231046,0.440518784350495,-0.8977433935342337,0,0
2021-06-06,C,53.15,56.9,12,25,0,1,Online,East,2021,6,6,157,2.4932054526026954,3.973118104787957,4.041295341132285,0.42500033996955416,-0.9051931898913974,0,0
2021-06-07,C,59.18,53.61,7,25,0,0,Online,North,2021,6,0,158,1.9600947840472698,4.080583646972063,3.9817356178394463,0.4093559588156213,-0.9123747579707273,0,0
2021-06-08,C,51.8,48.42,8,25,0,0,Online,North,2021,6,1,159,2.0918640616783932,3.9473901492654373,3.8799129515099127,0.39359027665646673,-0.9192859697186104,0,0
2021-06-09,C,37.0,33.01,14,25,0,0,Online,East,2021,6,2,160,2.6461747973841225,3.6109179126442243,3.4968105458651015,0.3777079652039649,-0.9259247771938498,0,0
2021-06-10,C,63.75,68.13,7,25,0,0,Online,North,2021,6,3,161,1.9600947840472698,4.154969184038536,4.221417644785577,0.36171373072976765,-0.9322892131745133,0,0
2021-06-11,C,66.35,66.77,7,25,0,0,Online,South,2021,6,4,162,1.9600947840472698,4.194943760778217,4.201253877869777,0.3456123126707335,-0.9383773917408641,0,0
2021-06-12,C,39.61,37.42,17,25,0,1,Store,West,2021,6,5,163,2.8390784635086144,3.6790816116338254,3.6222053208459437,0.3294084822245304,-0.9441875088341993,0,0
2021-06-13,C,53.3,54.28,11,25,0,1,Online,South,2021,6,6,164,2.4069451083182885,3.975936331171799,3.9941558349666684,0.3131070409358269,-0.9497178427914316,0,0
2021-06-14,C,64.17,60.11,8,25,0,0,Online,East,2021,6,0,165,2.0918640616783932,4.161535811762424,4.09617621705107,0.29671281927349075,-0.9549667548552551,0,0
2021-06-15,C,52.33,49.5,11,25,1,0,Store,South,2021,6,1,166,2.4069451083182885,3.9575698203841165,3.901972669574645,0.28023067519921585,-0.9599326896597447,0,0
2021-06-16,C,46.38,46.33,11,25,0,0,Online,South,2021,6,2,167,2.4069451083182885,3.8368683318273855,3.835789699428557,0.26366549272800704,-0.9646141756912435,0,0
2021-06-17,C,41.14,36.54,14,25,1,0,Store,South,2021,6,3,168,2.6461747973841225,3.716980884224811,3.5984075509498608,0.24702218048093552,-0.9690098257244062,0,0
2021-06-18,C,46.32,47.52,12,25,0,0,Online,West,2021,6,4,169,2.4932054526026954,3.83557383326474,3.8611506750543896,0.23030567023061221,-0.9731183372332619,0,0
2021-06-19,C,52.82,50.68,10,25,0,1,Store,West,2021,6,5,170,2.312535423847214,3.9668899068689862,3.925531355452938,0.21352091543979612,-0.9769384927771817,0,0
2021-06-20,C,54.84,51.48,10,25,0,1,Online,North,2021,6,6,171,2.312535423847214,4.004419854694114,3.941193382727926,0.19667288979357647,-0.980469160361632,0,0
2021-06-21,C,30.0,31.88,17,25,0,0,Store,West,2021,6,0,172,2.8390784635086144,3.4011973816621555,3.461978853922014,0.1797665857255624,-0.9837092937736097,0,0
2021-06-22,C,57.83,58.96,9,25,0,0,Store,South,2021,6,1,173,2.2082744135228043,4.057507672170127,4.076859247881081,0.16280701293851715,-0.986657932891657,0,0
2021-06-23,C,37.04,34.44,12,25,0,0,Store,South,2021,6,2,174,2.4932054526026954,3.6119984097779785,3.53921867955953,0.1457991969198751,-0.9893142039703663,0,0
2021-06-24,C,56.42,54.54,8,25,0,0,Online,East,2021,6,3,175,2.0918640616783932,4.0328237055738505,3.9989343774174424,0.12874817745258132,-0.99167731989929,0,0
2021-06-25,C,59.85,60.76,8,25,0,0,Store,East,2021,6,4,176,2.0918640616783932,4.091841432003982,4.106931677727572,0.11165900712169512,-0.993746580436178,0,0
2021-06-26,C,76.02,76.92,8,25,0,1,Online,North,2021,6,5,177,2.0918640616783932,4.330996463561102,4.342765920720579,0.09453674981719912,-0.9955213724144752,0,0
2021-06-27,C,39.73,40.63,15,25,0,1,Online,South,2021,6,6,178,2.714694743820879,3.6821065698265074,3.7045067099996354,0.07738647923346301,-0.9970011699250151,0,0
2021-06-28,C,49.06,49.2,9,25,0,0,Store,East,2021,6,0,179,2.2082744135228043,3.893044038830343,3.8958936234982624,0.06021327736579302,-0.9981855344718586,0,0
2021-06-29,C,46.45,45.62,10,25,0,0,Online,South,2021,6,1,180,2.312535423847214,3.8383764652598478,3.820346216856242,0.04302223300453059,-0.99907411510223,0,0
2021-06-30,C,49.35,54.19,13,25,1,0,Store,West,2021,6,2,181,2.5726122302071057,3.8989377658794906,3.9924963895780228,0.02581844022713308,-0.9996666485105112,0,0
2021-07-01,C,43.55,47.89,12,25,0,0,Online,West,2021,7,3,182,2.4932054526026954,3.7739097032985116,3.868906714354518,0.008606996888688698,-0.9999629591162655,0,0
2021-07-02,C,62.83,67.16,7,25,0,0,Store,East,2021,7,4,183,1.9600947840472698,4.140432666414855,4.20707783220934,-0.008606996888688009,-0.9999629591162655,0,0
2021-07-03,C,43.32,37.18,9,25,0,1,Store,West,2021,7,5,184,2.2082744135228043,3.76861442213279,3.6157709822932977,-0.02581844022713239,-0.9996666485105112,0,0
2021-07-04,C,38.65,35.22,12,25,0,1,Online,West,2021,7,6,185,2.4932054526026954,3.654546775033431,3.56161410306806,-0.04302223300453034,-0.99907411510223,0,0
2021-07-05,C,41.96,47.63,10,25,0,0,Online,West,2021,7,0,186,2.312535423847214,3.7367167835280966,3.863462814812769,-0.060213277365792774,-0.9981855344718586,0,0
2021-07-06,C,68.7,59.83,7,25,1,0,Store,West,2021,7,1,187,1.9600947840472698,4.229749199228304,4.09150720740194,-0.07738647923346322,-0.9970011699250151,0,0
2021-07-07,C,43.7,39.54,8,25,0,0,Online,North,2021,7,2,188,2.0918640616783932,3.7773481021015445,3.6773128177424708,-0.09453674981719933,-0.9955213724144752,0,0
2021-07-08,C,50.0,53.08,9,25,0,0,Store,South,2021,7,3,189,2.2082744135228043,3.912023005428146,3.9718002094640066,-0.11165900712169444,-0.9937465804361781,0,0
2021-07-09,C,32.17,32.16,14,25,1,0,Store,South,2021,7,4,190,2.6461747973841225,3.471034341250935,3.4707234443107655,-0.12874817745258066,-0.99167731989929,0,0
2021-07-10,C,43.55,39.98,10,25,0,1,Store,South,2021,7,5,191,2.312535423847214,3.7739097032985116,3.6883793290722537,-0.14579919691987442,-0.9893142039703664,0,0
2021-07-11,C,54.2,57.68,9,25,0,1,Online,West,2021,7,6,192,2.2082744135228043,3.9926809084456005,4.054910492976694,-0.16280701293851646,-0.9866579328916572,0,0
2021-07-12,C,50.53,51.78,10,25,1,0,Store,West,2021,7,0,193,2.312535423847214,3.9225672193038172,3.947003974323392,-0.17976658572556214,-0.9837092937736098,0,0
2021-07-13,C,45.43,46.7,10,25,0,0,Store,West,2021,7,1,194,2.312535423847214,3.816172679771312,3.8437441646748516,-0.19667288979357622,-0.9804691603616321,0,0
2021-07-14,C,46.99,44.27,10,25,1,0,Online,North,2021,7,2,195,2.312535423847214,3.849934813114724,3.7903072467440495,-0.2135209154397959,-0.9769384927771817,0,0
2021-07-15,C,49.91,55.87,8,25,0,0,Store,East,2021,7,3,196,2.0918640616783932,3.9102213834815176,4.023027563471057,-0.23030567023061196,-0.973118337233262,0,0
2021-07-16,C,37.15,35.63,11,25,0,0,Online,South,2021,7,4,197,2.4069451083182885,3.6149637711637683,3.5731879796177446,-0.24702218048093527,-0.9690098257244063,0,0
2021-07-17,C,43.63,44.7,12,25,0,1,Online,East,2021,7,5,198,2.4932054526026954,3.775744987135518,3.7999735016195233,-0.2636654927280072,-0.9646141756912435,0,0
2021-07-18,C,59.07,51.55,7,25,0,1,Store,East,2021,7,6,199,1.9600947840472698,4.078723181319144,3.942552210462969,-0.2802306751992161,-0.9599326896597445,0,0
2021-07-19,C,45.2,51.31,13,25,1,0,Online,North,2021,7,0,200,2.5726122302071057,3.8110970868381857,3.9378856649538734,-0.2967128192734901,-0.9549667548552553,0,0
2021-07-20,C,58.06,63.72,9,25,1,0,Store,West,2021,7,1,201,2.2082744135228043,4.061476958596484,4.154498485041848,-0.3131070409358267,-0.9497178427914317,0,0
2021-07-21,C,36.35,38.1,11,25,0,0,Online,South,2021,7,2,202,2.4069451083182885,3.5931942039795284,3.6402142821326553,-0.3294084822245302,-0.9441875088341994,0,0
2021-07-22,C,53.49,58.54,8,25,0,0,Online,South,2021,7,3,203,2.0918640616783932,3.979494720543159,4.06971028126374,-0.3456123126707333,-0.9383773917408642,0,0
2021-07-23,C,56.49,57.69,7,25,0,0,Store,North,2021,7,4,204,1.9600947840472698,4.034063631337171,4.055083848268798,-0.3617137307297674,-0.9322892131745134,0,0
2021-07-24,C,57.9,49.76,7,25,0,1,Online,West,2021,7,5,205,1.9600947840472698,4.05871738457895,3.907211448430924,-0.37770796520396466,-0.9259247771938499,0,0
2021-07-25,C,56.16,57.73,7,25,0,1,Online,East,2021,7,6,206,1.9600947840472698,4.028204759717555,4.055776969072842,-0.39359027665646645,-0.9192859697186105,0,0
2021-07-26,C,51.12,55.81,7,25,0,0,Online,West,2021,7,0,207,1.9600947840472698,3.9341758100692794,4.021953064800342,-0.4093559588156211,-0.9123747579707274,0,0
2021-07-27,C,52.49,51.6,6,25,0,0,Online,North,2021,7,1,208,1.8082887711792655,3.9606226752642084,3.9435216724875173,-0.42500033996955394,-0.9051931898913975,0,0
2021-07-28,C,53.43,48.58,8,25,1,0,Online,North,2021,7,2,209,2.0918640616783932,3.97837238596968,3.8832119235740263,-0.4405187843504952,-0.8977433935342336,0,0
2021-07-29,C,72.95,66.02,5,25,0,0,Online,South,2021,7,3,210,1.62924053973028,4.289774274968795,4.189957726425047,-0.455906693508459,-0.8900275764346766,0,0
2021-07-30,C,41.39,47.54,12,25,1,0,Online,East,2021,7,4,211,2.4932054526026954,3.7230393057606412,3.861571461932048,-0.47115950767386394,-0.8820480249558535,0,0
2021-07-31,C,45.62,41.12,9,25,0,1,Online,East,2021,7,5,212,2.2082744135228043,3.820346216856242,3.7164946211469094,-0.4862727071086902,-0.8738071036110807,0,0
2021-08-01,C,37.22,36.37,10,25,0,1,Store,North,2021,8,6,213,2.312535423847214,3.616846251214105,3.5937442589988975,-0.5012418134457756,-0.8653072543632061,0,0
2021-08-02,C,47.6,47.65,7,25,0,0,Online,East,2021,8,0,214,1.9600947840472698,3.8628327612373745,3.863882630100211,-0.5160623910158526,-0.8565509959010037,0,0
2021-08-03,C,35.7,32.44,9,25,0,0,Store,North,2021,8,1,215,2.2082744135228043,3.5751506887855933,3.479392229247212,-0.5307300481619331,-0.8475409228928312,0,0
2021-08-04,C,53.64,60.43,8,25,0,0,Store,East,2021,8,2,216,2.0918640616783932,3.9822950584134778,4.101485670373467,-0.5452404385406507,-0.8382797052177745,0,0
2021-08-05,C,46.95,47.29,11,25,1,0,Store,East,2021,8,3,217,2.4069451083182885,3.849083205654272,3.8562988566557843,-0.5595892624101763,-0.828770087174504,0,0
2021-08-06,C,59.76,60.84,6,25,0,0,Online,East,2021,8,4,218,1.8082887711792655,4.090336540824562,4.1082474673910925,-0.5737722679043243,-0.8190148866680802,0,0
2021-08-07,C,48.41,41.73,9,25,1,1,Online,West,2021,8,5,219,2.2082744135228043,3.879706403951603,3.731220294603461,-0.5877852522924734,-0.8090169943749472,0,0
2021-08-08,C,44.89,41.33,8,25,0,1,Store,North,2021,8,6,220,2.0918640616783932,3.804215052793841,3.721588628523641,-0.6016240632249227,-0.7987793728863648,0,0
2021-08-09,C,63.76,62.71,5,25,0,0,Online,East,2021,8,0,221,1.62924053973028,4.15512603448196,4.138520924554929,-0.6152845999633277,-0.7883050558305253,0,0
2021-08-10,C,49.16,51.96,9,25,1,0,Store,West,2021,8,1,222,2.2082744135228043,3.895080284697834,3.9504741918023987,-0.6287628145958345,-0.7775971469736268,0,0
2021-08-11,C,51.84,58.59,7,25,0,0,Online,South,2021,8,2,223,1.9600947840472698,3.9481620520440193,4.070564033556697,-0.6420547132365636,-0.7666588193001592,0,0
2021-08-12,C,59.97,54.95,5,25,0,0,Store,West,2021,8,3,224,1.62924053973028,4.093844437180419,4.006423680849631,-0.655156357209085,-0.7554933140726804,0,0
2021-08-13,C,64.23,72.75,6,25,1,0,Online,North,2021,8,4,225,1.8082887711792655,4.162470391269701,4.287028906051602,-0.6680638642135333,-0.7441039398713608,0,0
2021-08-14,C,55.53,56.9,5,25,0,1,Store,North,2021,8,5,226,1.62924053973028,4.016923415253516,4.041295341132285,-0.6807734094770159,-0.7324940716135792,0,0
2021-08-15,C,53.71,46.62,7,25,0,1,Store,North,2021,8,6,227,1.9600947840472698,3.983599203917368,3.842029633607611,-0.6932812268869771,-0.7206671495538615,0,0
2021-08-16,C,35.72,37.28,10,25,0,0,Store,East,2021,8,0,228,2.312535423847214,3.575710756008298,3.6184569898173904,-0.7055836101071774,-0.7086266782644601,0,0
2021-08-17,C,37.75,35.31,9,25,0,0,Online,North,2021,8,1,229,2.2082744135228043,3.6309854756950335,3.564166209940295,-0.7176769136759615,-0.6963762255968726,0,0
2021-08-18,C,61.24,55.25,5,25,0,0,Store,South,2021,8,2,230,1.62924053973028,4.114800570789483,4.0118683403978626,-0.7295575540864876,-0.6839194216246105,0,0
2021-08-19,C,55.88,51.81,6,25,0,0,Online,West,2021,8,3,231,1.8082887711792655,4.023206534388761,3.947583180826697,-0.7412220108485957,-0.6712599575675315,0,0
2021-08-20,C,47.62,47.02,8,25,1,0,Store,South,2021,8,4,232,2.0918640616783932,3.8632528410587166,3.8505730431119236,-0.7526668275320083,-0.6584015846980489,0,0
2021-08-21,C,48.11,43.05,11,25,1,1,Store,West,2021,8,5,233,2.4069451083182885,3.8734900557113625,3.7623622308737397,-0.7638886127905429,-0.64534811322955,0,0
2021-08-22,C,30.76,33.21,15,25,1,1,Store,East,2021,8,6,234,2.714694743820879,3.4262151446374434,3.5028510353886553,-0.7748840413670406,-0.6321034111873488,0,0
2021-08-23,C,37.21,42.63,8,25,0,0,Online,South,2021,8,0,235,2.0918640616783932,3.6165775423585313,3.752558230777119,-0.7856498550787144,-0.6186714032625032,0,0
2021-08-24,C,45.01,39.77,7,25,0,0,Store,West,2021,8,1,236,1.9600947840472698,3.806884687304841,3.6831128592195994,-0.7961828637826154,-0.6050560696488494,0,0
2021-08-25,C,53.51,46.92,5,25,0,0,Store,South,2021,8,2,237,1.62924053973028,3.979868552323213,3.848444023785275,-0.8064799463209447,-0.5912614448635782,0,0
2021-08-26,C,53.66,56.2,6,25,0,0,Online,North,2021,8,3,238,1.8082887711792655,3.982667844997478,4.028916756899646,-0.8165380514459157,-0.5772916165517278,0,0
2021-08-27,C,45.25,39.67,6,25,0,0,Store,West,2021,8,4,239,1.8082887711792655,3.8122026701459353,3.6805952345262387,-0.8263541987239095,-0.5631507242749187,0,0
2021-08-28,C,36.58,41.68,11,25,0,1,Online,South,2021,8,5,240,2.4069451083182885,3.5995016429627196,3.7300213974451113,-0.8359254794186365,-0.5488429582847199,0,0
2021-08-29,C,54.72,57.97,7,25,0,1,Store,East,2021,8,6,241,1.9600947840472698,4.002229273314295,4.059925635351641,-0.8452490573530634,-0.5343725582809785,0,0
2021-08-30,C,46.96,48.19,7,25,0,0,Online,East,2021,8,0,242,1.9600947840472698,3.849296175519841,3.8751515306522415,-0.8543221697498269,-0.5197438121555157,0,0
2021-08-31,C,63.16,59.99,3,25,0,0,Store,North,2021,8,1,243,1.1314021114911006,4.145671189387441,4.094177881665002,-0.8631421280499115,-0.5049610547215202,0,0
2021-09-01,C,40.17,42.19,8,25,0,0,Online,West,2021,9,2,244,2.0918640616783932,3.693120448371191,3.7421832261362473,-0.8717063187093218,-0.4900286664290594,0,0
2021-09-02,C,44.14,42.93,7,25,0,0,Store,West,2021,9,3,245,1.9600947840472698,3.7873664008285903,3.7595708822364693,-0.8800122039735356,-0.4749510720670502,0,0
2021-09-03,C,58.88,66.84,5,25,0,0,Online,North,2021,9,4,246,1.62924053973028,4.075501474420621,4.202301703727193,-0.888057322629493,-0.4597327394521046,0,0
2021-09-04,C,51.86,47.48,8,25,0,1,Online,East,2021,9,5,247,2.0918640616783932,3.9485477801105184,3.860308569741467,-0.8958392907349089,-0.44437817810461344,0,0
2021-09-05,C,52.92,45.44,7,25,0,1,Online,East,2021,9,6,248,1.9600947840472698,3.968781339246755,3.816392774412896,-0.9033558023246842,-0.4288919379124841,0,0
2021-09-06,C,43.59,44.06,8,25,0,0,Online,East,2021,9,0,249,2.0918640616783932,3.774827766250301,3.785552341374197,-0.9106046300942162,-0.41327860778290443,0,0
2021-09-07,C,46.69,51.95,7,25,0,0,Store,East,2021,9,1,250,1.9600947840472698,3.8435300089828455,3.9502817175452365,-0.9175836260593934,-0.3975428142825566,0,0
2021-09-08,C,55.7,54.11,6,25,1,0,Online,South,2021,9,2,251,1.8082887711792655,4.019980146933238,3.991019011654644,-0.9242907221930934,-0.3816892202666586,0,0
2021-09-09,C,38.46,39.14,12,25,1,0,Online,South,2021,9,3,252,2.4932054526026954,3.6496187401606335,3.66714496196793,-0.9307239310379793,-0.3657225234972692,0,0
2021-09-10,C,60.97,55.31,6,25,1,0,Store,East,2021,9,4,253,1.8082887711792655,4.110381939919725,4.012953724006587,-0.9368813462954315,-0.34964745525122826,0,0
2021-09-11,C,35.87,33.55,11,25,0,1,Store,West,2021,9,5,254,2.4069451083182885,3.579901291544191,3.5130368634176907,-0.9427611433904206,-0.33346877891818705,0,0
2021-09-12,C,73.33,82.44,5,25,0,1,Online,North,2021,9,6,255,1.62924053973028,4.294969802105708,4.412070756022258,-0.9483615800121716,-0.31719128858910595,0,0
2021-09-13,C,62.53,71.28,5,25,0,0,Store,West,2021,9,0,256,1.62924053973028,4.1356464415792065,4.266615783162554,-0.9536809966304455,-0.300819807635668,0,0
2021-09-14,C,53.33,47.48,5,25,1,0,Store,South,2021,9,1,257,1.62924053973028,3.9764990246125107,3.860308569741467,-0.9587178169872964,-0.2843591872810036,0,0
2021-09-15,C,45.47,52.05,8,25,0,0,Online,North,2021,9,2,258,2.0918640616783932,3.8170527678369193,3.952204795060978,-0.9634705485641486,-0.26781430516217486,0,0
2021-09-16,C,56.63,63.95,9,25,1,0,Store,West,2021,9,3,259,2.2082744135228043,4.036538880125714,4.158101528024852,-0.9679377830240642,-0.25119006388481957,0,0
2021-09-17,C,50.78,45.46,6,25,0,0,Store,West,2021,9,4,260,1.8082887711792655,3.9275025762765323,3.8168328184243974,-0.9721181966290612,-0.23449138957041052,0,0
2021-09-18,C,58.04,59.67,7,25,1,1,Online,West,2021,9,5,261,1.9600947840472698,4.061132428015987,4.088829381533991,-0.9760105506323682,-0.21772323039653224,0,0
2021-09-19,C,53.09,51.65,7,25,0,1,Store,East,2021,9,6,262,1.9600947840472698,3.97198858659558,3.9444901955656477,-0.9796136916454901,-0.20089055513063528,0,0
2021-09-20,C,64.94,65.26,4,25,0,0,Store,East,2021,9,0,263,1.410986973710262,4.1734637666747,4.178379291165174,-0.9829265519799822,-0.18399835165767986,0,0
2021-09-21,C,59.24,51.03,4,25,0,0,Online,East,2021,9,1,264,1.410986973710262,4.081596989399598,3.93241369507588,-0.9859481499638303,-0.1670516255021195,0,0
2021-09-22,C,44.1,50.48,6,25,0,0,Online,East,2021,9,2,265,1.8082887711792655,3.7864597824528,3.9215772182329576,-0.9886775902323404,-0.15005539834465262,0,0
2021-09-23,C,56.75,55.22,5,25,0,0,Store,North,2021,9,3,266,1.62924053973028,4.038655656361512,4.011325206502009,-0.9911140639934546,-0.13301470653419636,0,0
2021-09-24,C,61.47,68.77,6,25,1,0,Store,West,2021,9,4,267,1.8082887711792655,4.118549250918918,4.230767603331745,-0.9932568492674143,-0.11593459959550066,0,0
2021-09-25,C,46.94,53.18,9,25,1,1,Online,East,2021,9,5,268,2.2082744135228043,3.8488701904228773,3.9736823858148735,-0.9951053111006974,-0.09882013873287211,0,0
2021-09-26,C,49.19,47.17,7,25,0,1,Store,East,2021,9,6,269,1.9600947840472698,3.8956903508072482,3.8537580972961702,-0.99665890175417,-0.08167639533042288,0,0
2021-09-27,C,34.83,39.78,10,25,0,0,Store,East,2021,9,0,270,2.312535423847214,3.5504790843779097,3.683364273425826,-0.9979171608653922,-0.06450844944931625,0,0
2021-09-28,C,51.01,47.8,7,25,1,0,Store,West,2021,9,1,271,1.9600947840472698,3.932021691934835,3.86702563949741,-0.9988797155850335,-0.04732138832243232,0,0
2021-09-29,C,43.37,38.52,7,25,0,0,Store,North,2021,9,2,272,1.9600947840472698,3.7697679578472747,3.651177586929925,-0.9995462806873573,-0.03012030484690836,0,0
2021-09-30,C,31.32,30.03,8,25,0,0,Online,West,2021,9,3,273,2.0918640616783932,3.4442568711226023,3.402196881995239,-0.9999166586547379,-0.012910296075008843,0,0
2021-10-01,C,54.37,59.17,7,25,1,0,Online,South,2021,10,4,274,1.9600947840472698,3.995812531157829,4.080414656688602,-0.9999907397361901,0.004303538296243821,0,0
2021-10-02,C,69.52,72.23,6,25,1,1,Online,South,2021,10,5,275,1.8082887711792655,4.241614480957137,4.2798554720627555,-0.9997685019798909,0.021516097436222233,0,0
2021-10-03,C,37.98,36.96,10,25,0,1,Online,East,2021,10,6,276,2.312535423847214,3.63705970538414,3.6098362467734835,-0.9992500112396835,0.03872228089217399,0,0
2021-10-04,C,43.32,41.23,7,25,0,0,Online,West,2021,10,0,277,1.9600947840472698,3.76861442213279,3.7191661467188086,-0.9984354211555643,0.05591699010060302,0,0
2021-10-05,C,44.07,46.49,8,25,1,0,Online,East,2021,10,1,278,2.0918640616783932,3.7857792788538958,3.8392372357024933,-0.9973249731081555,0.07309512989807776,0,0
2021-10-06,C,33.39,36.75,11,25,0,0,Store,North,2021,10,2,279,2.4069451083182885,3.508256453955563,3.6041382256588457,-0.9959189961471792,0.0902516100310407,0,0
2021-10-07,C,50.05,52.24,7,25,0,0,Online,West,2021,10,3,280,1.9600947840472698,3.9130225057612296,3.955848484968176,-0.994217906893952,0.10738134666416306,0,0
2021-10-08,C,45.1,46.12,7,25,0,0,Store,South,2021,10,4,281,1.9600947840472698,3.8088822465086327,3.8312466954008584,-0.9922222094179324,0.12447926388678869,0,0
2021-10-09,C,41.42,44.69,10,25,0,1,Online,South,2021,10,5,282,2.312535423847214,3.723763855967438,3.79974976294536,-0.989932495087353,0.141540295217043,0,0
2021-10-10,C,64.34,69.63,5,25,0,1,Online,East,2021,10,6,283,1.62924053973028,4.16418152181088,4.2431955089544555,-0.9873494423939864,0.15855938510313475,0,0
2021-10-11,C,32.96,30.8,10,25,0,0,Store,South,2021,10,0,284,2.312535423847214,3.495294705041271,3.427514689979529,-0.9844738167520923,0.17553149042142777,0,0
2021-10-12,C,48.46,42.28,8,25,1,0,Store,North,2021,10,1,285,2.0918640616783932,3.8807387153883797,3.7443141610020367,-0.9813064702716093,0.19245158197082995,0,0
2021-10-13,C,42.37,42.14,9,25,1,0,Online,West,2021,10,2,286,2.2082744135228043,3.7464405646384678,3.740997408376043,-0.9778483415056568,0.20931464596304888,0,0
2021-10-14,C,37.74,32.17,8,25,0,0,Online,North,2021,10,3,287,2.0918640616783932,3.630720539940404,3.471034341250935,-0.9741004551724206,0.22611568550828803,0,0
2021-10-15,C,39.07,40.85,8,25,0,0,Online,North,2021,10,4,288,2.0918640616783932,3.6653549090669792,3.709906821306012,-0.970063921851507,0.2428497220959358,0,0
2021-10-16,C,44.81,39.02,8,25,0,1,Online,East,2021,10,5,289,2.0918640616783932,3.802431328798052,3.6640743351949654,-0.965739937654855,0.25951179706979943,0,0
2021-10-17,C,47.73,51.76,8,25,0,1,Store,West,2021,10,6,290,2.0918640616783932,3.865560131017805,3.946617650192645,-0.9611297838723007,0.27609697309746883,0,0
2021-10-18,C,50.95,54.6,9,25,1,0,Store,West,2021,10,0,291,2.2082744135228043,3.9308447596687337,4.000033882750859,-0.9562348265919058,0.2926003356333479,0,0
2021-10-19,C,54.44,46.57,4,25,0,0,Online,West,2021,10,1,292,1.410986973710262,3.9970991777832654,3.840956556994286,-0.9510565162951536,0.30901699437494723,0,0
2021-10-20,C,39.64,39.67,8,25,0,0,Online,North,2021,10,2,293,2.0918640616783932,3.6798387094617873,3.6805952345262387,-0.9455963874271428,0.3253420847119795,0,0
2021-10-21,C,56.73,62.4,6,25,0,0,Online,West,2021,10,3,294,1.8082887711792655,4.038303171338476,4.133565275375382,-0.9398560579418953,0.341570769167856,0,0
2021-10-22,C,35.69,31.67,9,25,0,0,Online,West,2021,10,4,295,2.2082744135228043,3.574870537502069,3.4553698605505483,-0.9338372288229252,0.35769823883312546,0,0
2021-10-23,C,50.23,52.18,8,25,0,1,Online,South,2021,10,5,296,2.0918640616783932,3.9166124577619534,3.9546992797085823,-0.9275416835791965,0.3737197147904692,0,0
2021-10-24,C,54.06,51.34,6,25,0,1,Store,North,2021,10,6,297,1.8082887711792655,3.9900945408483017,3.9384701754429945,-0.9209712877166346,0.38963044953078774,0,0
2021-10-25,C,52.5,55.24,6,25,0,0,Online,West,2021,10,0,298,1.8082887711792655,3.960813169597578,4.0116873285410914,-0.9141279881853337,0.4054257283599973,0,0
2021-10-26,C,63.23,61.93,4,25,0,0,Online,North,2021,10,1,299,1.410986973710262,4.146778872070522,4.1260047149499695,-0.9070138128026362,0.42110087079608916,0,0
2021-10-27,C,54.75,58.95,6,25,0,0,Online,West,2021,10,2,300,1.8082887711792655,4.00277736869661,4.07668962698338,-0.8996308696522434,0.4366512319560638,0,0
2021-10-28,C,66.71,60.81,5,25,0,0,Store,East,2021,10,3,301,1.62924053973028,4.200354866721424,4.107754249132018,-0.8919813464595487,0.45207220393230374,0,0
2021-10-29,C,67.72,67.94,3,25,0,0,Store,North,2021,10,4,302,1.1314021114911006,4.2153815572649345,4.218624962732438,-0.8840675099433637,0.46735921715800205,0,0
2021-10-30,C,56.46,59.3,9,25,1,1,Store,West,2021,10,5,303,2.2082744135228043,4.033532422825343,4.08260930600368,-0.8758917051442433,0.48250774176121763,0,0
2021-10-31,C,36.16,36.67,13,25,1,1,Online,South,2021,10,6,304,2.5726122302071057,3.5879535355239756,3.6019589820832345,-0.867456354729597,0.4975132889071803,0,0
2021-11-01,C,51.33,47.5,6,25,0,0,Store,North,2021,11,0,305,1.8082887711792655,3.9382753765722116,3.8607297110405954,-0.858763958275803,0.5123714121284235,0,0
2021-11-02,C,48.89,52.45,7,25,0,0,Online,South,2021,11,1,306,1.9600947840472698,3.889572876590554,3.9598603348423063,-0.8498170915275277,0.5270777086423724,0,0
2021-11-03,C,35.56,30.95,9,25,0,0,Store,West,2021,11,2,307,2.2082744135228043,3.571221410645704,3.432372999130605,-0.8406184056344783,0.5416278206559811,0,0
2021-11-04,C,58.33,60.69,7,25,1,0,Store,West,2021,11,3,308,1.9600947840472698,4.066116540765546,4.105778939847764,-0.8311706263658079,0.5560174366570446,0,0
2021-11-05,C,47.06,52.44,7,25,0,0,Store,West,2021,11,4,309,1.9600947840472698,3.8514233832992164,3.959669658895499,-0.8214765533024145,0.5702422926917867,0,0
2021-11-06,C,51.58,50.13,7,25,0,1,Store,South,2021,11,5,310,1.9600947840472698,3.9431340004531985,3.914619631275412,-0.8115390590073611,0.5842981736283683,0,0
2021-11-07,C,62.32,60.15,6,25,0,1,Store,East,2021,11,6,311,1.8082887711792655,4.132282401562493,4.096841442420688,-0.8013610881746769,0.5981809144059159,0,0
2021-11-08,C,55.84,48.57,5,25,0,0,Store,East,2021,11,0,312,1.62924053973028,4.022490458454117,3.8830060563576536,-0.7909456567567774,0.6118864012687242,0,0
2021-11-09,C,60.96,66.0,5,25,0,0,Store,West,2021,11,1,313,1.62924053973028,4.110217911378391,4.189654742026425,-0.780295851070776,0.6254105729852457,0,0
2021-11-10,C,60.93,54.55,5,25,0,0,Online,East,2021,11,2,314,1.62924053973028,4.109725664260403,3.9991177122790798,-0.7694148268839381,0.6387494220515268,0,0
2021-11-11,C,48.05,42.29,6,25,0,0,Online,South,2021,11,3,315,1.8082887711792655,3.8722421354163012,3.7445506514843974,-0.7583058084785625,0.6518989958787125,0,0
2021-11-12,C,30.0,28.88,11,25,0,0,Online,West,2021,11,4,316,2.4069451083182885,3.4011973816621555,3.3631493140246254,-0.7469720876965551,0.6648553979642867,0,0
2021-11-13,C,44.04,41.96,9,25,0,1,Online,East,2021,11,5,317,2.2082744135228043,3.785098311854479,3.7367167835280966,-0.7354170229639858,0.6776147890466887,0,0
2021-11-14,C,60.55,60.08,8,25,1,1,Online,West,2021,11,6,318,2.0918640616783932,4.1034694699991014,4.09567700745588,-0.7236440382959123,0.690173388242972,0,0
2021-11-15,C,46.69,48.02,8,25,0,0,Online,East,2021,11,0,319,2.0918640616783932,3.8435300089828455,3.8716175907931074,-0.7116566222817751,0.7025274741691566,0,0
2021-11-16,C,52.21,52.02,6,25,0,0,Store,West,2021,11,1,320,1.8082887711792655,3.955274047422461,3.9516282600205055,-0.6994583270516471,0.7146733860429608,0,0
2021-11-17,C,69.12,59.3,5,25,0,0,Online,North,2021,11,2,321,1.62924053973028,4.2358441244958005,4.08260930600368,-0.6870527672236675,0.726607524768565,0,0
2021-11-18,C,53.96,49.52,6,25,0,0,Online,East,2021,11,3,322,1.8082887711792655,3.988243031339555,3.9023766283763406,-0.6744436188329457,0.7383263540031063,0,0
2021-11-19,C,38.96,42.06,10,25,0,0,Store,South,2021,11,4,323,2.312535423847214,3.6625354787743345,3.7390971702745537,-0.661634618242279,0.749826401204568,0,0
2021-11-20,C,53.11,51.8,9,25,1,1,Online,North,2021,11,5,324,2.2082744135228043,3.972365234434308,3.9473901492654373,-0.6486295610349818,0.7611042586607742,0,0
2021-11-21,C,63.9,55.0,7,25,0,1,Store,West,2021,11,6,325,1.9600947840472698,4.157319361383489,4.007333185232471,-0.6354323008901775,0.7721565844991641,0,0
2021-11-22,C,56.3,63.91,6,25,0,0,Store,West,2021,11,0,326,1.8082887711792655,4.030694535145645,4.157475843662191,-0.622046748440868,0.7829801036770625,0,0
2021-11-23,C,46.24,39.69,7,25,0,0,Online,East,2021,11,1,327,1.9600947840472698,3.833845224364122,3.681099266794974,-0.6084768701151264,0.7935716089521472,0,0
2021-11-24,C,46.98,41.62,9,25,1,0,Online,West,2021,11,2,328,2.2082744135228043,3.849721979230767,3.7285808209654885,-0.594726686960764,0.8039279618328208,0,0
2021-11-25,C,53.43,59.05,8,25,1,0,Online,West,2021,11,3,329,2.0918640616783932,3.97837238596968,4.078384542643371,-0.5808002734538014,0.8140460935082175,0,0
2021-11-26,C,30.0,29.16,12,25,0,0,Store,North,2021,11,4,330,2.4932054526026954,3.4011973816621555,3.3727979071404572,-0.5667017562911184,0.8239230057575536,0,0
2021-11-27,C,62.74,61.79,5,25,0,1,Online,North,2021,11,5,331,1.62924053973028,4.138999202762532,4.123741539072888,-0.5524353131676203,0.8335557718385695,0,0
2021-11-28,C,43.31,48.11,11,25,0,1,Online,East,2021,11,6,332,2.4069451083182885,3.7683835552265355,3.8734900557113625,-0.5380051715382992,0.8429415373547832,0,0
2021-11-29,C,52.93,49.84,8,25,1,0,Store,West,2021,11,0,333,2.0918640616783932,3.9689702858698963,3.908817874479198,-0.5234156073655503,0.8520775211013093,0,0
2021-11-30,C,59.0,60.11,6,25,0,0,Online,West,2021,11,1,334,1.8082887711792655,4.07753744390572,4.09617621705107,-0.5086709438521042,0.8609610158889945,0,0
2021-12-01,C,50.78,43.32,8,25,0,0,Online,North,2021,12,2,335,2.0918640616783932,3.9275025762765323,3.76861442213279,-0.4937755501599774,0.8695893893466109,0,0
2021-12-02,C,57.64,49.79,6,25,0,0,Online,East,2021,12,3,336,1.8082887711792655,4.054216771131322,3.9078141606540915,-0.4787338401157883,0.8779600847008883,0,0
2021-12-03,C,41.97,40.44,10,25,1,0,Store,West,2021,12,4,337,2.312535423847214,3.7369550773454994,3.6998193941522706,-0.4635502709028512,0.8860706215341377,0,0
2021-12-04,C,42.16,35.95,10,25,0,1,Online,North,2021,12,5,338,2.312535423847214,3.741471904233107,3.5821290841670557,-0.4482293417404106,0.893918596519257,0,0
2021-12-05,C,30.0,32.66,15,25,0,1,Online,North,2021,12,6,339,2.714694743820879,3.4011973816621555,3.4861510875423187,-0.4327755925504317,0.9015016841318838,0,0
2021-12-06,C,56.71,53.02,8,25,1,0,Online,South,2021,12,0,340,2.0918640616783932,4.037950562025936,3.9706692008608795,-0.41719360261231697,0.9088176373395028,0,0
2021-12-07,C,47.75,46.41,10,25,1,0,Store,East,2021,12,1,341,2.312535423847214,3.865979066926739,3.8375149532530846,-0.4014879892059737,0.9158642882672868,0,0
2021-12-08,C,49.65,56.65,8,25,0,0,Store,West,2021,12,2,342,2.0918640616783932,3.9049983904911816,4.036891987474015,-0.38566340624360745,0.9226395488404875,0,0
2021-12-09,C,54.51,61.34,6,25,0,0,Online,South,2021,12,3,343,1.8082887711792655,3.9983841710761894,4.116432158686106,-0.3697245428906732,0.9291414114031743,0,0
2021-12-10,C,48.03,52.14,11,25,1,0,Store,East,2021,12,4,344,2.4069451083182885,3.871825815676733,3.9539324085053558,-0.3536761221763721,0.935367949313148,0,0
2021-12-11,C,55.14,51.19,7,25,0,1,Online,West,2021,12,5,345,1.9600947840472698,4.0098754055956505,3.935544200469492,-0.33752289959411347,0.941317317512847,0,0
2021-12-12,C,58.41,55.2,6,25,0,1,Store,South,2021,12,6,346,1.8082887711792655,4.067487108052218,4.01096295328305,-0.32126966169236515,0.946987753076075,0,0
2021-12-13,C,44.04,48.0,10,25,0,0,Store,South,2021,12,0,347,2.312535423847214,3.785098311854479,3.871201010907891,-0.3049212246562894,0.9523775757303973,0,0
2021-12-14,C,59.92,67.77,7,25,0,0,Online,South,2021,12,1,348,1.9600947840472698,4.0930103392089645,4.216119619148022,-0.2884824328806098,0.9574851883550389,0,0
2021-12-15,C,36.5,31.9,12,25,0,0,Store,East,2021,12,2,349,2.4932054526026954,3.597312260588446,3.462606009790799,-0.27195815753410524,0.9623090774541487,0,0
2021-12-16,C,48.89,53.01,9,25,0,0,Online,West,2021,12,3,350,2.2082744135228043,3.889572876590554,3.9704805749997147,-0.2553532951161881,0.9668478136052773,0,0
2021-12-17,C,53.27,60.24,10,25,1,0,Store,East,2021,12,4,351,2.312535423847214,3.9753733209289077,4.098336583491638,-0.23867276600594997,0.9711000518829505,0,0
2021-12-18,C,41.39,44.35,12,25,0,1,Online,North,2021,12,5,352,2.4932054526026954,3.7230393057606412,3.7921127087555884,-0.22192151300416674,0.9750645322571945,0,0
2021-12-19,C,55.16,58.33,9,25,0,1,Store,North,2021,12,6,353,2.2082744135228043,4.010238052925101,4.066116540765546,-0.20510449986861926,0.9787400799669153,0,0
2021-12-20,C,60.23,56.95,6,25,0,0,Store,North,2021,12,0,354,1.8082887711792655,4.09817056705563,4.0421736898931915,-0.1882267098432439,0.9821256058680006,0,0
2021-12-21,C,43.96,45.33,12,25,1,0,Store,South,2021,12,1,355,2.4932054526026954,3.7832801295354206,3.813969064952758,-0.1712931441814778,0.9852201067560606,0,0
2021-12-22,C,55.22,50.12,6,25,0,0,Online,West,2021,12,2,356,1.8082887711792655,4.011325206502009,3.9144201300278674,-0.154308820664281,0.9880226656636976,0,0
2021-12-23,C,57.59,59.08,7,25,0,0,Store,North,2021,12,3,357,1.9600947840472698,4.053348941518581,4.078892457663179,-0.13727877211326517,0.9905324521322227,0,0
2021-12-24,C,53.24,60.92,8,25,0,0,Online,West,2021,12,4,358,2.0918640616783932,3.974809993526911,4.109561528026961,-0.12020804489935275,0.9927487224577402,0,0
2021-12-25,C,49.89,43.27,12,25,1,1,Online,North,2021,12,5,359,2.4932054526026954,3.909820581872946,3.7674595542367935,-0.10310169744743544,0.9946708199115211,0,0
2021-12-26,C,30.03,32.42,18,25,0,1,Online,North,2021,12,6,360,2.89591193827178,3.402196881995239,3.4787755163075302,-0.0859647987374467,0.9962981749346077,0,0
2021-12-27,C,52.15,50.48,8,25,0,0,Online,South,2021,12,0,361,2.0918640616783932,3.9541241814467813,3.9215772182329576,-0.06880242680232064,0.9976303053065857,0,0
2021-12-28,C,41.84,36.55,12,25,0,0,Online,West,2021,12,1,362,2.4932054526026954,3.7338528197566676,3.5986811861957873,-0.05161966722325418,0.9986668162884759,0,0
2021-12-29,C,63.45,65.31,8,25,1,0,Online,South,2021,12,2,363,2.0918640616783932,4.150252194160397,4.179145163914566,-0.034421611622745804,0.9994074007397048,0,0
2021-12-30,C,32.46,34.15,19,25,0,0,Store,East,2021,12,3,364,2.9496883350525844,3.480008562086445,3.530762586016799,-0.01721335615583528,0.9998518392091162,0,0
2021-12-31,C,48.86,47.42,9,25,0,0,Store,West,2021,12,4,365,2.2082744135228043,3.8889590658295945,3.8590440806372595,6.432490598706546e-16,1.0,0,0
2022-01-01,C,57.8,60.3,8,25,0,1,Online,South,2022,1,5,1,2.0918640616783932,4.056988775678332,4.09933210373314,0.017213356155834685,0.9998518392091162,0,0
2022-01-02,C,45.44,50.74,13,25,0,1,Online,West,2022,1,6,2,2.5726122302071057,3.816392774412896,3.9267145541711357,0.03442161162274574,0.9994074007397048,0,0
2022-01-03,C,58.65,64.44,8,25,0,0,Online,West,2022,1,0,3,2.0918640616783932,4.0715875750994845,4.165734558308774,0.051619667223253764,0.998666816288476,0,0
2022-01-04,C,44.54,48.67,15,25,1,0,Online,South,2022,1,1,4,2.714694743820879,3.7963876618292214,3.885062823845363,0.06880242680231986,0.9976303053065857,0,0
2022-01-05,C,63.35,63.12,7,25,0,0,Online,South,2022,1,2,5,1.9600947840472698,4.148674906767148,4.145037676537619,0.08596479873744647,0.9962981749346078,0,0
2022-01-06,C,46.17,52.16,11,25,0,0,Store,South,2022,1,3,6,2.4069451083182885,3.8323302365188976,3.9543159176183975,0.10310169744743485,0.9946708199115211,0,0
2022-01-07,C,51.3,49.09,8,25,0,0,Online,East,2022,1,4,7,2.0918640616783932,3.937690752176724,3.893655348069961,0.1202080448993527,0.9927487224577402,0,0
2022-01-08,C,61.02,65.65,8,25,0,1,Online,North,2022,1,5,8,2.0918640616783932,4.1112016792885235,4.184337600748806,0.13727877211326478,0.9905324521322229,0,0
2022-01-09,C,46.42,50.48,11,25,0,1,Online,East,2022,1,6,9,2.4069451083182885,3.837730400846291,3.9215772182329576,0.15430882066428117,0.9880226656636976,0,0
2022-01-10,C,51.06,52.77,10,25,0,0,Store,West,2022,1,0,10,2.312535423847214,3.9330014118133376,3.9659428474175766,0.1712931441814776,0.9852201067560606,0,0
2022-01-11,C,44.3,49.35,11,25,0,0,Store,West,2022,1,1,11,2.4069451083182885,3.7909846770510898,3.8989377658794906,0.1882267098432442,0.9821256058680006,0,0
2022-01-12,C,50.51,51.98,8,25,0,0,Online,South,2022,1,2,12,2.0918640616783932,3.9221713364799613,3.950859029213344,0.2051044998686192,0.9787400799669153,0,0
2022-01-13,C,49.97,51.06,10,25,0,0,Store,South,2022,1,3,13,2.312535423847214,3.9114228253561136,3.9330014118133376,0.22192151300416552,0.9750645322571948,0,0
2022-01-14,C,55.14,49.67,13,25,1,0,Online,East,2022,1,4,14,2.5726122302071057,4.0098754055956505,3.905401129119259,0.2386727660059501,0.9711000518829505,0,0
2022-01-15,C,56.77,64.79,11,25,0,1,Store,West,2022,1,5,15,2.4069451083182885,4.039008017182635,4.171151270461866,0.255353295116187,0.9668478136052775,0,0
2022-01-16,C,55.47,48.31,11,25,0,1,Online,West,2022,1,6,16,2.4069451083182885,4.015842334067143,3.8776385785663154,0.2719581575341055,0.9623090774541486,0,0
2022-01-17,C,38.62,40.62,12,25,0,0,Online,South,2022,1,0,17,2.4932054526026954,3.653770277000368,3.7042605561522386,0.288482432880609,0.9574851883550393,0,0
2022-01-18,C,64.81,69.13,10,25,1,0,Store,West,2022,1,1,18,2.312535423847214,4.171459912439625,4.235988789957173,0.30492122465628907,0.9523775757303974,0,0
2022-01-19,C,58.26,58.96,9,25,0,0,Online,West,2022,1,2,19,2.2082744135228043,4.064915751531289,4.076859247881081,0.3212696616923644,0.9469877530760753,0,0
2022-01-20,C,32.92,35.98,15,25,0,0,Online,North,2022,1,3,20,2.714694743820879,3.494080375808869,3.582963228522387,0.3375228995941133,0.9413173175128471,0,0
2022-01-21,C,59.47,54.74,8,25,0,0,Online,South,2022,1,4,21,2.0918640616783932,4.085471983718502,4.002594703612533,0.3536761221763716,0.9353679493131483,0,0
2022-01-22,C,59.43,64.17,10,25,0,1,Online,North,2022,1,5,22,2.312535423847214,4.084799149378569,4.161535811762424,0.3697245428906731,0.9291414114031743,0,0
2022-01-23,C,63.33,54.49,7,25,0,1,Online,South,2022,1,6,23,1.9600947840472698,4.148359150528339,3.998017198595007,0.38566340624360707,0.9226395488404876,0,0
2022-01-24,C,43.59,45.02,10,25,0,0,Store,East,2022,1,0,24,2.312535423847214,3.774827766250301,3.8071068354785864,0.401487989205973,0.9158642882672872,0,0
2022-01-25,C,43.44,42.04,13,25,0,0,Store,South,2022,1,1,25,2.5726122302071057,3.77138067562568,3.7386215460087504,0.4171936026123168,0.9088176373395029,0,0
2022-01-26,C,52.51,58.98,10,25,0,0,Online,South,2022,1,2,26,2.312535423847214,3.961003627649768,4.07719840338713,0.4327755925504312,0.901501684131884,0,0
2022-01-27,C,51.58,58.07,12,25,1,0,Online,West,2022,1,3,27,2.4932054526026954,3.9431340004531985,4.061649179383958,0.4482293417404106,0.893918596519257,0,0
2022-01-28,C,47.96,51.47,11,25,0,0,Store,North,2022,1,4,28,2.4069451083182885,3.8703673301593136,3.940999113664663,0.4635502709028509,0.886070621534138,0,0
2022-01-29,C,60.14,55.49,11,25,0,1,Online,North,2022,1,5,29,2.4069451083182885,4.096675177560383,4.01620282433781,0.47873384011578846,0.8779600847008882,0,0
2022-01-30,C,61.12,68.8,12,25,1,1,Store,West,2022,1,6,30,2.4932054526026954,4.112839144858265,4.231203744939298,0.4937755501599772,0.869589389346611,0,0
2022-01-31,C,43.59,43.52,12,25,0,0,Store,West,2022,1,0,31,2.4932054526026954,3.774827766250301,3.773220602547687,0.5086709438521044,0.8609610158889943,0,0
2022-02-01,C,50.89,48.17,9,25,0,0,Online,West,2022,2,1,32,2.2082744135228043,3.9296664406007413,3.8747364206421295,0.5234156073655503,0.8520775211013093,0,0
2022-02-02,C,69.63,79.23,7,25,0,0,Online,West,2022,2,2,33,1.9600947840472698,4.2431955089544555,4.372355014977151,0.5380051715382996,0.8429415373547828,0,0
2022-02-03,C,56.56,64.07,11,25,0,0,Online,North,2022,2,3,34,2.4069451083182885,4.0353020215883175,4.15997623565093,0.5524353131676196,0.8335557718385699,0,0
2022-02-04,C,30.0,26.18,20,25,0,0,Store,South,2022,2,4,35,3.0007198150650303,3.4011973816621555,3.264995760481754,0.5667017562911176,0.8239230057575542,0,0
2022-02-05,C,65.33,68.47,10,25,0,1,Online,West,2022,2,5,36,2.312535423847214,4.179451348852659,4.226395693132972,0.5808002734538009,0.8140460935082178,0,0
2022-02-06,C,55.94,58.57,10,25,0,1,Store,East,2022,2,6,37,2.312535423847214,4.024279687773814,4.070222620101691,0.5947266869607634,0.8039279618328213,0,0
2022-02-07,C,62.95,58.51,9,25,0,0,Store,East,2022,2,0,38,2.2082744135228043,4.142340760490356,4.069197679800145,0.6084768701151261,0.7935716089521474,0,0
2022-02-08,C,46.32,53.09,16,25,0,0,Store,South,2022,2,1,39,2.7788192719904172,3.83557383326474,3.97198858659558,0.6220467484408675,0.7829801036770629,0,0
2022-02-09,C,58.8,55.42,9,25,0,0,Store,South,2022,2,2,40,2.2082744135228043,4.074141854904581,4.014940539434832,0.6354323008901774,0.7721565844991642,0,0
2022-02-10,C,60.93,56.79,8,25,1,0,Online,East,2022,2,3,41,2.0918640616783932,4.109725664260403,4.039360253889341,0.6486295610349814,0.7611042586607747,0,0
2022-02-11,C,30.2,31.19,25,25,1,0,Store,West,2022,2,4,42,3.2228678461377385,3.407841924380824,3.440097530619712,0.6616346182422783,0.7498264012045686,0,0
2022-02-12,C,58.72,51.9,10,25,0,1,Online,East,2022,2,5,43,2.312535423847214,4.07278038430626,3.949318790171843,0.6744436188329455,0.7383263540031065,0,0
2022-02-13,C,50.57,44.45,15,25,1,1,Store,West,2022,2,6,44,2.714694743820879,3.9233585150918917,3.794364961959914,0.6870527672236669,0.7266075247685656,0,0
2022-02-14,C,54.78,49.93,9,25,0,0,Online,East,2022,2,0,45,2.2082744135228043,4.0033251638349325,3.910622024512518,0.6994583270516471,0.7146733860429609,0,0
2022-02-15,C,54.89,49.87,11,25,0,0,Online,North,2022,2,1,46,2.4069451083182885,4.005331182561798,3.9094196195580313,0.7116566222817746,0.702527474169157,0,0
2022-02-16,C,56.02,50.97,11,25,0,0,Online,East,2022,2,2,47,2.4069451083182885,4.0257087698319625,3.93123722435195,0.7236440382959124,0.6901733882429719,0,0
2022-02-17,C,35.21,31.08,16,25,0,0,Online,West,2022,2,3,48,2.7788192719904172,3.5613301331669613,3.436564525499447,0.7354170229639855,0.6776147890466889,0,0
2022-02-18,C,50.49,45.1,13,25,0,0,Online,South,2022,2,4,49,2.5726122302071057,3.921775296870824,3.8088822465086327,0.7469720876965552,0.6648553979642865,0,0
2022-02-19,C,65.4,59.47,13,25,1,1,Store,West,2022,2,5,50,2.5726122302071057,4.180522258463153,4.085471983718502,0.7583058084785625,0.6518989958787126,0,0
2022-02-20,C,56.78,48.32,11,25,0,1,Online,East,2022,2,6,51,2.4069451083182885,4.039184151044825,3.8778455536265595,0.7694148268839378,0.6387494220515272,0,0
2022-02-21,C,57.84,62.85,14,25,1,0,Online,North,2022,2,0,52,2.6461747973841225,4.057680577850509,4.140750935036256,0.7802958510707755,0.6254105729852463,0,0
2022-02-22,C,59.35,64.41,13,25,0,0,Store,South,2022,2,1,53,2.5726122302071057,4.083452121055677,4.165268900558799,0.7909456567567772,0.6118864012687243,0,0
2022-02-23,C,51.73,57.2,10,25,0,0,Store,North,2022,2,2,54,2.312535423847214,3.9460378840154235,4.046553898385752,0.8013610881746766,0.5981809144059164,0,0
2022-02-24,C,69.27,60.4,10,25,1,0,Online,South,2022,2,3,55,2.312535423847214,4.238011912034514,4.100989104940769,0.8115390590073611,0.5842981736283683,0,0
2022-02-25,C,30.81,26.6,17,25,0,0,Online,North,2022,2,4,56,2.8390784635086144,3.4278393126085764,3.2809112157876537,0.8214765533024142,0.5702422926917871,0,0
2022-02-26,C,54.32,54.55,15,25,0,1,Store,West,2022,2,5,57,2.714694743820879,3.9948924832504407,3.9991177122790798,0.8311706263658079,0.5560174366570446,0,0
2022-02-27,C,63.35,61.49,10,25,0,1,Store,North,2022,2,6,58,2.312535423847214,4.148674906767148,4.118874559965378,0.8406184056344782,0.5416278206559814,0,0
2022-02-28,C,61.44,57.22,10,25,0,0,Online,South,2022,2,0,59,2.312535423847214,4.118061088839417,4.0469034876219645,0.8498170915275278,0.5270777086423722,0,0
2022-03-01,C,56.96,61.82,13,25,1,0,Online,North,2022,3,1,60,2.5726122302071057,4.04234926710372,4.124226936703971,0.8587639582758029,0.5123714121284237,0,0
2022-03-02,C,63.69,54.88,11,25,0,0,Store,East,2022,3,2,61,2.4069451083182885,4.1540275643832745,4.00514898341763,0.8674563547295968,0.49751328890718066,0,0
2022-03-03,C,65.9,74.16,9,25,0,0,Online,North,2022,3,3,62,2.2082744135228043,4.188138441508461,4.306224921257599,0.8758917051442429,0.48250774176121847,0,0
2022-03-04,C,52.11,50.94,12,25,0,0,Online,West,2022,3,4,63,2.4932054526026954,3.9533568689211234,3.930648469551311,0.8840675099433636,0.46735921715800227,0,0
2022-03-05,C,44.68,43.13,22,25,1,1,Store,North,2022,3,5,64,3.095577608523707,3.799525974201,3.764218810659752,0.8919813464595485,0.45207220393230435,0,0
2022-03-06,C,43.96,49.08,21,25,0,1,Online,South,2022,3,6,65,3.0492730404820207,3.7832801295354206,3.8934516198427107,0.8996308696522433,0.43665123195606403,0,0
2022-03-07,C,42.84,38.17,15,25,0,0,Store,South,2022,3,0,66,2.714694743820879,3.757472245579548,3.6420498667571386,0.9070138128026359,0.4211008707960896,0,0
2022-03-08,C,46.91,41.05,15,25,0,0,Online,North,2022,3,1,67,2.714694743820879,3.8482308723403666,3.714790835898437,0.9141279881853337,0.40542572835999735,0,0
2022-03-09,C,56.61,59.03,12,25,0,0,Store,South,2022,3,2,68,2.4932054526026954,4.036185648048568,4.078045789252598,0.9209712877166346,0.38963044953078796,0,0
2022-03-10,C,52.83,56.52,11,25,0,0,Store,North,2022,3,3,69,2.4069451083182885,3.9670792111762245,4.034594557816327,0.9275416835791966,0.37371971479046906,0,0
2022-03-11,C,42.08,40.08,17,25,1,0,Store,East,2022,3,4,70,2.8390784635086144,3.7395725684294545,3.6908774567766094,0.9338372288229252,0.35769823883312546,0,0
2022-03-12,C,53.1,56.14,14,25,0,1,Store,South,2022,3,5,71,2.6461747973841225,3.9721769282478934,4.027848570933736,0.9398560579418954,0.3415707691678556,0,0
2022-03-13,C,49.83,46.49,13,25,0,1,Online,South,2022,3,6,72,2.5726122302071057,3.908617212293313,3.8392372357024933,0.9455963874271426,0.3253420847119801,0,0
2022-03-14,C,57.57,61.58,9,25,0,0,Store,West,2022,3,0,73,2.2082744135228043,4.053001598687718,4.120337142496354,0.9510565162951535,0.30901699437494745,0,0
2022-03-15,C,64.79,68.92,11,25,1,0,Online,East,2022,3,1,74,2.4069451083182885,4.171151270461866,4.232946411659729,0.9562348265919056,0.29260033563334836,0,0
2022-03-16,C,44.5,46.5,17,25,1,0,Online,West,2022,3,2,75,2.8390784635086144,3.7954891891721947,3.8394523125933104,0.9611297838723007,0.27609697309746883,0,0
2022-03-17,C,40.6,41.34,15,25,0,0,Online,North,2022,3,3,76,2.714694743820879,3.703768066607687,3.7218305542536223,0.9657399376548549,0.2595117970697999,0,0
2022-03-18,C,49.94,46.14,14,25,0,0,Store,East,2022,3,4,77,2.6461747973841225,3.910822284851627,3.8316802527456075,0.970063921851507,0.2428497220959356,0,0
2022-03-19,C,49.89,56.5,22,25,1,1,Online,North,2022,3,5,78,3.095577608523707,3.909820581872946,4.034240638152395,0.9741004551724205,0.22611568550828828,0,0
2022-03-20,C,73.11,69.58,9,25,0,1,Online,East,2022,3,6,79,2.2082744135228043,4.291965156305224,4.242477169723796,0.9778483415056568,0.20931464596304847,0,0
2022-03-21,C,44.59,43.84,16,25,0,0,Store,East,2022,3,0,80,2.7788192719904172,3.7975096186393853,3.7805466426397603,0.9813064702716093,0.19245158197082998,0,0
2022-03-22,C,44.1,39.32,12,25,0,0,Online,North,2022,3,1,81,2.4932054526026954,3.7864597824528,3.671733295278966,0.9844738167520922,0.1755314904214282,0,0
2022-03-23,C,49.95,43.72,15,25,1,0,Online,West,2022,3,2,82,2.714694743820879,3.9110225050945626,3.777805663308338,0.9873494423939864,0.15855938510313478,0,0
2022-03-24,C,50.06,43.21,13,25,0,0,Store,South,2022,3,3,83,2.5726122302071057,3.913222286003628,3.766071949943842,0.989932495087353,0.141540295217043,0,0
2022-03-25,C,50.93,51.46,13,25,0,0,Store,West,2022,3,4,84,2.5726122302071057,3.9304521408965134,3.940804806853598,0.9922222094179323,0.12447926388678915,0,0
2022-03-26,C,39.09,40.6,29,25,1,1,Store,East,2022,3,5,85,3.370738174177447,3.6658666798048634,3.703768066607687,0.994217906893952,0.10738134666416309,0,0
2022-03-27,C,40.5,43.54,19,25,0,1,Store,East,2022,3,6,86,2.9496883350525844,3.7013019741124933,3.7736800558064014,0.995918996147179,0.09025161003104117,0,0
2022-03-28,C,49.13,46.82,13,25,0,0,Online,East,2022,3,0,87,2.5726122302071057,3.894469846180557,3.846310462062765,0.9973249731081555,0.07309512989807777,0,0
2022-03-29,C,34.05,33.01,22,25,0,0,Store,West,2022,3,1,88,3.095577608523707,3.527830032595521,3.4968105458651015,0.9984354211555643,0.055916990100603484,0,0
2022-03-30,C,40.09,45.88,17,25,0,0,Store,West,2022,3,2,89,2.8390784635086144,3.6911269266544156,3.82602929226117,0.9992500112396835,0.03872228089217446,0,0
2022-03-31,C,46.76,52.85,15,25,0,0,Online,North,2022,3,3,90,2.714694743820879,3.8450281366038674,3.967457712316247,0.9997685019798909,0.021516097436222254,0,0
2022-04-01,C,49.51,42.52,13,25,0,0,Online,West,2022,4,4,91,2.5726122302071057,3.9021746693733315,3.749974553473747,0.9999907397361901,0.004303538296244289,0,0
2022-04-02,C,34.66,35.45,28,25,1,1,Store,West,2022,4,5,92,3.3357695763397,3.54558628428746,3.5681232529781366,0.9999166586547379,-0.01291029607500882,0,0
2022-04-03,C,62.77,58.93,9,25,0,1,Store,East,2022,4,6,93,2.2082744135228043,4.13947725232944,4.076350298849822,0.9995462806873573,-0.030120304846908114,0,0
2022-04-04,C,38.78,33.42,14,25,0,0,Store,East,2022,4,0,94,2.6461747973841225,3.6579046498145056,3.509154523167248,0.9988797155850336,-0.04732138832243185,0,0
2022-04-05,C,46.0,52.53,14,25,0,0,Online,South,2022,4,1,95,2.6461747973841225,3.828641396489095,3.9613844349658702,0.9979171608653922,-0.06450844944931623,0,0
2022-04-06,C,48.28,45.0,15,25,0,0,Online,West,2022,4,2,96,2.714694743820879,3.8770173962293306,3.8066624897703196,0.9966589017541702,-0.08167639533042241,0,0
2022-04-07,C,45.79,39.25,17,25,1,0,Store,North,2022,4,3,97,2.8390784635086144,3.824065726669004,3.6699514442284173,0.9951053111006976,-0.09882013873287143,0,0
2022-04-08,C,37.54,33.61,20,25,1,0,Store,South,2022,4,4,98,3.0007198150650303,3.6254070311583626,3.5148236417370144,0.9932568492674143,-0.11593459959550041,0,0
2022-04-09,C,52.24,51.08,15,25,0,1,Online,West,2022,4,5,99,2.714694743820879,3.955848484968176,3.9333930311643384,0.9911140639934547,-0.1330147065341959,0,0
2022-04-10,C,56.85,56.63,10,25,0,1,Store,South,2022,4,6,100,2.312535423847214,4.040416220196545,4.036538880125714,0.9886775902323405,-0.1500553983446526,0,0
2022-04-11,C,31.96,27.49,24,25,0,0,Store,West,2022,4,0,101,3.1822118404966093,3.464485120898074,3.3138223021771545,0.9859481499638304,-0.16705162550211924,0,0
2022-04-12,C,62.52,56.47,10,25,0,0,Store,North,2022,4,1,102,2.312535423847214,4.135486505553276,4.033709523684745,0.9829265519799822,-0.18399835165768005,0,0
2022-04-13,C,54.35,51.18,14,25,0,0,Store,North,2022,4,2,103,2.6461747973841225,3.9954446135672184,3.935348830731643,0.9796136916454901,-0.20089055513063506,0,0
2022-04-14,C,73.39,71.04,11,25,1,0,Online,South,2022,4,3,104,2.4069451083182885,4.295787686556971,4.2632430986839145,0.9760105506323683,-0.21772323039653177,0,0
2022-04-15,C,52.74,53.82,14,25,1,0,Store,West,2022,4,4,105,2.6461747973841225,3.965374180925141,3.9856451452987596,0.9721181966290613,-0.23449138957040985,0,0
2022-04-16,C,45.17,51.59,18,25,0,1,Online,East,2022,4,5,106,2.89591193827178,3.8104331496665127,3.9433278552565585,0.9679377830240642,-0.25119006388481935,0,0
2022-04-17,C,43.75,48.43,20,25,0,1,Store,East,2022,4,6,107,3.0007198150650303,3.7784916128036232,3.880119456415138,0.9634705485641488,-0.2678143051621742,0,0
2022-04-18,C,52.92,57.56,16,25,1,0,Store,East,2022,4,0,108,2.7788192719904172,3.968781339246755,4.052827882019167,0.9587178169872964,-0.2843591872810034,0,0
2022-04-19,C,47.83,48.85,13,25,0,0,Store,South,2022,4,1,109,2.5726122302071057,3.8676530576922055,3.888754378488792,0.9536809966304457,-0.30081980763566735,0,0
2022-04-20,C,60.36,55.9,14,25,1,0,Online,East,2022,4,2,110,2.6461747973841225,4.100326633899648,4.023564380161053,0.9483615800121715,-0.3171912885891061,0,0
2022-04-21,C,48.82,54.26,13,25,0,0,Store,West,2022,4,3,111,2.5726122302071057,3.888140064964814,3.9937873072307855,0.9427611433904207,-0.3334687789181868,0,0
2022-04-22,C,53.5,51.74,13,25,0,0,Store,East,2022,4,4,112,2.5726122302071057,3.979681653901961,3.946231176757883,0.9368813462954315,-0.3496474552512284,0,0
2022-04-23,C,54.87,47.26,12,25,0,1,Store,East,2022,4,5,113,2.4932054526026954,4.004966751070884,3.8556642717587617,0.9307239310379795,-0.36572252349726897,0,0
2022-04-24,C,65.09,70.12,12,25,0,1,Store,North,2022,4,6,114,2.4932054526026954,4.175770927584296,4.250208060053033,0.9242907221930934,-0.3816892202666588,0,0
2022-04-25,C,45.58,50.23,21,25,1,0,Online,North,2022,4,0,115,3.0492730404820207,3.819469023817538,3.9166124577619534,0.9175836260593937,-0.39754281428255595,0,0
2022-04-26,C,45.14,41.12,14,25,0,0,Online,West,2022,4,1,116,2.6461747973841225,3.8097687713893897,3.7164946211469094,0.9106046300942163,-0.4132786077829042,0,0
2022-04-27,C,58.97,56.34,11,25,0,0,Store,North,2022,4,2,117,2.4069451083182885,4.077028840012413,4.0314047624482265,0.9033558023246845,-0.4288919379124835,0,0
2022-04-28,C,34.15,31.52,25,25,1,0,Store,North,2022,4,3,118,3.2228678461377385,3.530762586016799,3.4506222649896783,0.895839290734909,-0.4443781781046132,0,0
2022-04-29,C,49.42,52.53,12,25,0,0,Store,East,2022,4,4,119,2.4932054526026954,3.900355200560464,3.9613844349658702,0.8880573226294932,-0.45973273945210397,0,0
2022-04-30,C,66.53,64.39,14,25,1,1,Store,North,2022,4,5,120,2.6461747973841225,4.197652973753796,4.164958341550092,0.8800122039735357,-0.47495107206704995,0,0
2022-05-01,C,42.27,42.63,17,25,0,1,Online,South,2022,5,6,121,2.8390784635086144,3.7440776145786985,3.752558230777119,0.8717063187093218,-0.49002866642905923,0,0
2022-05-02,C,46.47,50.35,14,25,0,0,Online,West,2022,5,0,122,2.6461747973841225,3.8388069430968867,3.9189986191645714,0.8631421280499114,-0.5049610547215204,0,0
2022-05-03,C,57.27,60.72,12,25,0,0,Online,West,2022,5,1,123,2.4932054526026954,4.047776926405766,4.106273133087375,0.854322169749827,-0.5197438121555155,0,0
2022-05-04,C,37.19,34.22,19,25,1,0,Store,South,2022,5,2,124,2.9496883350525844,3.6160399079369787,3.5328102684640474,0.8452490573530633,-0.5343725582809787,0,0
2022-05-05,C,48.38,51.36,14,25,0,0,Online,North,2022,5,3,125,2.6461747973841225,3.8790865051818813,3.9388596593817056,0.835925479418637,-0.548842958284719,0,0
2022-05-06,C,48.76,52.36,18,25,1,0,Store,North,2022,5,4,126,2.89591193827178,3.8869103046130706,3.9581429410416993,0.8263541987239096,-0.5631507242749186,0,0
2022-05-07,C,40.18,42.42,18,25,0,1,Online,North,2022,5,5,127,2.89591193827178,3.6933693593867885,3.7476199491365363,0.8165380514459161,-0.5772916165517272,0,0
2022-05-08,C,48.77,44.27,16,25,1,1,Store,West,2022,5,6,128,2.7788192719904172,3.887115369721961,3.7903072467440495,0.8064799463209448,-0.5912614448635781,0,0
2022-05-09,C,55.15,49.47,11,25,0,0,Store,West,2022,5,0,129,2.4069451083182885,4.0100567456995115,3.901366425239617,0.7961828637826158,-0.6050560696488488,0,0
2022-05-10,C,35.43,33.32,21,25,0,0,Online,West,2022,5,1,130,3.0492730404820207,3.5675589188773804,3.506157817298642,0.7856498550787145,-0.6186714032625031,0,0
2022-05-11,C,70.21,66.57,9,25,0,0,Online,East,2022,5,2,131,2.2082744135228043,4.2514907510291575,4.198254025612612,0.7748840413670407,-0.6321034111873487,0,0
2022-05-12,C,49.1,56.29,15,25,0,0,Store,North,2022,5,3,132,2.714694743820879,3.893859034800475,4.030516899475935,0.7638886127905428,-0.6453481132295501,0,0
2022-05-13,C,39.39,36.06,17,25,1,0,Online,East,2022,5,4,133,2.8390784635086144,3.6735119769828146,3.585184217775171,0.7526668275320084,-0.6584015846980488,0,0
2022-05-14,C,35.67,36.35,25,25,0,1,Store,West,2022,5,5,134,3.2228678461377385,3.5743099993708003,3.5931942039795284,0.741222010848596,-0.6712599575675313,0,0
2022-05-15,C,53.48,49.76,13,25,0,1,Online,North,2022,5,6,135,2.5726122302071057,3.9793077522337423,3.907211448430924,0.7295575540864875,-0.6839194216246106,0,0
2022-05-16,C,58.12,50.2,14,25,1,0,Store,West,2022,5,0,136,2.6461747973841225,4.062509838702082,3.9160150266976834,0.717676913675962,-0.6963762255968722,0,0
2022-05-17,C,51.9,52.52,12,25,0,0,Online,East,2022,5,1,137,2.4932054526026954,3.949318790171843,3.9611940494345954,0.705583610107178,-0.7086266782644596,0,0
2022-05-18,C,57.01,52.33,13,25,1,0,Store,South,2022,5,2,138,2.5726122302071057,4.043226691043491,3.9575698203841165,0.6932812268869777,-0.7206671495538609,0,0
2022-05-19,C,35.39,32.53,18,25,0,0,Online,West,2022,5,3,139,2.89591193827178,3.566429294357372,3.48216274048526,0.6807734094770161,-0.7324940716135789,0,0
2022-05-20,C,49.95,48.87,10,25,0,0,Store,West,2022,5,4,140,2.312535423847214,3.9110225050945626,3.8891637112820634,0.6680638642135335,-0.7441039398713607,0,0
2022-05-21,C,50.14,56.93,12,25,0,1,Store,North,2022,5,5,141,2.4932054526026954,3.914819092730147,4.0418224429629905,0.6551563572090853,-0.7554933140726803,0,0
2022-05-22,C,51.98,44.9,12,25,1,1,Online,East,2022,5,6,142,2.4932054526026954,3.950859029213344,3.8044377947482086,0.6420547132365637,-0.766658819300159,0,0
2022-05-23,C,57.2,62.16,13,25,1,0,Store,South,2022,5,0,143,2.5726122302071057,4.046553898385752,4.129711706059392,0.6287628145958344,-0.777597146973627,0,0
2022-05-24,C,59.75,60.74,8,25,0,0,Store,South,2022,5,1,144,2.0918640616783932,4.09016919081162,4.106602459617603,0.6152845999633276,-0.7883050558305255,0,0
2022-05-25,C,61.21,70.06,10,25,0,0,Online,East,2022,5,2,145,2.312535423847214,4.114310574862978,4.249352017769341,0.6016240632249226,-0.7987793728863649,0,0
2022-05-26,C,47.72,45.41,12,25,0,0,Online,North,2022,5,3,146,2.4932054526026954,3.8653505972297153,3.8157323451098595,0.5877852522924732,-0.8090169943749473,0,0
2022-05-27,C,64.02,54.69,7,25,0,0,Online,North,2022,5,4,147,1.9600947840472698,4.159195534541717,4.001680877358681,0.5737722679043246,-0.8190148866680801,0,0
2022-05-28,C,45.26,49.15,22,25,1,1,Online,East,2022,5,5,148,3.095577608523707,3.8124236402053913,3.8948768465931756,0.5595892624101765,-0.8287700871745037,0,0
2022-05-29,C,32.04,32.66,19,25,0,1,Store,South,2022,5,6,149,2.9496883350525844,3.4669851222001586,3.4861510875423187,0.545240438540651,-0.8382797052177743,0,0
2022-05-30,C,64.32,72.57,8,25,0,0,Store,South,2022,5,0,150,2.0918640616783932,4.163870624870711,4.284551613290046,0.5307300481619334,-0.8475409228928311,0,0
2022-05-31,C,50.47,56.29,10,25,0,0,Store,East,2022,5,1,151,2.312535423847214,3.921379100352171,4.030516899475935,0.5160623910158528,-0.8565509959010036,0,0
2022-06-01,C,55.89,55.28,10,25,0,0,Store,North,2022,6,2,152,2.312535423847214,4.023385473281607,4.012411179459415,0.5012418134457758,-0.865307254363206,0,0
2022-06-02,C,42.71,46.78,14,25,0,0,Store,West,2022,6,3,153,2.6461747973841225,3.754433084853375,3.845455761156033,0.48627270710869,-0.8738071036110808,0,0
2022-06-03,C,41.57,38.28,14,25,1,0,Online,South,2022,6,4,154,2.6461747973841225,3.727378753264546,3.6449275665847534,0.4711595076738638,-0.8820480249558537,0,0
2022-06-04,C,61.36,59.29,9,25,0,1,Online,North,2022,6,5,155,2.2082744135228043,4.116758157059,4.0824406577192764,0.4559066935084588,-0.8900275764346767,0,0
2022-06-05,C,33.68,30.14,20,25,0,1,Online,East,2022,6,6,156,3.0007198150650303,3.516904189374126,3.4058531931983493,0.440518784350495,-0.8977433935342337,0,0
2022-06-06,C,50.59,52.87,8,25,0,0,Online,North,2022,6,0,157,2.0918640616783932,3.923753928303845,3.9678360702473587,0.42500033996955416,-0.9051931898913974,0,0
2022-06-07,C,55.34,61.71,10,25,1,0,Store,North,2022,6,1,158,2.312535423847214,4.01349597435878,4.122445992332976,0.4093559588156213,-0.9123747579707273,0,0
2022-06-08,C,49.79,54.03,11,25,0,0,Store,North,2022,6,2,159,2.4069451083182885,3.9078141606540915,3.9895394478559743,0.39359027665646673,-0.9192859697186104,0,0
2022-06-09,C,63.23,71.34,9,25,0,0,Store,West,2022,6,3,160,2.2082744135228043,4.146778872070522,4.267457179930745,0.3777079652039649,-0.9259247771938498,0,0
2022-06-10,C,52.75,50.69,10,25,0,0,Online,East,2022,6,4,161,2.312535423847214,3.965563772356176,3.925728652484258,0.36171373072976765,-0.9322892131745133,0,0
2022-06-11,C,58.28,55.57,11,25,0,1,Online,West,2022,6,5,162,2.4069451083182885,4.065258981327004,4.01764348729183,0.3456123126707335,-0.9383773917408641,0,0
2022-06-12,C,67.85,67.99,9,25,1,1,Online,South,2022,6,6,163,2.2082744135228043,4.217299386280878,4.219360635538369,0.3294084822245304,-0.9441875088341993,0,0
2022-06-13,C,31.94,35.24,19,25,0,0,Online,West,2022,6,0,164,2.9496883350525844,3.4638591427868666,3.562181801067979,0.3131070409358269,-0.9497178427914316,0,0
2022-06-14,C,62.97,71.4,7,25,0,0,Store,West,2022,6,1,165,1.9600947840472698,4.142658422500651,4.268297869345539,0.29671281927349075,-0.9549667548552551,0,0
2022-06-15,C,43.48,44.63,12,25,0,0,Online,South,2022,6,2,166,2.4932054526026954,3.7723010622530087,3.7984062786411785,0.28023067519921585,-0.9599326896597447,0,0
2022-06-16,C,44.97,38.57,9,25,0,0,Store,South,2022,6,3,167,2.2082744135228043,3.805995600782616,3.6524747722201365,0.26366549272800704,-0.9646141756912435,0,0
2022-06-17,C,56.44,56.72,13,25,1,0,Online,West,2022,6,4,168,2.5726122302071057,4.033178126984613,4.038126882223872,0.24702218048093552,-0.9690098257244062,0,0
2022-06-18,C,42.74,44.52,12,25,0,1,Online,South,2022,6,5,169,2.4932054526026954,3.755135249891002,3.795938526407344,0.23030567023061221,-0.9731183372332619,0,0
2022-06-19,C,38.64,37.64,15,25,0,1,Online,North,2022,6,6,170,2.714694743820879,3.654288009344317,3.6280673147171787,0.21352091543979612,-0.9769384927771817,0,0
2022-06-20,C,48.19,46.54,11,25,0,0,Online,West,2022,6,0,171,2.4069451083182885,3.8751515306522415,3.8403121578741457,0.19667288979357647,-0.980469160361632,0,0
2022-06-21,C,60.29,67.46,8,25,0,0,Online,West,2022,6,1,172,2.0918640616783932,4.099166252501314,4.2115348296335045,0.1797665857255624,-0.9837092937736097,0,0
2022-06-22,C,38.9,35.94,13,25,0,0,Store,North,2022,6,2,173,2.5726122302071057,3.6609942506244004,3.581850881355413,0.16280701293851715,-0.986657932891657,0,0
2022-06-23,C,30.0,34.2,20,25,0,0,Store,North,2022,6,3,174,3.0007198150650303,3.4011973816621555,3.5322256440685598,0.1457991969198751,-0.9893142039703663,0,0
2022-06-24,C,30.0,26.2,20,25,1,0,Online,North,2022,6,4,175,3.0007198150650303,3.4011973816621555,3.265759410767051,0.12874817745258132,-0.99167731989929,0,0
2022-06-25,C,37.97,39.08,18,25,0,1,Store,North,2022,6,5,176,2.89591193827178,3.636796374243711,3.6656108271745818,0.11165900712169512,-0.993746580436178,0,0
2022-06-26,C,72.56,73.3,8,25,1,1,Store,West,2022,6,6,177,2.0918640616783932,4.2844138058068815,4.294560608892605,0.09453674981719912,-0.9955213724144752,0,0
2022-06-27,C,40.62,39.34,13,25,0,0,Online,North,2022,6,0,178,2.5726122302071057,3.7042605561522386,3.672241812960913,0.07738647923346301,-0.9970011699250151,0,0
2022-06-28,C,41.93,36.5,10,25,0,0,Online,East,2022,6,1,179,2.312535423847214,3.7360015611826713,3.597312260588446,0.06021327736579302,-0.9981855344718586,0,0
2022-06-29,C,61.15,54.88,7,25,0,0,Store,East,2022,6,2,180,1.9600947840472698,4.113329862133181,4.00514898341763,0.04302223300453059,-0.99907411510223,0,0
2022-06-30,C,36.71,32.56,13,25,0,0,Store,West,2022,6,3,181,2.5726122302071057,3.603049197508743,3.4830845411343394,0.02581844022713308,-0.9996666485105112,0,0
2022-07-01,C,55.25,50.68,7,25,0,0,Online,West,2022,7,4,182,1.9600947840472698,4.0118683403978626,3.925531355452938,0.008606996888688698,-0.9999629591162655,0,0
2022-07-02,C,63.44,68.19,8,25,0,1,Online,South,2022,7,5,183,2.0918640616783932,4.150094577326593,4.222297926532561,-0.008606996888688009,-0.9999629591162655,0,0
2022-07-03,C,61.66,55.72,7,25,0,1,Online,East,2022,7,6,184,1.9600947840472698,4.121635422458004,4.020339148911605,-0.02581844022713239,-0.9996666485105112,0,0
2022-07-04,C,57.95,55.42,7,25,0,0,Online,West,2022,7,0,185,1.9600947840472698,4.059580569785761,4.014940539434832,-0.04302223300453034,-0.99907411510223,0,0
2022-07-05,C,65.43,74.58,6,25,0,0,Store,East,2022,7,1,186,1.8082887711792655,4.180980868881647,4.311872374750675,-0.060213277365792774,-0.9981855344718586,0,0
2022-07-06,C,51.88,58.92,8,25,0,0,Online,South,2022,7,2,187,2.0918640616783932,3.948933359448243,4.076180591594429,-0.07738647923346322,-0.9970011699250151,0,0
2022-07-07,C,31.1,27.58,13,25,0,0,Store,South,2022,7,3,188,2.5726122302071057,3.4372078191851885,3.3170908723651555,-0.09453674981719933,-0.9955213724144752,0,0
2022-07-08,C,64.12,63.37,6,25,0,0,Store,East,2022,7,4,189,1.8082887711792655,4.160756327741352,4.148990563335426,-0.11165900712169444,-0.9937465804361781,0,0
2022-07-09,C,32.58,29.79,17,25,0,1,Store,West,2022,7,5,190,2.8390784635086144,3.4836986031738992,3.394172766725191,-0.12874817745258066,-0.99167731989929,0,0
2022-07-10,C,48.5,47.91,8,25,0,1,Online,South,2022,7,6,191,2.0918640616783932,3.8815637979434374,3.8693242508950307,-0.14579919691987442,-0.9893142039703664,0,0
2022-07-11,C,51.95,45.89,8,25,0,0,Store,East,2022,7,0,192,2.0918640616783932,3.9502817175452365,3.8262472284067424,-0.16280701293851646,-0.9866579328916572,0,0
2022-07-12,C,43.53,49.57,9,25,0,0,Online,South,2022,7,1,193,2.2082744135228043,3.773450355564206,3.9033858120324827,-0.17976658572556214,-0.9837092937736098,0,0
2022-07-13,C,57.02,53.88,8,25,0,0,Online,South,2022,7,2,194,2.0918640616783932,4.043402083484526,3.986759351542163,-0.19667288979357622,-0.9804691603616321,0,0
2022-07-14,C,30.0,29.05,14,25,0,0,Online,West,2022,7,3,195,2.6461747973841225,3.4011973816621555,3.3690184832979204,-0.2135209154397959,-0.9769384927771817,0,0
2022-07-15,C,70.52,70.87,7,25,1,0,Online,North,2022,7,4,196,1.9600947840472698,4.25589635752967,4.260847212822164,-0.23030567023061196,-0.973118337233262,0,0
2022-07-16,C,52.73,46.63,7,25,0,1,Store,East,2022,7,5,197,1.9600947840472698,3.9651845535423784,3.8422441108202294,-0.24702218048093527,-0.9690098257244063,0,0
2022-07-17,C,48.47,50.5,10,25,0,1,Store,South,2022,7,6,198,2.312535423847214,3.8809450498572846,3.9219733362813143,-0.2636654927280072,-0.9646141756912435,0,0
2022-07-18,C,53.17,46.85,7,25,0,0,Online,North,2022,7,0,199,1.9600947840472698,3.973494327516247,3.846951008684431,-0.2802306751992161,-0.9599326896597445,0,0
2022-07-19,C,50.52,52.16,11,25,1,0,Online,West,2022,7,1,200,2.4069451083182885,3.9223692974822906,3.9543159176183975,-0.2967128192734901,-0.9549667548552553,0,0
2022-07-20,C,45.29,40.6,8,25,0,0,Store,East,2022,7,2,201,2.0918640616783932,3.8130862575681226,3.703768066607687,-0.3131070409358267,-0.9497178427914317,0,0
2022-07-21,C,50.07,53.05,7,25,0,0,Store,South,2022,7,3,202,1.9600947840472698,3.9134220263418533,3.971234865059992,-0.3294084822245302,-0.9441875088341994,0,0
2022-07-22,C,41.74,41.32,10,25,0,0,Store,East,2022,7,4,203,2.312535423847214,3.7314599016490546,3.721346644251438,-0.3456123126707333,-0.9383773917408642,0,0
2022-07-23,C,36.64,39.99,11,25,0,1,Online,West,2022,7,5,204,2.4069451083182885,3.6011405398059297,3.688629422858727,-0.3617137307297674,-0.9322892131745134,0,0
2022-07-24,C,34.26,39.26,16,25,0,1,Online,North,2022,7,6,205,2.7788192719904172,3.5339784928959737,3.670206188848315,-0.37770796520396466,-0.9259247771938499,0,0
2022-07-25,C,65.58,69.2,7,25,1,0,Online,East,2022,7,0,206,1.9600947840472698,4.1832707714165025,4.237000862623624,-0.39359027665646645,-0.9192859697186105,0,0
2022-07-26,C,37.71,34.17,11,25,0,0,Store,West,2022,7,1,207,2.4069451083182885,3.6299253112702656,3.5313480661272005,-0.4093559588156211,-0.9123747579707274,0,0
2022-07-27,C,34.33,29.67,11,25,0,0,Online,North,2022,7,2,208,2.4069451083182885,3.5360196074696004,3.3901364343027307,-0.42500033996955394,-0.9051931898913975,0,0
2022-07-28,C,67.5,71.02,6,25,0,0,Store,East,2022,7,3,209,1.8082887711792655,4.212127597878484,4.262961527514942,-0.4405187843504952,-0.8977433935342336,0,0
2022-07-29,C,58.72,58.43,6,25,0,0,Online,North,2022,7,4,210,1.8082887711792655,4.07278038430626,4.067829456566345,-0.455906693508459,-0.8900275764346766,0,0
2022-07-30,C,45.81,45.12,10,25,0,1,Online,South,2022,7,5,211,2.312535423847214,3.8245024078986507,3.8093256071898036,-0.47115950767386394,-0.8820480249558535,0,0
2022-07-31,C,47.87,48.08,10,25,1,1,Online,East,2022,7,6,212,2.312535423847214,3.8684890034044175,3.872866290226952,-0.4862727071086902,-0.8738071036110807,0,0
2022-08-01,C,54.3,60.86,7,25,0,0,Online,North,2022,8,0,213,1.9600947840472698,3.9945242269398897,4.108576144468825,-0.5012418134457756,-0.8653072543632061,0,0
2022-08-02,C,54.38,61.67,7,25,0,0,Online,West,2022,8,1,214,1.9600947840472698,3.995996439204325,4.1217975890034015,-0.5160623910158526,-0.8565509959010037,0,0
2022-08-03,C,50.55,52.15,9,25,0,0,Online,North,2022,8,2,215,2.2082744135228043,3.9229629454664803,3.9541241814467813,-0.5307300481619331,-0.8475409228928312,0,0
2022-08-04,C,37.62,33.76,10,25,0,0,Store,East,2022,8,3,216,2.312535423847214,3.627535823872884,3.5192766697277564,-0.5452404385406507,-0.8382797052177745,0,0
2022-08-05,C,69.75,72.29,5,25,0,0,Store,West,2022,8,4,217,1.62924053973028,4.244917420701475,4.280685807012206,-0.5595892624101763,-0.828770087174504,0,0
2022-08-06,C,37.35,38.67,14,25,0,1,Online,South,2022,8,5,218,2.6461747973841225,3.6203329115788265,3.6550641056192057,-0.5737722679043243,-0.8190148866680802,0,0
2022-08-07,C,51.97,59.52,9,25,0,1,Online,North,2022,8,6,219,2.2082744135228043,3.9506666290203505,4.086312390524837,-0.5877852522924734,-0.8090169943749472,0,0
2022-08-08,C,41.9,42.87,8,25,0,0,Online,South,2022,8,0,220,2.0918640616783932,3.735285826928092,3.7581722806098856,-0.6016240632249227,-0.7987793728863648,0,0
2022-08-09,C,39.82,36.66,9,25,0,0,Online,South,2022,8,1,221,2.2082744135228043,3.6843692986360503,3.6016862424115588,-0.6152845999633277,-0.7883050558305253,0,0
2022-08-10,C,48.0,50.4,9,25,0,0,Store,West,2022,8,2,222,2.2082744135228043,3.871201010907891,3.919991175077323,-0.6287628145958345,-0.7775971469736268,0,0
2022-08-11,C,66.97,61.11,3,25,0,0,Store,South,2022,8,3,223,1.1314021114911006,4.204244757921959,4.1126755189068245,-0.6420547132365636,-0.7666588193001592,0,0
2022-08-12,C,50.75,50.47,7,25,0,0,Online,West,2022,8,4,224,1.9600947840472698,3.926911617921897,3.921379100352171,-0.655156357209085,-0.7554933140726804,0,0
2022-08-13,C,36.56,41.24,13,25,0,1,Online,East,2022,8,5,225,2.5726122302071057,3.5989547465859495,3.719408659148759,-0.6680638642135333,-0.7441039398713608,0,0
2022-08-14,C,44.82,42.32,7,25,0,1,Store,North,2022,8,6,226,1.9600947840472698,3.802654468372781,3.7452597875500437,-0.6807734094770159,-0.7324940716135792,0,0
2022-08-15,C,48.91,53.31,8,25,0,0,Online,West,2022,8,0,227,2.0918640616783932,3.8899818745512658,3.9761239308346696,-0.6932812268869771,-0.7206671495538615,0,0
2022-08-16,C,59.55,66.99,6,25,0,0,Online,East,2022,8,1,228,1.8082887711792655,4.0868162958013095,4.204543354520176,-0.7055836101071774,-0.7086266782644601,0,0
2022-08-17,C,46.67,53.6,9,25,0,0,Online,South,2022,8,2,229,2.2082744135228043,3.8431015599617244,3.9815490680767565,-0.7176769136759615,-0.6963762255968726,0,0
2022-08-18,C,51.3,56.57,6,25,0,0,Store,North,2022,8,3,230,1.8082887711792655,3.937690752176724,4.035478809355064,-0.7295575540864876,-0.6839194216246105,0,0
2022-08-19,C,43.89,42.21,8,25,0,0,Online,North,2022,8,4,231,2.0918640616783932,3.7816865037001426,3.7426571597944074,-0.7412220108485957,-0.6712599575675315,0,0
2022-08-20,C,39.59,44.33,12,25,0,1,Online,West,2022,8,5,232,2.4932054526026954,3.678576561118039,3.7916616487569623,-0.7526668275320083,-0.6584015846980489,0,0
2022-08-21,C,57.87,56.81,7,25,0,1,Store,South,2022,8,6,233,1.9600947840472698,4.058199115585747,4.039712366569035,-0.7638886127905429,-0.64534811322955,0,0
2022-08-22,C,33.95,36.6,11,25,0,0,Store,West,2022,8,0,234,2.4069451083182885,3.5248888540047054,3.6000482404073204,-0.7748840413670406,-0.6321034111873488,0,0
2022-08-23,C,44.84,51.17,10,25,1,0,Online,East,2022,8,1,235,2.312535423847214,3.8031005982039594,3.9351534228170006,-0.7856498550787144,-0.6186714032625032,0,0
2022-08-24,C,48.29,45.6,7,25,0,0,Online,East,2022,8,2,236,1.9600947840472698,3.8772244998854504,3.8199077165203406,-0.7961828637826154,-0.6050560696488494,0,0
2022-08-25,C,45.31,42.47,6,25,0,0,Online,South,2022,8,3,237,1.8082887711792655,3.813527758679047,3.74879794432518,-0.8064799463209447,-0.5912614448635782,0,0
2022-08-26,C,44.7,50.99,8,25,0,0,Online,North,2022,8,4,238,2.0918640616783932,3.7999735016195233,3.9316295350670645,-0.8165380514459157,-0.5772916165517278,0,0
2022-08-27,C,40.21,35.1,8,25,0,1,Online,North,2022,8,5,239,2.0918640616783932,3.6941157209091826,3.55820113047182,-0.8263541987239095,-0.5631507242749187,0,0
2022-08-28,C,58.76,63.9,8,25,1,1,Store,West,2022,8,6,240,2.0918640616783932,4.073461351305676,4.157319361383489,-0.8359254794186365,-0.5488429582847199,0,0
2022-08-29,C,39.78,40.39,10,25,1,0,Online,South,2022,8,0,241,2.312535423847214,3.683364273425826,3.6985822295753215,-0.8452490573530634,-0.5343725582809785,0,0
2022-08-30,C,47.6,48.81,7,25,0,0,Online,West,2022,8,1,242,1.9600947840472698,3.8628327612373745,3.887935209899056,-0.8543221697498269,-0.5197438121555157,0,0
2022-08-31,C,68.66,66.8,4,25,0,0,Store,West,2022,8,2,243,1.410986973710262,4.229166788029546,4.2017030805426,-0.8631421280499115,-0.5049610547215202,0,0
2022-09-01,C,50.3,43.95,5,25,0,0,Online,West,2022,9,3,244,1.62924053973028,3.9180050771056933,3.783052624131186,-0.8717063187093218,-0.4900286664290594,0,0
2022-09-02,C,55.4,59.95,7,25,1,0,Online,East,2022,9,4,245,1.9600947840472698,4.014579593753238,4.093510881473524,-0.8800122039735356,-0.4749510720670502,0,0
2022-09-03,C,67.08,57.76,7,25,1,1,Store,West,2022,9,5,246,1.9600947840472698,4.205885936955008,4.05629649458457,-0.888057322629493,-0.4597327394521046,0,0
2022-09-04,C,42.94,46.41,9,25,0,1,Store,North,2022,9,6,247,2.2082744135228043,3.759803792450635,3.8375149532530846,-0.8958392907349089,-0.44437817810461344,0,0
2022-09-05,C,58.19,49.76,5,25,0,0,Store,South,2022,9,0,248,1.62924053973028,4.063713518668578,3.907211448430924,-0.9033558023246842,-0.4288919379124841,0,0
2022-09-06,C,59.25,52.46,5,25,0,0,Online,South,2022,9,1,249,1.62924053973028,4.081765780015241,3.9600509744387278,-0.9106046300942162,-0.41327860778290443,0,0
2022-09-07,C,31.37,29.19,10,25,0,0,Online,North,2022,9,2,250,2.312535423847214,3.445852022202587,3.3738261848660236,-0.9175836260593934,-0.3975428142825566,0,0
2022-09-08,C,68.24,58.94,4,25,0,0,Online,East,2022,9,3,251,1.410986973710262,4.223030903183424,4.076519977309548,-0.9242907221930934,-0.3816892202666586,0,0
2022-09-09,C,50.7,52.54,7,25,0,0,Online,West,2022,9,4,252,1.9600947840472698,3.9259259105971376,3.961574784257394,-0.9307239310379793,-0.3657225234972692,0,0
2022-09-10,C,54.67,62.67,7,25,0,1,Online,North,2022,9,5,253,1.9600947840472698,4.001315112906908,4.137882864236584,-0.9368813462954315,-0.34964745525122826,0,0
2022-09-11,C,30.0,34.25,15,25,0,1,Online,West,2022,9,6,254,2.714694743820879,3.4011973816621555,3.5336865647082343,-0.9427611433904206,-0.33346877891818705,0,0
2022-09-12,C,61.1,67.55,5,25,0,0,Online,West,2022,9,0,255,1.62924053973028,4.11251186617755,4.212868064406208,-0.9483615800121716,-0.31719128858910595,0,0
2022-09-13,C,44.63,42.79,9,25,1,0,Store,North,2022,9,1,256,2.2082744135228043,3.7984062786411785,3.7563044304287256,-0.9536809966304455,-0.300819807635668,0,0
2022-09-14,C,61.67,57.66,5,25,1,0,Online,North,2022,9,2,257,1.62924053973028,4.1217975890034015,4.054563692210256,-0.9587178169872964,-0.2843591872810036,0,0
2022-09-15,C,44.4,49.69,7,25,0,0,Store,West,2022,9,3,258,1.9600947840472698,3.7932394694381792,3.905803705614229,-0.9634705485641486,-0.26781430516217486,0,0
2022-09-16,C,43.6,37.99,8,25,1,0,Store,East,2022,9,4,259,2.0918640616783932,3.775057150354989,3.6373229671995344,-0.9679377830240642,-0.25119006388481957,0,0
2022-09-17,C,55.12,49.54,7,25,0,1,Store,South,2022,9,5,260,1.9600947840472698,4.009512626705403,3.9027804240612136,-0.9721181966290612,-0.23449138957041052,0,0
2022-09-18,C,69.74,79.76,5,25,0,1,Online,South,2022,9,6,261,1.62924053973028,4.2447740412475055,4.379022125653583,-0.9760105506323682,-0.21772323039653224,0,0
2022-09-19,C,34.93,31.4,10,25,0,0,Online,West,2022,9,0,262,2.312535423847214,3.5533460588187404,3.4468078929142076,-0.9796136916454901,-0.20089055513063528,0,0
2022-09-20,C,38.26,37.66,8,25,0,0,Online,South,2022,9,1,263,2.0918640616783932,3.644404964012107,3.628598523229006,-0.9829265519799822,-0.18399835165767986,0,0
2022-09-21,C,48.98,48.67,6,25,0,0,Online,West,2022,9,2,264,1.8082887711792655,3.891412051524022,3.885062823845363,-0.9859481499638303,-0.1670516255021195,0,0
2022-09-22,C,53.79,61.26,6,25,0,0,Store,West,2022,9,3,265,1.8082887711792655,3.985087576285151,4.115127101404629,-0.9886775902323404,-0.15005539834465262,0,0
2022-09-23,C,52.17,59.66,6,25,0,0,Online,East,2022,9,4,266,1.8082887711792655,3.9545076170343014,4.088661779086602,-0.9911140639934546,-0.13301470653419636,0,0
2022-09-24,C,42.99,42.96,8,25,0,1,Online,East,2022,9,5,267,2.0918640616783932,3.76096753050819,3.7602694502006093,-0.9932568492674143,-0.11593459959550066,0,0
2022-09-25,C,60.05,63.39,6,25,0,1,Online,West,2022,9,6,268,1.8082887711792655,4.095177548525992,4.149306120296075,-0.9951053111006974,-0.09882013873287211,0,0
2022-09-26,C,54.08,46.95,5,25,0,0,Online,North,2022,9,0,269,1.62924053973028,3.9904644317347087,3.849083205654272,-0.99665890175417,-0.08167639533042288,0,0
2022-09-27,C,54.54,50.36,6,25,1,0,Online,South,2022,9,1,270,1.8082887711792655,3.9989343774174424,3.9191972091761462,-0.9979171608653922,-0.06450844944931625,0,0
2022-09-28,C,46.9,42.12,6,25,0,0,Store,North,2022,9,2,271,1.8082887711792655,3.8480176754522337,3.740522687265775,-0.9988797155850335,-0.04732138832243232,0,0
2022-09-29,C,55.83,63.66,5,25,0,0,Online,South,2022,9,3,272,1.62924053973028,4.022311359322269,4.1535564218539465,-0.9995462806873573,-0.03012030484690836,0,0
2022-09-30,C,54.25,61.7,6,25,0,0,Online,West,2022,9,4,273,1.8082887711792655,3.993602992420569,4.122283930911342,-0.9999166586547379,-0.012910296075008843,0,0
2022-10-01,C,55.67,62.17,7,25,0,1,Store,West,2022,10,5,274,1.9600947840472698,4.019441402195416,4.129872568281246,-0.9999907397361901,0.004303538296243821,0,0
2022-10-02,C,52.96,58.06,8,25,0,1,Store,South,2022,10,6,275,2.0918640616783932,3.9695369116287527,4.061476958596484,-0.9997685019798909,0.021516097436222233,0,0
2022-10-03,C,54.67,48.37,6,25,0,0,Store,West,2022,10,0,276,1.8082887711792655,4.001315112906908,3.878879786834892,-0.9992500112396835,0.03872228089217399,0,0
2022-10-04,C,63.18,70.2,4,25,0,0,Store,North,2022,10,1,277,1.410986973710262,4.145987795373939,4.251348311031766,-0.9984354211555643,0.05591699010060302,0,0
2022-10-05,C,45.89,49.87,7,25,0,0,Store,West,2022,10,2,278,1.9600947840472698,3.8262472284067424,3.9094196195580313,-0.9973249731081555,0.07309512989807776,0,0
2022-10-06,C,38.21,38.74,11,25,1,0,Online,West,2022,10,3,279,2.4069451083182885,3.6430972614588084,3.65687265797885,-0.9959189961471792,0.0902516100310407,0,0
2022-10-07,C,49.43,54.37,7,25,0,0,Online,East,2022,10,4,280,1.9600947840472698,3.9005575273188677,3.995812531157829,-0.994217906893952,0.10738134666416306,0,0
2022-10-08,C,53.18,51.27,7,25,0,1,Store,South,2022,10,5,281,1.9600947840472698,3.9736823858148735,3.9371057857956093,-0.9922222094179324,0.12447926388678869,0,0
2022-10-09,C,51.44,52.53,8,25,1,1,Online,West,2022,10,6,282,2.0918640616783932,3.940416079929364,3.9613844349658702,-0.989932495087353,0.141540295217043,0,0
2022-10-10,C,39.92,45.07,8,25,0,0,Online,North,2022,10,0,283,2.0918640616783932,3.686877451443263,3.808216836702557,-0.9873494423939864,0.15855938510313475,0,0
2022-10-11,C,49.37,55.78,6,25,0,0,Online,West,2022,10,1,284,1.8082887711792655,3.8993429522707714,4.021415382199343,-0.9844738167520923,0.17553149042142777,0,0
2022-10-12,C,35.89,30.76,13,25,1,0,Online,West,2022,10,2,285,2.5726122302071057,3.580458705159516,3.4262151446374434,-0.9813064702716093,0.19245158197082995,0,0
2022-10-13,C,55.74,59.88,7,25,1,0,Online,West,2022,10,3,286,1.9600947840472698,4.020698022053802,4.092342559551428,-0.9778483415056568,0.20931464596304888,0,0
2022-10-14,C,55.1,52.66,7,25,1,0,Online,North,2022,10,4,287,1.9600947840472698,4.009149716158869,3.9638561540681634,-0.9741004551724206,0.22611568550828803,0,0
2022-10-15,C,49.15,51.25,8,25,0,1,Store,South,2022,10,5,288,2.0918640616783932,3.8948768465931756,3.9367156180185177,-0.970063921851507,0.2428497220959358,0,0
2022-10-16,C,61.68,52.75,6,25,0,1,Store,North,2022,10,6,289,1.8082887711792655,4.1219597292550745,3.965563772356176,-0.965739937654855,0.25951179706979943,0,0
2022-10-17,C,52.66,59.97,6,25,0,0,Store,East,2022,10,0,290,1.8082887711792655,3.9638561540681634,4.093844437180419,-0.9611297838723007,0.27609697309746883,0,0
2022-10-18,C,71.78,71.78,4,25,0,0,Online,North,2022,10,1,291,1.410986973710262,4.273605885719461,4.273605885719461,-0.9562348265919058,0.2926003356333479,0,0
2022-10-19,C,53.83,51.44,6,25,0,0,Store,East,2022,10,2,292,1.8082887711792655,3.985830932572866,3.940416079929364,-0.9510565162951536,0.30901699437494723,0,0
2022-10-20,C,47.48,40.44,6,25,0,0,Online,East,2022,10,3,293,1.8082887711792655,3.860308569741467,3.6998193941522706,-0.9455963874271428,0.3253420847119795,0,0
2022-10-21,C,38.77,33.93,9,25,0,0,Online,East,2022,10,4,294,2.2082744135228043,3.657646751682838,3.5242995787961386,-0.9398560579418953,0.341570769167856,0,0
2022-10-22,C,53.37,48.93,8,25,1,1,Online,South,2022,10,5,295,2.0918640616783932,3.9772487903458535,3.8903907053010323,-0.9338372288229252,0.35769823883312546,0,0
2022-10-23,C,38.79,36.75,9,25,0,1,Store,East,2022,10,6,296,2.2082744135228043,3.6581624814518756,3.6041382256588457,-0.9275416835791965,0.3737197147904692,0,0
2022-10-24,C,43.94,42.29,7,25,0,0,Store,West,2022,10,0,297,1.9600947840472698,3.7828250669564643,3.7445506514843974,-0.9209712877166346,0.38963044953078774,0,0
2022-10-25,C,67.81,73.95,5,25,0,0,Store,East,2022,10,1,298,1.62924053973028,4.216709676695751,4.303389189156809,-0.9141279881853337,0.4054257283599973,0,0
2022-10-26,C,48.5,54.78,6,25,0,0,Online,East,2022,10,2,299,1.8082887711792655,3.8815637979434374,4.0033251638349325,-0.9070138128026362,0.42110087079608916,0,0
2022-10-27,C,43.68,39.05,6,25,0,0,Online,East,2022,10,3,300,1.8082887711792655,3.7768903314366495,3.664842876285695,-0.8996308696522434,0.4366512319560638,0,0
2022-10-28,C,64.64,62.05,4,25,0,0,Online,West,2022,10,4,301,1.410986973710262,4.16883341421284,4.127940511650616,-0.8919813464595487,0.45207220393230374,0,0
2022-10-29,C,39.16,39.74,11,25,0,1,Online,South,2022,10,5,302,2.4069451083182885,3.6676558176623097,3.6823582371236707,-0.8840675099433637,0.46735921715800205,0,0
2022-10-30,C,39.69,35.79,9,25,0,1,Online,North,2022,10,6,303,2.2082744135228043,3.681099266794974,3.5776685247779345,-0.8758917051442433,0.48250774176121763,0,0
2022-10-31,C,44.83,41.31,6,25,0,0,Online,North,2022,10,0,304,1.8082887711792655,3.802877558167348,3.721104601408673,-0.867456354729597,0.4975132889071803,0,0
2022-11-01,C,60.48,62.77,5,25,0,0,Online,South,2022,11,1,305,1.62924053973028,4.102312731871278,4.13947725232944,-0.858763958275803,0.5123714121284235,0,0
2022-11-02,C,50.51,49.93,6,25,0,0,Online,East,2022,11,2,306,1.8082887711792655,3.9221713364799613,3.910622024512518,-0.8498170915275277,0.5270777086423724,0,0
2022-11-03,C,40.35,37.54,7,25,0,0,Online,West,2022,11,3,307,1.9600947840472698,3.6975913947159578,3.6254070311583626,-0.8406184056344783,0.5416278206559811,0,0
2022-11-04,C,40.98,40.45,9,25,0,0,Online,South,2022,11,4,308,2.2082744135228043,3.7130841428107537,3.700066643504501,-0.8311706263658079,0.5560174366570446,0,0
2022-11-05,C,44.84,45.48,8,25,0,1,Store,North,2022,11,5,309,2.0918640616783932,3.8031005982039594,3.8172726688823353,-0.8214765533024145,0.5702422926917867,0,0
2022-11-06,C,30.0,32.16,19,25,1,1,Store,East,2022,11,6,310,2.9496883350525844,3.4011973816621555,3.4707234443107655,-0.8115390590073611,0.5842981736283683,0,0
2022-11-07,C,41.84,35.59,10,25,1,0,Online,East,2022,11,0,311,2.312535423847214,3.7338528197566676,3.5720646995221013,-0.8013610881746769,0.5981809144059159,0,0
2022-11-08,C,47.46,47.99,9,25,1,0,Online,South,2022,11,1,312,2.2082744135228043,3.8598872510076174,3.8709926558701544,-0.7909456567567774,0.6118864012687242,0,0
2022-11-09,C,42.15,47.83,8,25,0,0,Store,East,2022,11,2,313,2.0918640616783932,3.7412346844478646,3.8676530576922055,-0.780295851070776,0.6254105729852457,0,0
2022-11-10,C,68.17,72.85,5,25,0,0,Store,East,2022,11,3,314,1.62924053973028,4.222004585374694,4.288402532641213,-0.7694148268839381,0.6387494220515268,0,0
2022-11-11,C,54.3,54.72,7,25,0,0,Online,South,2022,11,4,315,1.9600947840472698,3.9945242269398897,4.002229273314295,-0.7583058084785625,0.6518989958787125,0,0
2022-11-12,C,50.33,51.93,6,25,0,1,Store,East,2022,11,5,316,1.8082887711792655,3.9186013207882686,3.9498966578562276,-0.7469720876965551,0.6648553979642867,0,0
2022-11-13,C,47.11,46.42,8,25,0,1,Online,South,2022,11,6,317,2.0918640616783932,3.85248529271195,3.837730400846291,-0.7354170229639858,0.6776147890466887,0,0
2022-11-14,C,64.38,55.17,6,25,1,0,Store,South,2022,11,0,318,1.8082887711792655,4.164803025870662,4.01041932728434,-0.7236440382959123,0.690173388242972,0,0
2022-11-15,C,62.56,62.55,5,25,0,0,Store,North,2022,11,1,319,1.62924053973028,4.136126096237056,4.13596623691292,-0.7116566222817751,0.7025274741691566,0,0
2022-11-16,C,44.44,45.12,7,25,0,0,Online,West,2022,11,2,320,1.9600947840472698,3.7941399647714293,3.8093256071898036,-0.6994583270516471,0.7146733860429608,0,0
2022-11-17,C,61.41,63.0,6,25,0,0,Online,West,2022,11,3,321,1.8082887711792655,4.1175726883413075,4.143134726391533,-0.6870527672236675,0.726607524768565,0,0
2022-11-18,C,66.78,59.19,5,25,0,0,Online,West,2022,11,4,322,1.62924053973028,4.201403634515509,4.080752608702634,-0.6744436188329457,0.7383263540031063,0,0
2022-11-19,C,46.83,43.45,8,25,0,1,Online,West,2022,11,5,323,2.0918640616783932,3.8465240231954505,3.7716108517114013,-0.661634618242279,0.749826401204568,0,0
2022-11-20,C,57.68,58.5,6,25,0,1,Store,South,2022,11,6,324,1.8082887711792655,4.054910492976694,4.069026754237811,-0.6486295610349818,0.7611042586607742,0,0
2022-11-21,C,35.88,36.5,10,25,0,0,Online,South,2022,11,0,325,2.312535423847214,3.5801800371905954,3.597312260588446,-0.6354323008901775,0.7721565844991641,0,0
2022-11-22,C,64.45,63.16,5,25,0,0,Online,West,2022,11,1,326,1.62924053973028,4.165889729385197,4.145671189387441,-0.622046748440868,0.7829801036770625,0,0
2022-11-23,C,33.9,29.35,11,25,0,0,Online,South,2022,11,2,327,2.4069451083182885,3.5234150143864045,3.3792925462741055,-0.6084768701151264,0.7935716089521472,0,0
2022-11-24,C,56.29,57.9,5,25,0,0,Online,West,2022,11,3,328,1.62924053973028,4.030516899475935,4.05871738457895,-0.594726686960764,0.8039279618328208,0,0
2022-11-25,C,64.66,66.3,6,25,0,0,Store,North,2022,11,4,329,1.8082887711792655,4.169142772297287,4.194189897191817,-0.5808002734538014,0.8140460935082175,0,0
2022-11-26,C,46.46,46.52,11,25,1,1,Online,West,2022,11,5,330,2.4069451083182885,3.838591727342263,3.839882327650464,-0.5667017562911184,0.8239230057575536,0,0
2022-11-27,C,30.0,29.92,14,25,0,1,Online,North,2022,11,6,331,2.6461747973841225,3.4011973816621555,3.3985271531062766,-0.5524353131676203,0.8335557718385695,0,0
2022-11-28,C,41.85,35.75,8,25,0,0,Store,North,2022,11,0,332,2.0918640616783932,3.7340917969354845,3.5765502691400166,-0.5380051715382992,0.8429415373547832,0,0
2022-11-29,C,56.77,58.41,6,25,0,0,Online,East,2022,11,1,333,1.8082887711792655,4.039008017182635,4.067487108052218,-0.5234156073655503,0.8520775211013093,0,0
2022-11-30,C,41.48,44.98,10,25,0,0,Store,West,2022,11,2,334,2.312535423847214,3.7252113833613265,3.8062179465311696,-0.5086709438521042,0.8609610158889945,0,0
2022-12-01,C,31.22,34.79,12,25,1,0,Store,East,2022,12,3,335,2.4932054526026954,3.441058915087286,3.5493299891638506,-0.4937755501599774,0.8695893893466109,0,0
2022-12-02,C,59.32,54.44,9,25,1,0,Online,East,2022,12,4,336,2.2082744135228043,4.082946517269732,3.9970991777832654,-0.4787338401157883,0.8779600847008883,0,0
2022-12-03,C,40.97,39.36,14,25,1,1,Online,South,2022,12,5,337,2.6461747973841225,3.7128400915587796,3.6727500721840527,-0.4635502709028512,0.8860706215341377,0,0
2022-12-04,C,58.0,55.55,7,25,0,1,Store,West,2022,12,6,338,1.9600947840472698,4.060443010546419,4.017283516085639,-0.4482293417404106,0.893918596519257,0,0
2022-12-05,C,45.73,39.59,7,25,0,0,Online,North,2022,12,0,339,1.9600947840472698,3.822754537669964,3.678576561118039,-0.4327755925504317,0.9015016841318838,0,0
2022-12-06,C,55.91,55.5,7,25,0,0,Online,North,2022,12,1,340,1.9600947840472698,4.0237432550385535,4.0163830207523885,-0.41719360261231697,0.9088176373395028,0,0
2022-12-07,C,45.0,44.94,9,25,0,0,Online,North,2022,12,2,341,2.2082744135228043,3.8066624897703196,3.8053282667571833,-0.4014879892059737,0.9158642882672868,0,0
2022-12-08,C,65.11,58.49,6,25,1,0,Store,East,2022,12,3,342,1.8082887711792655,4.176078147248771,4.068855799454934,-0.38566340624360745,0.9226395488404875,0,0
2022-12-09,C,68.78,69.6,5,25,0,0,Online,South,2022,12,4,343,1.62924053973028,4.23091300500412,4.242764567340374,-0.3697245428906732,0.9291414114031743,0,0
2022-12-10,C,40.02,39.68,11,25,0,1,Online,South,2022,12,5,344,2.4069451083182885,3.6893793291555874,3.6808472824166723,-0.3536761221763721,0.935367949313148,0,0
2022-12-11,C,60.43,53.93,5,25,0,1,Online,West,2022,12,6,345,1.62924053973028,4.101485670373467,3.9876869093491356,-0.33752289959411347,0.941317317512847,0,0
2022-12-12,C,72.2,81.34,6,25,0,0,Online,East,2022,12,0,346,1.8082887711792655,4.279440045898781,4.398637900479079,-0.32126966169236515,0.946987753076075,0,0
2022-12-13,C,40.96,41.02,11,25,0,0,Store,North,2022,12,1,347,2.4069451083182885,3.7125959807312525,3.7140597526442347,-0.3049212246562894,0.9523775757303973,0,0
2022-12-14,C,53.78,61.78,8,25,0,0,Online,East,2022,12,2,348,2.0918640616783932,3.9849016508407185,4.123579687490436,-0.2884824328806098,0.9574851883550389,0,0
2022-12-15,C,57.67,62.0,7,25,0,0,Store,West,2022,12,3,349,1.9600947840472698,4.0547371076273215,4.127134385045092,-0.27195815753410524,0.9623090774541487,0,0
2022-12-16,C,69.01,77.22,6,25,0,0,Online,South,2022,12,4,350,1.8082887711792655,4.234251421632511,4.346658490836091,-0.2553532951161881,0.9668478136052773,0,0
2022-12-17,C,56.94,56.11,9,25,0,1,Online,East,2022,12,5,351,2.2082744135228043,4.041998081849892,4.0273140497628805,-0.23867276600594997,0.9711000518829505,0,0
2022-12-18,C,51.43,45.24,8,25,0,1,Online,North,2022,12,6,352,2.0918640616783932,3.940221659786825,3.81198165124792,-0.22192151300416674,0.9750645322571945,0,0
2022-12-19,C,59.67,59.7,6,25,0,0,Online,West,2022,12,0,353,1.8082887711792655,4.088829381533991,4.089332020398556,-0.20510449986861926,0.9787400799669153,0,0
2022-12-20,C,73.08,71.36,5,25,0,0,Store,East,2022,12,1,354,1.62924053973028,4.291554731509806,4.267737488271754,-0.1882267098432439,0.9821256058680006,0,0
2022-12-21,C,48.31,45.59,10,25,1,0,Online,East,2022,12,2,355,2.312535423847214,3.8776385785663154,3.8196883942253503,-0.1712931441814778,0.9852201067560606,0,0
2022-12-22,C,49.66,55.47,9,25,0,0,Online,East,2022,12,3,356,2.2082744135228043,3.9051997800800207,4.015842334067143,-0.154308820664281,0.9880226656636976,0,0
2022-12-23,C,59.45,59.46,7,25,0,0,Store,South,2022,12,4,357,1.9600947840472698,4.085135623136791,4.085303817569952,-0.13727877211326517,0.9905324521322227,0,0
2022-12-24,C,64.83,71.65,7,25,1,1,Store,West,2022,12,5,358,1.9600947840472698,4.171768459186905,4.271793154274181,-0.12020804489935275,0.9927487224577402,0,0
2022-12-25,C,53.6,55.77,10,25,0,1,Store,North,2022,12,6,359,2.312535423847214,3.9815490680767565,4.021236090401462,-0.10310169744743544,0.9946708199115211,0,0
2022-12-26,C,53.77,46.95,7,25,0,0,Store,West,2022,12,0,360,1.9600947840472698,3.9847156908215866,3.849083205654272,-0.0859647987374467,0.9962981749346077,0,0
2022-12-27,C,31.43,27.55,18,25,0,0,Store,North,2022,12,1,361,2.89591193827178,3.447762850809476,3.3160025355989236,-0.06880242680232064,0.9976303053065857,0,0
2022-12-28,C,50.84,53.43,10,25,1,0,Store,North,2022,12,2,362,2.312535423847214,3.928683446321253,3.97837238596968,-0.05161966722325418,0.9986668162884759,0,0
2022-12-29,C,65.7,56.79,6,25,0,0,Store,West,2022,12,3,363,1.8082887711792655,4.185098925490565,4.039360253889341,-0.034421611622745804,0.9994074007397048,0,0
2022-12-30,C,67.16,75.3,9,25,1,0,Online,West,2022,12,4,364,2.2082744135228043,4.20707783220934,4.321480134805848,-0.01721335615583528,0.9998518392091162,0,0
2022-12-31,C,40.29,41.91,14,25,0,1,Online,West,2022,12,5,365,2.6461747973841225,3.696103299203256,3.73552446193698,6.432490598706546e-16,1.0,0,0
2023-01-01,C,48.51,48.78,11,25,0,1,Online,East,2023,1,6,1,2.4069451083182885,3.8817699622571253,3.887320392787774,0.017213356155834685,0.9998518392091162,0,0
2023-01-02,C,49.8,51.6,8,25,0,0,Online,East,2023,1,0,2,2.0918640616783932,3.9080149840306073,3.9435216724875173,0.03442161162274574,0.9994074007397048,0,0
2023-01-03,C,30.0,26.47,17,25,0,0,Store,South,2023,1,1,3,2.8390784635086144,3.4011973816621555,3.27601201623901,0.051619667223253764,0.998666816288476,0,0
2023-01-04,C,67.07,71.19,10,25,1,0,Store,East,2023,1,2,4,2.312535423847214,4.205736850111646,4.265352359115782,0.06880242680231986,0.9976303053065857,0,0
2023-01-05,C,56.74,59.49,12,25,1,0,Store,South,2023,1,3,5,2.4932054526026954,4.038479429380705,4.085808231199814,0.08596479873744647,0.9962981749346078,0,0
2023-01-06,C,51.37,45.59,8,25,0,0,Online,South,2023,1,4,6,2.0918640616783932,3.9390543444791764,3.8196883942253503,0.10310169744743485,0.9946708199115211,0,0
2023-01-07,C,50.09,48.12,12,25,0,1,Store,South,2023,1,5,7,2.4932054526026954,3.9138213873695253,3.873697891106478,0.1202080448993527,0.9927487224577402,0,0
2023-01-08,C,59.74,53.7,11,25,1,1,Store,West,2023,1,6,8,2.4069451083182885,4.090001812787964,3.983413001514819,0.13727877211326478,0.9905324521322229,0,0
2023-01-09,C,58.55,53.79,7,25,0,0,Store,West,2023,1,0,9,1.9600947840472698,4.069881090043726,3.985087576285151,0.15430882066428117,0.9880226656636976,0,0
2023-01-10,C,49.2,53.86,12,25,1,0,Store,East,2023,1,1,10,2.4932054526026954,3.8958936234982624,3.9863880873834527,0.1712931441814776,0.9852201067560606,0,0
2023-01-11,C,41.68,41.76,12,25,0,0,Online,North,2023,1,2,11,2.4932054526026954,3.7300213974451113,3.731938943574383,0.1882267098432442,0.9821256058680006,0,0
2023-01-12,C,53.06,54.33,9,25,0,0,Online,East,2023,1,3,12,2.2082744135228043,3.971423348709594,3.9950765605634317,0.2051044998686192,0.9787400799669153,0,0
2023-01-13,C,43.24,46.03,13,25,0,0,Online,South,2023,1,4,13,2.5726122302071057,3.7667659927710075,3.82929335782915,0.22192151300416552,0.9750645322571948,0,0
2023-01-14,C,55.21,60.47,9,25,0,1,Store,North,2023,1,5,14,2.2082744135228043,4.011144096295953,4.1021473742851216,0.2386727660059501,0.9711000518829505,0,0
2023-01-15,C,49.91,49.43,12,25,0,1,Online,West,2023,1,6,15,2.4932054526026954,3.9102213834815176,3.9005575273188677,0.255353295116187,0.9668478136052775,0,0
2023-01-16,C,37.54,37.1,13,25,0,0,Online,North,2023,1,0,16,2.5726122302071057,3.6254070311583626,3.6136169696133895,0.2719581575341055,0.9623090774541486,0,0
2023-01-17,C,30.0,25.65,13,25,0,0,Online,South,2023,1,1,17,2.5726122302071057,3.4011973816621555,3.2445435716167785,0.288482432880609,0.9574851883550393,0,0
2023-01-18,C,53.48,47.85,8,25,0,0,Online,South,2023,1,2,18,2.0918640616783932,3.9793077522337423,3.8680711178989635,0.30492122465628907,0.9523775757303974,0,0
2023-01-19,C,40.99,47.07,15,25,0,0,Online,West,2023,1,3,19,2.714694743820879,3.7133281345162463,3.851635855413051,0.3212696616923644,0.9469877530760753,0,0
2023-01-20,C,45.76,46.76,13,25,1,0,Online,West,2023,1,4,20,2.5726122302071057,3.8234103470715426,3.8450281366038674,0.3375228995941133,0.9413173175128471,0,0
2023-01-21,C,30.0,34.26,26,25,1,1,Store,West,2023,1,5,21,3.261935314328648,3.4011973816621555,3.5339784928959737,0.3536761221763716,0.9353679493131483,0,0
2023-01-22,C,60.42,54.11,9,25,0,1,Store,South,2023,1,6,22,2.2082744135228043,4.101320175958526,3.991019011654644,0.3697245428906731,0.9291414114031743,0,0
2023-01-23,C,60.15,53.21,9,25,0,0,Online,South,2023,1,0,23,2.2082744135228043,4.096841442420688,3.9742463486082777,0.38566340624360707,0.9226395488404876,0,0
2023-01-24,C,46.84,46.64,15,25,1,0,Online,North,2023,1,1,24,2.714694743820879,3.8467375387295166,3.842458542042237,0.401487989205973,0.9158642882672872,0,0
2023-01-25,C,43.33,44.51,16,25,1,0,Online,East,2023,1,2,25,2.7788192719904172,3.768845235751818,3.795713883027763,0.4171936026123168,0.9088176373395029,0,0
2023-01-26,C,36.53,32.4,15,25,0,0,Online,South,2023,1,3,26,2.714694743820879,3.5981338408071912,3.4781584227982836,0.4327755925504312,0.901501684131884,0,0
2023-01-27,C,44.42,45.76,12,25,0,0,Store,North,2023,1,4,27,2.4932054526026954,3.7936898184662815,3.8234103470715426,0.4482293417404106,0.893918596519257,0,0
2023-01-28,C,38.1,38.28,17,25,0,1,Online,North,2023,1,5,28,2.8390784635086144,3.6402142821326553,3.6449275665847534,0.4635502709028509,0.886070621534138,0,0
2023-01-29,C,54.03,57.85,12,25,0,1,Store,South,2023,1,6,29,2.4932054526026954,3.9895394478559743,4.0578534536396855,0.47873384011578846,0.8779600847008882,0,0
2023-01-30,C,56.44,55.94,9,25,0,0,Online,North,2023,1,0,30,2.2082744135228043,4.033178126984613,4.024279687773814,0.4937755501599772,0.869589389346611,0,0
2023-01-31,C,38.54,39.8,17,25,1,0,Online,South,2023,1,1,31,2.8390784635086144,3.6516966629862204,3.6838669122903918,0.5086709438521044,0.8609610158889943,0,0
2023-02-01,C,39.37,37.48,14,25,0,0,Store,North,2023,2,2,32,2.6461747973841225,3.673004104955646,3.6238074573702215,0.5234156073655503,0.8520775211013093,0,0
2023-02-02,C,72.35,71.92,8,25,0,0,Online,East,2023,2,3,33,2.0918640616783932,4.281515453077493,4.275554390163365,0.5380051715382996,0.8429415373547828,0,0
2023-02-03,C,33.13,33.22,16,25,0,0,Online,West,2023,2,4,34,2.7788192719904172,3.5004392163118045,3.503152104185149,0.5524353131676196,0.8335557718385699,0,0
2023-02-04,C,42.42,36.35,12,25,0,1,Store,North,2023,2,5,35,2.4932054526026954,3.7476199491365363,3.5931942039795284,0.5667017562911176,0.8239230057575542,0,0
2023-02-05,C,59.42,55.33,11,25,0,1,Store,North,2023,2,6,36,2.4069451083182885,4.084630870034462,4.013315256910018,0.5808002734538009,0.8140460935082178,0,0
2023-02-06,C,31.72,28.08,21,25,0,0,Store,South,2023,2,0,37,3.0492730404820207,3.456947396766647,3.3350575791576103,0.5947266869607634,0.8039279618328213,0,0
2023-02-07,C,57.84,63.57,13,25,1,0,Online,West,2023,2,1,38,2.5726122302071057,4.057680577850509,4.152141660948318,0.6084768701151261,0.7935716089521474,0,0
2023-02-08,C,44.82,49.08,15,25,0,0,Store,East,2023,2,2,39,2.714694743820879,3.802654468372781,3.8934516198427107,0.6220467484408675,0.7829801036770629,0,0
2023-02-09,C,36.53,37.15,22,25,1,0,Online,East,2023,2,3,40,3.095577608523707,3.5981338408071912,3.6149637711637683,0.6354323008901774,0.7721565844991642,0,0
2023-02-10,C,62.94,54.97,8,25,0,0,Online,South,2023,2,4,41,2.0918640616783932,4.142181891636261,4.006787581872569,0.6486295610349814,0.7611042586607747,0,0
2023-02-11,C,62.62,66.85,13,25,1,1,Online,North,2023,2,5,42,2.5726122302071057,4.1370847158982595,4.202451303547952,0.6616346182422783,0.7498264012045686,0,0
2023-02-12,C,55.29,54.75,12,25,0,1,Store,South,2023,2,6,43,2.4932054526026954,4.012592060349841,4.00277736869661,0.6744436188329455,0.7383263540031065,0,0
2023-02-13,C,46.15,47.34,16,25,1,0,Online,South,2023,2,0,44,2.7788192719904172,3.8318969609488613,3.857355604085838,0.6870527672236669,0.7266075247685656,0,0
2023-02-14,C,41.29,46.96,14,25,0,0,Online,South,2023,2,1,45,2.6461747973841225,3.720620339897999,3.849296175519841,0.6994583270516471,0.7146733860429609,0,0
2023-02-15,C,54.74,59.82,12,25,1,0,Store,South,2023,2,2,46,2.4932054526026954,4.002594703612533,4.091340053201802,0.7116566222817746,0.702527474169157,0,0
2023-02-16,C,56.91,50.48,8,25,0,0,Store,West,2023,2,3,47,2.0918640616783932,4.041471072615033,3.9215772182329576,0.7236440382959124,0.6901733882429719,0,0
2023-02-17,C,44.14,44.32,15,25,0,0,Online,East,2023,2,4,48,2.714694743820879,3.7873664008285903,3.7914360424390283,0.7354170229639855,0.6776147890466889,0,0
2023-02-18,C,53.45,48.92,12,25,0,1,Online,North,2023,2,5,49,2.4932054526026954,3.9787466374710543,3.890186310818972,0.7469720876965552,0.6648553979642865,0,0
2023-02-19,C,63.87,63.03,10,25,0,1,Store,East,2023,2,6,50,2.312535423847214,4.1568497675734974,4.143610803525019,0.7583058084785625,0.6518989958787126,0,0
2023-02-20,C,64.03,68.16,11,25,1,0,Online,South,2023,2,0,51,2.4069451083182885,4.159351723530711,4.221857882521061,0.7694148268839378,0.6387494220515272,0,0
2023-02-21,C,65.76,73.23,10,25,0,0,Online,South,2023,2,1,52,2.312535423847214,4.186011750747925,4.2936051730729785,0.7802958510707755,0.6254105729852463,0,0
2023-02-22,C,42.63,37.39,21,25,1,0,Online,South,2023,2,2,53,3.0492730404820207,3.752558230777119,3.6214032889890224,0.7909456567567772,0.6118864012687243,0,0
2023-02-23,C,41.09,46.53,16,25,0,0,Store,East,2023,2,3,54,2.7788192719904172,3.7157647828953184,3.8400972658565573,0.8013610881746766,0.5981809144059164,0,0
2023-02-24,C,53.98,46.89,10,25,0,0,Online,East,2023,2,4,55,2.312535423847214,3.9886136075898584,3.847804433101495,0.8115390590073611,0.5842981736283683,0,0
2023-02-25,C,67.04,64.94,9,25,0,1,Online,West,2023,2,5,56,2.2082744135228043,4.205289456173828,4.1734637666747,0.8214765533024142,0.5702422926917871,0,0
2023-02-26,C,55.44,51.07,14,25,0,1,Online,North,2023,2,6,57,2.6461747973841225,4.015301354881648,3.9331972406595526,0.8311706263658079,0.5560174366570446,0,0
2023-02-27,C,56.98,61.93,15,25,1,0,Online,South,2023,2,0,58,2.714694743820879,4.0427003290697625,4.1260047149499695,0.8406184056344782,0.5416278206559814,0,0
2023-02-28,C,30.39,30.63,23,25,0,0,Store,West,2023,2,1,59,3.139832617527748,3.414113606928702,3.421979920844684,0.8498170915275278,0.5270777086423722,0,0
2023-03-01,C,35.82,36.16,25,25,1,0,Online,East,2023,3,2,60,3.2228678461377385,3.578506396632566,3.5879535355239756,0.8587639582758029,0.5123714121284237,0,0
2023-03-02,C,30.0,26.01,22,25,0,0,Store,East,2023,3,3,61,3.095577608523707,3.4011973816621555,3.25848107946056,0.8674563547295968,0.49751328890718066,0,0
2023-03-03,C,47.44,45.98,16,25,1,0,Store,North,2023,3,4,62,2.7788192719904172,3.85946575468947,3.8282065193350356,0.8758917051442429,0.48250774176121847,0,0
2023-03-04,C,37.35,31.96,19,25,0,1,Store,South,2023,3,5,63,2.9496883350525844,3.6203329115788265,3.464485120898074,0.8840675099433636,0.46735921715800227,0,0
2023-03-05,C,59.45,58.13,11,25,0,1,Store,West,2023,3,6,64,2.4069451083182885,4.085135623136791,4.062681881713259,0.8919813464595485,0.45207220393230435,0,0
2023-03-06,C,69.4,66.65,9,25,0,0,Online,East,2023,3,0,65,2.2082744135228043,4.239886867512759,4.199455046624718,0.8996308696522433,0.43665123195606403,0,0
2023-03-07,C,49.83,44.35,14,25,1,0,Online,South,2023,3,1,66,2.6461747973841225,3.908617212293313,3.7921127087555884,0.9070138128026359,0.4211008707960896,0,0
2023-03-08,C,56.24,55.67,16,25,1,0,Store,West,2023,3,2,67,2.7788192719904172,4.029628247502409,4.019441402195416,0.9141279881853337,0.40542572835999735,0,0
2023-03-09,C,40.72,35.81,16,25,0,0,Store,South,2023,3,3,68,2.7788192719904172,3.7067193722422673,3.5782271840103412,0.9209712877166346,0.38963044953078796,0,0
2023-03-10,C,64.92,63.52,8,25,0,0,Store,North,2023,3,4,69,2.0918640616783932,4.17315574264639,4.1513548169388805,0.9275416835791966,0.37371971479046906,0,0
2023-03-11,C,55.22,56.38,15,25,0,1,Online,West,2023,3,5,70,2.714694743820879,4.011325206502009,4.032114485685967,0.9338372288229252,0.35769823883312546,0,0
2023-03-12,C,49.74,47.64,14,25,0,1,Store,North,2023,3,6,71,2.6461747973841225,3.9068094383752587,3.8636727444870993,0.9398560579418954,0.3415707691678556,0,0
2023-03-13,C,46.67,40.17,12,25,0,0,Store,East,2023,3,0,72,2.4932054526026954,3.8431015599617244,3.693120448371191,0.9455963874271426,0.3253420847119801,0,0
2023-03-14,C,36.01,36.43,19,25,0,0,Online,South,2023,3,1,73,2.9496883350525844,3.583796677660784,3.5953926110204724,0.9510565162951535,0.30901699437494745,0,0
2023-03-15,C,41.17,41.1,17,25,0,0,Online,West,2023,3,2,74,2.8390784635086144,3.7177098357818132,3.716008121502189,0.9562348265919056,0.29260033563334836,0,0
2023-03-16,C,54.58,46.94,12,25,0,0,Store,East,2023,3,3,75,2.4932054526026954,3.9996675152801924,3.8488701904228773,0.9611297838723007,0.27609697309746883,0,0
2023-03-17,C,60.3,63.85,15,25,1,0,Online,North,2023,3,4,76,2.714694743820879,4.09933210373314,4.156536582478548,0.9657399376548549,0.2595117970697999,0,0
2023-03-18,C,59.23,61.82,13,25,0,1,Online,North,2023,3,5,77,2.5726122302071057,4.0814281702888735,4.124226936703971,0.970063921851507,0.2428497220959356,0,0
2023-03-19,C,48.03,54.77,17,25,0,1,Online,East,2023,3,6,78,2.8390784635086144,3.871825815676733,4.00314259879563,0.9741004551724205,0.22611568550828828,0,0
2023-03-20,C,55.2,63.33,14,25,1,0,Store,West,2023,3,0,79,2.6461747973841225,4.01096295328305,4.148359150528339,0.9778483415056568,0.20931464596304847,0,0
2023-03-21,C,41.6,47.67,15,25,0,0,Store,North,2023,3,1,80,2.714694743820879,3.728100167267218,3.864302269216734,0.9813064702716093,0.19245158197082998,0,0
2023-03-22,C,32.54,34.64,27,25,1,0,Store,East,2023,3,2,81,3.299533727885655,3.482470101790892,3.5450090836942345,0.9844738167520922,0.1755314904214282,0,0
2023-03-23,C,67.85,70.39,10,25,0,0,Online,South,2023,3,3,82,2.312535423847214,4.217299386280878,4.25405120762004,0.9873494423939864,0.15855938510313478,0,0
2023-03-24,C,57.55,65.33,11,25,0,0,Store,North,2023,3,4,83,2.4069451083182885,4.0526541351678915,4.179451348852659,0.989932495087353,0.141540295217043,0,0
2023-03-25,C,36.04,39.23,23,25,0,1,Store,North,2023,3,5,84,3.139832617527748,3.584629432740137,3.6694417602214613,0.9922222094179323,0.12447926388678915,0,0
2023-03-26,C,54.59,60.31,16,25,0,1,Online,South,2023,3,6,85,2.7788192719904172,3.9998507157936665,4.099497927462895,0.994217906893952,0.10738134666416309,0,0
2023-03-27,C,51.48,51.17,14,25,0,0,Store,West,2023,3,0,86,2.6461747973841225,3.941193382727926,3.9351534228170006,0.995918996147179,0.09025161003104117,0,0
2023-03-28,C,57.48,56.2,12,25,0,0,Online,East,2023,3,1,87,2.4932054526026954,4.051437061210824,4.028916756899646,0.9973249731081555,0.07309512989807777,0,0
2023-03-29,C,42.7,39.11,18,25,1,0,Store,West,2023,3,2,88,2.89591193827178,3.754198920234579,3.666378188767423,0.9984354211555643,0.055916990100603484,0,0
2023-03-30,C,56.07,58.59,13,25,1,0,Store,East,2023,3,3,89,2.5726122302071057,4.026600910135581,4.070564033556697,0.9992500112396835,0.03872228089217446,0,0
2023-03-31,C,66.36,74.34,9,25,0,0,Online,East,2023,3,4,90,2.2082744135228043,4.195094465322244,4.308649164869106,0.9997685019798909,0.021516097436222254,0,0
2023-04-01,C,44.37,46.74,18,25,0,1,Online,East,2023,4,5,91,2.89591193827178,3.792563565390818,3.844600329110712,0.9999907397361901,0.004303538296244289,0,0
2023-04-02,C,58.23,55.6,12,25,0,1,Online,North,2023,4,6,92,2.4932054526026954,4.064400685849028,4.018183201256536,0.9999166586547379,-0.01291029607500882,0,0
2023-04-03,C,50.67,45.02,13,25,0,0,Online,West,2023,4,0,93,2.5726122302071057,3.9253340194878183,3.8071068354785864,0.9995462806873573,-0.030120304846908114,0,0
2023-04-04,C,44.06,41.46,11,25,0,0,Online,West,2023,4,1,94,2.4069451083182885,3.785552341374197,3.7247291070076334,0.9988797155850336,-0.04732138832243185,0,0
2023-04-05,C,39.33,33.92,17,25,0,0,Store,South,2023,4,2,95,2.8390784635086144,3.671987586443718,3.5240048109237025,0.9979171608653922,-0.06450844944931623,0,0
2023-04-06,C,66.62,60.49,9,25,0,0,Store,South,2023,4,3,96,2.2082744135228043,4.199004832765533,4.102478062118823,0.9966589017541702,-0.08167639533042241,0,0
2023-04-07,C,50.27,46.47,12,25,0,0,Online,South,2023,4,4,97,2.4932054526026954,3.917408477704484,3.8388069430968867,0.9951053111006976,-0.09882013873287143,0,0
2023-04-08,C,52.46,45.83,14,25,0,1,Store,West,2023,4,5,98,2.6461747973841225,3.9600509744387278,3.8249388985210326,0.9932568492674143,-0.11593459959550041,0,0
2023-04-09,C,33.95,30.7,26,25,0,1,Store,West,2023,4,6,99,3.261935314328648,3.5248888540047054,3.4242626545931514,0.9911140639934547,-0.1330147065341959,0,0
2023-04-10,C,53.53,58.16,14,25,0,0,Online,East,2023,4,0,100,2.6461747973841225,3.98024224440529,4.063197833225264,0.9886775902323405,-0.1500553983446526,0,0
2023-04-11,C,63.34,70.45,12,25,1,0,Online,South,2023,4,1,101,2.4932054526026954,4.148517041110494,4.254903238344689,0.9859481499638304,-0.16705162550211924,0,0
2023-04-12,C,47.24,41.78,16,25,1,0,Online,North,2023,4,2,102,2.7788192719904172,3.8552409913291616,3.7324177561284198,0.9829265519799822,-0.18399835165768005,0,0
2023-04-13,C,64.25,60.92,9,25,0,0,Store,West,2023,4,3,103,2.2082744135228043,4.162781723775329,4.109561528026961,0.9796136916454901,-0.20089055513063506,0,0
2023-04-14,C,58.75,55.32,11,25,0,0,Store,North,2023,4,4,104,2.4069451083182885,4.073291153024268,4.013134506796558,0.9760105506323683,-0.21772323039653177,0,0
2023-04-15,C,60.57,63.68,11,25,0,1,Store,North,2023,4,5,105,2.4069451083182885,4.103799720992856,4.1538705415361274,0.9721181966290613,-0.23449138957040985,0,0
2023-04-16,C,61.14,69.65,18,25,1,1,Online,East,2023,4,6,106,2.89591193827178,4.113166316462689,4.243482700225814,0.9679377830240642,-0.25119006388481935,0,0
2023-04-17,C,60.28,67.96,10,25,0,0,Online,South,2023,4,0,107,2.312535423847214,4.099000373758295,4.2189192968037315,0.9634705485641488,-0.2678143051621742,0,0
2023-04-18,C,62.78,68.33,10,25,0,0,Online,North,2023,4,1,108,2.312535423847214,4.139636551413807,4.224348908792687,0.9587178169872964,-0.2843591872810034,0,0
2023-04-19,C,43.87,38.15,14,25,0,0,Online,East,2023,4,2,109,2.6461747973841225,3.7812307151781224,3.641525757730466,0.9536809966304457,-0.30081980763566735,0,0
2023-04-20,C,48.97,44.04,11,25,0,0,Store,East,2023,4,3,110,2.4069451083182885,3.891207865714226,3.785098311854479,0.9483615800121715,-0.3171912885891061,0,0
2023-04-21,C,65.06,70.09,10,25,0,0,Online,West,2023,4,4,111,2.312535423847214,4.175309921045206,4.249780130512233,0.9427611433904207,-0.3334687789181868,0,0
2023-04-22,C,48.96,51.29,14,25,0,1,Online,North,2023,4,5,112,2.6461747973841225,3.8910036382040705,3.937495801401177,0.9368813462954315,-0.3496474552512284,0,0
2023-04-23,C,66.63,67.64,11,25,0,1,Online,South,2023,4,6,113,2.4069451083182885,4.199154926574446,4.21419952403038,0.9307239310379795,-0.36572252349726897,0,0
2023-04-24,C,60.68,55.72,11,25,0,0,Online,South,2023,4,0,114,2.4069451083182885,4.105614154480332,4.020339148911605,0.9242907221930934,-0.3816892202666588,0,0
2023-04-25,C,40.65,42.74,24,25,1,0,Store,West,2023,4,1,115,3.1822118404966093,3.7049988359938197,3.755135249891002,0.9175836260593937,-0.39754281428255595,0,0
2023-04-26,C,56.49,54.2,10,25,0,0,Online,North,2023,4,2,116,2.312535423847214,4.034063631337171,3.9926809084456005,0.9106046300942163,-0.4132786077829042,0,0
2023-04-27,C,53.75,57.64,11,25,0,0,Online,West,2023,4,3,117,2.4069451083182885,3.984343667007772,4.054216771131322,0.9033558023246845,-0.4288919379124835,0,0
2023-04-28,C,46.77,53.71,16,25,0,0,Online,North,2023,4,4,118,2.7788192719904172,3.845241971737795,3.983599203917368,0.895839290734909,-0.4443781781046132,0,0
2023-04-29,C,47.14,49.4,15,25,0,1,Online,East,2023,4,5,119,2.714694743820879,3.853121897507985,3.899950424193877,0.8880573226294932,-0.45973273945210397,0,0
2023-04-30,C,47.52,54.03,14,25,0,1,Store,South,2023,4,6,120,2.6461747973841225,3.8611506750543896,3.9895394478559743,0.8800122039735357,-0.47495107206704995,0,0
2023-05-01,C,45.6,49.23,13,25,0,0,Online,North,2023,5,0,121,2.5726122302071057,3.8199077165203406,3.8965031937701093,0.8717063187093218,-0.49002866642905923,0,0
2023-05-02,C,37.56,37.24,17,25,0,0,Online,West,2023,5,1,122,2.8390784635086144,3.6259396543400624,3.617383452408866,0.8631421280499114,-0.5049610547215204,0,0
2023-05-03,C,41.13,42.89,16,25,0,0,Online,North,2023,5,2,123,2.7788192719904172,3.716737782242333,3.758638698528789,0.854322169749827,-0.5197438121555155,0,0
2023-05-04,C,42.91,37.26,15,25,0,0,Store,East,2023,5,3,124,2.714694743820879,3.7591048990034333,3.6179203651734424,0.8452490573530633,-0.5343725582809787,0,0
2023-05-05,C,49.48,54.78,12,25,0,0,Online,East,2023,5,4,125,2.4932054526026954,3.901568547524287,4.0033251638349325,0.835925479418637,-0.548842958284719,0,0
2023-05-06,C,35.69,30.76,21,25,0,1,Online,West,2023,5,5,126,3.0492730404820207,3.574870537502069,3.4262151446374434,0.8263541987239096,-0.5631507242749186,0,0
2023-05-07,C,62.49,65.48,11,25,0,1,Store,East,2023,5,6,127,2.4069451083182885,4.135006543940991,4.181744752502934,0.8165380514459161,-0.5772916165517272,0,0
2023-05-08,C,58.33,63.78,13,25,0,0,Online,South,2023,5,0,128,2.5726122302071057,4.066116540765546,4.155439661581911,0.8064799463209448,-0.5912614448635781,0,0
2023-05-09,C,68.22,68.31,8,25,0,0,Online,East,2023,5,1,129,2.0918640616783932,4.2227377769905,4.224056168743758,0.7961828637826158,-0.6050560696488488,0,0
2023-05-10,C,45.33,42.95,11,25,0,0,Online,West,2023,5,2,130,2.4069451083182885,3.813969064952758,3.7600366484302645,0.7856498550787145,-0.6186714032625031,0,0
2023-05-11,C,45.23,47.84,13,25,0,0,Online,North,2023,5,3,131,2.5726122302071057,3.8117605834897517,3.867862109642376,0.7748840413670407,-0.6321034111873487,0,0
2023-05-12,C,55.28,50.81,11,25,0,0,Online,North,2023,5,4,132,2.4069451083182885,4.012411179459415,3.9280931856056407,0.7638886127905428,-0.6453481132295501,0,0
2023-05-13,C,50.05,48.01,16,25,0,1,Online,East,2023,5,5,133,2.7788192719904172,3.9130225057612296,3.8714093225428488,0.7526668275320084,-0.6584015846980488,0,0
2023-05-14,C,47.68,51.27,15,25,0,1,Store,North,2023,5,6,134,2.714694743820879,3.8645120227570944,3.9371057857956093,0.741222010848596,-0.6712599575675313,0,0
2023-05-15,C,50.3,55.65,14,25,0,0,Store,West,2023,5,0,135,2.6461747973841225,3.9180050771056933,4.019082077721554,0.7295575540864875,-0.6839194216246106,0,0
2023-05-16,C,43.09,39.94,16,25,0,0,Online,South,2023,5,1,136,2.7788192719904172,3.763290951627747,3.6873783279876693,0.717676913675962,-0.6963762255968722,0,0
2023-05-17,C,51.72,46.21,10,25,0,0,Online,North,2023,5,2,137,2.312535423847214,3.945844553903657,3.833196224882175,0.705583610107178,-0.7086266782644596,0,0
2023-05-18,C,70.56,70.46,10,25,1,0,Store,North,2023,5,3,138,2.312535423847214,4.256463411698536,4.255045172913092,0.6932812268869777,-0.7206671495538609,0,0
2023-05-19,C,38.54,42.47,14,25,0,0,Store,South,2023,5,4,139,2.6461747973841225,3.6516966629862204,3.74879794432518,0.6807734094770161,-0.7324940716135789,0,0
2023-05-20,C,49.19,46.33,15,25,1,1,Online,North,2023,5,5,140,2.714694743820879,3.8956903508072482,3.835789699428557,0.6680638642135335,-0.7441039398713607,0,0
2023-05-21,C,62.24,53.99,11,25,0,1,Store,South,2023,5,6,141,2.4069451083182885,4.130997879870137,3.9887988442301956,0.6551563572090853,-0.7554933140726803,0,0
2023-05-22,C,47.81,43.57,12,25,0,0,Online,East,2023,5,0,142,2.4932054526026954,3.867234822638012,3.774368840129351,0.6420547132365637,-0.766658819300159,0,0
2023-05-23,C,42.57,48.4,15,25,0,0,Online,West,2023,5,1,143,2.714694743820879,3.751149779840061,3.879499813722586,0.6287628145958344,-0.777597146973627,0,0
2023-05-24,C,61.08,62.35,8,25,0,0,Store,East,2023,5,2,144,2.0918640616783932,4.1121844803504315,4.132763672126045,0.6152845999633276,-0.7883050558305255,0,0
2023-05-25,C,50.39,43.67,11,25,0,0,Store,West,2023,5,3,145,2.4069451083182885,3.9197927426925068,3.7766613674974696,0.6016240632249226,-0.7987793728863649,0,0
2023-05-26,C,42.97,47.57,14,25,0,0,Online,North,2023,5,4,146,2.6461747973841225,3.7605021977869035,3.8622023104441903,0.5877852522924732,-0.8090169943749473,0,0
2023-05-27,C,49.22,54.11,14,25,0,1,Store,North,2023,5,5,147,2.6461747973841225,3.89630004496291,3.991019011654644,0.5737722679043246,-0.8190148866680801,0,0
2023-05-28,C,58.46,65.21,13,25,0,1,Store,East,2023,5,6,148,2.5726122302071057,4.0683427596831,4.177612831405111,0.5595892624101765,-0.8287700871745037,0,0
2023-05-29,C,33.18,31.93,20,25,0,0,Store,South,2023,5,0,149,3.0007198150650303,3.5019472847622986,3.4635460067266908,0.545240438540651,-0.8382797052177743,0,0
2023-05-30,C,51.46,51.58,9,25,0,0,Online,North,2023,5,1,150,2.2082744135228043,3.940804806853598,3.9431340004531985,0.5307300481619334,-0.8475409228928311,0,0
2023-05-31,C,40.24,43.59,18,25,0,0,Online,South,2023,5,2,151,2.89591193827178,3.6948615257914836,3.774827766250301,0.5160623910158528,-0.8565509959010036,0,0
2023-06-01,C,55.96,53.01,12,25,1,0,Online,North,2023,6,3,152,2.4932054526026954,4.024637149797281,3.9704805749997147,0.5012418134457758,-0.865307254363206,0,0
2023-06-02,C,47.79,42.88,9,25,0,0,Store,South,2023,6,4,153,2.2082744135228043,3.866816412590067,3.7584055167625467,0.48627270710869,-0.8738071036110808,0,0
2023-06-03,C,47.56,53.99,14,25,0,1,Store,South,2023,6,5,154,2.6461747973841225,3.861992071822581,3.9887988442301956,0.4711595076738638,-0.8820480249558537,0,0
2023-06-04,C,39.12,42.7,17,25,0,1,Online,North,2023,6,6,155,2.8390784635086144,3.6666338451666167,3.754198920234579,0.4559066935084588,-0.8900275764346767,0,0
2023-06-05,C,55.36,63.16,10,25,0,0,Online,North,2023,6,0,156,2.312535423847214,4.0138573113094145,4.145671189387441,0.440518784350495,-0.8977433935342337,0,0
2023-06-06,C,62.22,61.03,8,25,0,0,Store,East,2023,6,1,157,2.0918640616783932,4.130676491469491,4.111365546556404,0.42500033996955416,-0.9051931898913974,0,0
2023-06-07,C,49.32,51.22,11,25,0,0,Online,East,2023,6,2,158,2.4069451083182885,3.8983296782961436,3.9361300807713793,0.4093559588156213,-0.9123747579707273,0,0
2023-06-08,C,52.45,51.85,11,25,0,0,Online,West,2023,6,3,159,2.4069451083182885,3.9598603348423063,3.948354934675536,0.39359027665646673,-0.9192859697186104,0,0
2023-06-09,C,53.36,61.33,9,25,0,0,Online,South,2023,6,4,160,2.2082744135228043,3.977061401607368,4.116269119637892,0.3777079652039649,-0.9259247771938498,0,0
2023-06-10,C,59.98,68.79,10,25,0,1,Online,West,2023,6,5,161,2.312535423847214,4.094011173320863,4.2310583855379225,0.36171373072976765,-0.9322892131745133,0,0
2023-06-11,C,36.53,40.0,17,25,0,1,Store,East,2023,6,6,162,2.8390784635086144,3.5981338408071912,3.6888794541139363,0.3456123126707335,-0.9383773917408641,0,0
2023-06-12,C,52.73,53.35,11,25,0,0,Online,North,2023,6,0,163,2.4069451083182885,3.9651845535423784,3.976873977747762,0.3294084822245304,-0.9441875088341993,0,0
2023-06-13,C,64.27,64.05,9,25,1,0,Online,South,2023,6,1,164,2.2082744135228043,4.163092959383195,4.1596640283427435,0.3131070409358269,-0.9497178427914316,0,0
2023-06-14,C,42.59,39.17,14,25,0,0,Online,East,2023,6,2,165,2.6461747973841225,3.751619483935122,3.66791114767774,0.29671281927349075,-0.9549667548552551,0,0
2023-06-15,C,73.19,80.76,7,25,1,0,Store,North,2023,6,3,166,1.9600947840472698,4.293058799613136,4.391481793444637,0.28023067519921585,-0.9599326896597447,0,0
2023-06-16,C,50.85,53.48,9,25,0,0,Online,East,2023,6,4,167,2.2082744135228043,3.928880122494569,3.9793077522337423,0.26366549272800704,-0.9646141756912435,0,0
2023-06-17,C,56.72,51.53,12,25,1,1,Store,East,2023,6,5,168,2.4932054526026954,4.038126882223872,3.942164162340133,0.24702218048093552,-0.9690098257244062,0,0
2023-06-18,C,60.29,65.35,11,25,1,1,Online,West,2023,6,6,169,2.4069451083182885,4.099166252501314,4.179757440070231,0.23030567023061221,-0.9731183372332619,0,0
2023-06-19,C,39.71,44.93,14,25,0,0,Online,North,2023,6,0,170,2.6461747973841225,3.6816030451431603,3.8051057230820686,0.21352091543979612,-0.9769384927771817,0,0
2023-06-20,C,50.21,50.07,11,25,0,0,Store,West,2023,6,1,171,2.4069451083182885,3.916214210046614,3.9134220263418533,0.19667288979357647,-0.980469160361632,0,0
2023-06-21,C,53.5,57.12,9,25,0,0,Store,West,2023,6,2,172,2.2082744135228043,3.979681653901961,4.0451543180313285,0.1797665857255624,-0.9837092937736097,0,0
2023-06-22,C,58.28,60.94,9,25,0,0,Online,North,2023,6,3,173,2.2082744135228043,4.065258981327004,4.109889773557563,0.16280701293851715,-0.986657932891657,0,0
2023-06-23,C,62.76,53.93,8,25,0,0,Online,East,2023,6,4,174,2.0918640616783932,4.139317927864832,3.9876869093491356,0.1457991969198751,-0.9893142039703663,0,0
2023-06-24,C,38.95,36.78,14,25,0,1,Store,East,2023,6,5,175,2.6461747973841225,3.6622787723167574,3.604954219176175,0.12874817745258132,-0.99167731989929,0,0
2023-06-25,C,45.31,45.04,12,25,0,1,Online,West,2023,6,6,176,2.4932054526026954,3.813527758679047,3.807550983831435,0.11165900712169512,-0.993746580436178,0,0
2023-06-26,C,42.53,38.16,11,25,0,0,Online,East,2023,6,0,177,2.4069451083182885,3.750209709265542,3.6417878465800855,0.09453674981719912,-0.9955213724144752,0,0
2023-06-27,C,30.56,26.8,16,25,0,0,Store,West,2023,6,1,178,2.7788192719904172,3.4196919642983197,3.288401887516811,0.07738647923346301,-0.9970011699250151,0,0
2023-06-28,C,40.74,41.31,10,25,0,0,Store,East,2023,6,2,179,2.312535423847214,3.70721041079866,3.721104601408673,0.06021327736579302,-0.9981855344718586,0,0
2023-06-29,C,30.0,25.58,15,25,0,0,Online,East,2023,6,3,180,2.714694743820879,3.4011973816621555,3.2418107961506966,0.04302223300453059,-0.99907411510223,0,0
2023-06-30,C,34.82,37.68,16,25,0,0,Online,East,2023,6,4,181,2.7788192719904172,3.550191934340043,3.629129449708162,0.02581844022713308,-0.9996666485105112,0,0
2023-07-01,C,50.62,47.68,11,25,0,1,Online,East,2023,7,5,182,2.4069451083182885,3.9243467551169777,3.8645120227570944,0.008606996888688698,-0.9999629591162655,0,0
2023-07-02,C,55.79,59.69,9,25,0,1,Online,South,2023,7,6,183,2.2082744135228043,4.021594641857437,4.089164502180559,-0.008606996888688009,-0.9999629591162655,0,0
2023-07-03,C,42.21,46.63,11,25,0,0,Online,West,2023,7,0,184,2.4069451083182885,3.7426571597944074,3.8422441108202294,-0.02581844022713239,-0.9996666485105112,0,0
2023-07-04,C,54.46,56.54,7,25,0,0,Store,South,2023,7,1,185,1.9600947840472698,3.9974664872456134,4.034948352265444,-0.04302223300453034,-0.99907411510223,0,0
2023-07-05,C,45.16,39.28,9,25,0,0,Store,West,2023,7,2,186,2.2082744135228043,3.810211739281461,3.670715483486265,-0.060213277365792774,-0.9981855344718586,0,0
2023-07-06,C,33.54,33.62,14,25,0,0,Store,West,2023,7,3,187,2.6461747973841225,3.5127387563950627,3.5151211279804695,-0.07738647923346322,-0.9970011699250151,0,0
2023-07-07,C,56.65,60.58,7,25,0,0,Online,East,2023,7,4,188,1.9600947840472698,4.036891987474015,4.103964805599091,-0.09453674981719933,-0.9955213724144752,0,0
2023-07-08,C,54.83,56.45,12,25,1,1,Online,South,2023,7,5,189,2.4932054526026954,4.004237489415957,4.033355290595671,-0.11165900712169444,-0.9937465804361781,0,0
2023-07-09,C,44.59,38.3,11,25,0,1,Online,South,2023,7,6,190,2.4069451083182885,3.7975096186393853,3.6454498961866,-0.12874817745258066,-0.99167731989929,0,0
2023-07-10,C,49.14,56.38,9,25,0,0,Store,North,2023,7,0,191,2.2082744135228043,3.894673367093033,4.032114485685967,-0.14579919691987442,-0.9893142039703664,0,0
2023-07-11,C,45.35,48.92,10,25,0,0,Store,North,2023,7,1,192,2.312535423847214,3.814410176561146,3.890186310818972,-0.16280701293851646,-0.9866579328916572,0,0
2023-07-12,C,55.57,57.54,7,25,0,0,Online,East,2023,7,2,193,1.9600947840472698,4.01764348729183,4.052480358123402,-0.17976658572556214,-0.9837092937736098,0,0
2023-07-13,C,59.39,66.91,6,25,0,0,Online,East,2023,7,3,194,1.8082887711792655,4.0841258620277685,4.2033484327947255,-0.19667288979357622,-0.9804691603616321,0,0
2023-07-14,C,30.0,29.08,20,25,1,0,Online,West,2023,7,4,195,3.0007198150650303,3.4011973816621555,3.3700506526653187,-0.2135209154397959,-0.9769384927771817,0,0
2023-07-15,C,57.87,56.94,7,25,0,1,Store,North,2023,7,5,196,1.9600947840472698,4.058199115585747,4.041998081849892,-0.23030567023061196,-0.973118337233262,0,0
2023-07-16,C,48.77,46.47,11,25,1,1,Store,South,2023,7,6,197,2.4069451083182885,3.887115369721961,3.8388069430968867,-0.24702218048093527,-0.9690098257244063,0,0
2023-07-17,C,48.4,55.03,10,25,1,0,Online,East,2023,7,0,198,2.312535423847214,3.879499813722586,4.007878491071668,-0.2636654927280072,-0.9646141756912435,0,0
2023-07-18,C,48.72,48.78,10,25,1,0,Store,South,2023,7,1,199,2.312535423847214,3.8860896234016415,3.887320392787774,-0.2802306751992161,-0.9599326896597445,0,0
2023-07-19,C,67.01,63.66,7,25,1,0,Online,South,2023,7,2,200,1.9600947840472698,4.20484186198508,4.1535564218539465,-0.2967128192734901,-0.9549667548552553,0,0
2023-07-20,C,48.0,48.05,9,25,0,0,Store,West,2023,7,3,201,2.2082744135228043,3.871201010907891,3.8722421354163012,-0.3131070409358267,-0.9497178427914317,0,0
2023-07-21,C,55.9,62.8,6,25,0,0,Store,East,2023,7,4,202,1.8082887711792655,4.023564380161053,4.139955073474153,-0.3294084822245302,-0.9441875088341994,0,0
2023-07-22,C,32.07,28.55,15,25,0,1,Online,South,2023,7,5,203,2.714694743820879,3.4679210137050633,3.351656936102019,-0.3456123126707333,-0.9383773917408642,0,0
2023-07-23,C,45.44,50.99,11,25,0,1,Store,North,2023,7,6,204,2.4069451083182885,3.816392774412896,3.9316295350670645,-0.3617137307297674,-0.9322892131745134,0,0
2023-07-24,C,31.38,35.0,13,25,0,0,Store,North,2023,7,0,205,2.5726122302071057,3.4461707473048864,3.5553480614894135,-0.37770796520396466,-0.9259247771938499,0,0
2023-07-25,C,61.06,66.38,7,25,1,0,Store,North,2023,7,1,206,1.9600947840472698,4.111856987306732,4.195395806291828,-0.39359027665646645,-0.9192859697186105,0,0
2023-07-26,C,42.07,45.6,13,25,1,0,Store,East,2023,7,2,207,2.5726122302071057,3.7393348976024297,3.8199077165203406,-0.4093559588156211,-0.9123747579707274,0,0
2023-07-27,C,45.38,38.96,7,25,0,0,Online,East,2023,7,3,208,1.9600947840472698,3.8150714793516958,3.6625354787743345,-0.42500033996955394,-0.9051931898913975,0,0
2023-07-28,C,49.69,51.11,8,25,0,0,Store,North,2023,7,4,209,2.0918640616783932,3.905803705614229,3.933980172780188,-0.4405187843504952,-0.8977433935342336,0,0
2023-07-29,C,49.37,43.84,8,25,0,1,Online,West,2023,7,5,210,2.0918640616783932,3.8993429522707714,3.7805466426397603,-0.455906693508459,-0.8900275764346766,0,0
2023-07-30,C,50.11,55.08,9,25,0,1,Online,West,2023,7,6,211,2.2082744135228043,3.914220588971633,4.008786673860454,-0.47115950767386394,-0.8820480249558535,0,0
2023-07-31,C,53.19,56.87,8,25,0,0,Online,South,2023,7,0,212,2.0918640616783932,3.9738704087542263,4.040767961318708,-0.4862727071086902,-0.8738071036110807,0,0
2023-08-01,C,54.37,50.33,7,25,0,0,Online,North,2023,8,1,213,1.9600947840472698,3.995812531157829,3.9186013207882686,-0.5012418134457756,-0.8653072543632061,0,0
2023-08-02,C,38.23,35.44,12,25,1,0,Online,North,2023,8,2,214,2.4932054526026954,3.6436205477083212,3.56784112573688,-0.5160623910158526,-0.8565509959010037,0,0
2023-08-03,C,45.65,51.11,7,25,0,0,Store,North,2023,8,3,215,1.9600947840472698,3.8210036070409776,3.933980172780188,-0.5307300481619331,-0.8475409228928312,0,0
2023-08-04,C,36.18,31.48,9,25,0,0,Online,South,2023,8,4,216,2.2082744135228043,3.588506479967149,3.4493524235492026,-0.5452404385406507,-0.8382797052177745,0,0
2023-08-05,C,56.14,56.84,9,25,1,1,Online,South,2023,8,5,217,2.2082744135228043,4.027848570933736,4.0402403032289,-0.5595892624101763,-0.828770087174504,0,0
2023-08-06,C,57.89,50.36,6,25,0,1,Online,North,2023,8,6,218,1.8082887711792655,4.058544658090914,3.9191972091761462,-0.5737722679043243,-0.8190148866680802,0,0
2023-08-07,C,53.4,55.48,9,25,1,0,Store,West,2023,8,0,219,2.2082744135228043,3.977810745966149,4.016022595446631,-0.5877852522924734,-0.8090169943749472,0,0
2023-08-08,C,58.91,54.37,6,25,0,0,Store,South,2023,8,1,220,1.8082887711792655,4.076010855533596,3.995812531157829,-0.6016240632249227,-0.7987793728863648,0,0
2023-08-09,C,43.1,40.18,7,25,0,0,Online,South,2023,8,2,221,1.9600947840472698,3.763522997109702,3.6933693593867885,-0.6152845999633277,-0.7883050558305253,0,0
2023-08-10,C,40.79,41.71,10,25,0,0,Online,West,2023,8,3,222,2.312535423847214,3.708436953329467,3.730740908208854,-0.6287628145958345,-0.7775971469736268,0,0
2023-08-11,C,46.1,43.98,7,25,0,0,Online,West,2023,8,4,223,1.9600947840472698,3.8308129500026027,3.783734985126615,-0.6420547132365636,-0.7666588193001592,0,0
2023-08-12,C,41.22,42.59,9,25,0,1,Store,East,2023,8,5,224,2.2082744135228043,3.718923575462313,3.751619483935122,-0.655156357209085,-0.7554933140726804,0,0
2023-08-13,C,35.35,38.92,13,25,0,1,Online,South,2023,8,6,225,2.5726122302071057,3.565298392342582,3.6615082573178044,-0.6680638642135333,-0.7441039398713608,0,0
2023-08-14,C,47.17,45.9,7,25,0,0,Store,South,2023,8,0,226,1.9600947840472698,3.8537580972961702,3.8264651170664994,-0.6807734094770159,-0.7324940716135792,0,0
2023-08-15,C,31.46,33.04,12,25,0,0,Online,East,2023,8,1,227,2.4932054526026954,3.4487168976301317,3.497718948652777,-0.6932812268869771,-0.7206671495538615,0,0
2023-08-16,C,55.3,55.16,7,25,0,0,Online,North,2023,8,2,228,1.9600947840472698,4.012772908528289,4.010238052925101,-0.7055836101071774,-0.7086266782644601,0,0
2023-08-17,C,49.64,54.42,7,25,0,0,Online,North,2023,8,3,229,1.9600947840472698,3.9047969603364066,3.9967317333551002,-0.7176769136759615,-0.6963762255968726,0,0
2023-08-18,C,68.98,61.92,4,25,0,0,Store,East,2023,8,4,230,1.410986973710262,4.233816607508695,4.125843229281472,-0.7295575540864876,-0.6839194216246105,0,0
2023-08-19,C,30.0,32.82,14,25,0,1,Store,East,2023,8,5,231,2.6461747973841225,3.4011973816621555,3.4910380856619447,-0.7412220108485957,-0.6712599575675315,0,0
2023-08-20,C,51.66,55.42,8,25,0,1,Online,East,2023,8,6,232,2.0918640616783932,3.9446837876676946,4.014940539434832,-0.7526668275320083,-0.6584015846980489,0,0
2023-08-21,C,49.59,42.58,7,25,0,0,Online,West,2023,8,0,233,1.9600947840472698,3.9037892005010426,3.7513846594653333,-0.7638886127905429,-0.64534811322955,0,0
2023-08-22,C,30.0,28.17,12,25,0,0,Store,South,2023,8,1,234,2.4932054526026954,3.4011973816621555,3.338257581888281,-0.7748840413670406,-0.6321034111873488,0,0
2023-08-23,C,69.05,60.66,4,25,0,0,Store,West,2023,8,2,235,1.410986973710262,4.234830879855301,4.105284502260435,-0.7856498550787144,-0.6186714032625032,0,0
2023-08-24,C,63.72,57.23,5,25,0,0,Online,East,2023,8,3,236,1.62924053973028,4.154498485041848,4.047078236421011,-0.7961828637826154,-0.6050560696488494,0,0
2023-08-25,C,53.12,49.28,8,25,1,0,Online,West,2023,8,4,237,2.0918640616783932,3.9725535051681784,3.8975183192252643,-0.8064799463209447,-0.5912614448635782,0,0
2023-08-26,C,59.16,62.74,6,25,0,1,Online,East,2023,8,5,238,1.8082887711792655,4.080245637842599,4.138999202762532,-0.8165380514459157,-0.5772916165517278,0,0
2023-08-27,C,51.85,51.56,6,25,0,1,Online,East,2023,8,6,239,1.8082887711792655,3.948354934675536,3.9427461780709865,-0.8263541987239095,-0.5631507242749187,0,0
2023-08-28,C,37.5,34.62,9,25,0,0,Store,West,2023,8,0,240,2.2082744135228043,3.624340932976365,3.544431549748063,-0.8359254794186365,-0.5488429582847199,0,0
2023-08-29,C,52.12,46.23,6,25,0,0,Store,North,2023,8,1,241,1.8082887711792655,3.953548752256644,3.833628938000134,-0.8452490573530634,-0.5343725582809785,0,0
2023-08-30,C,38.45,43.82,10,25,0,0,Online,West,2023,8,2,242,2.312535423847214,3.649358695951653,3.7800903341673204,-0.8543221697498269,-0.5197438121555157,0,0
2023-08-31,C,61.87,53.7,5,25,0,0,Online,West,2023,8,3,243,1.62924053973028,4.125035409542898,3.983413001514819,-0.8631421280499115,-0.5049610547215202,0,0
2023-09-01,C,46.62,47.36,8,25,0,0,Online,East,2023,9,4,244,2.0918640616783932,3.842029633607611,3.8577779905757503,-0.8717063187093218,-0.4900286664290594,0,0
2023-09-02,C,46.7,49.87,9,25,0,1,Online,West,2023,9,5,245,2.2082744135228043,3.8437441646748516,3.9094196195580313,-0.8800122039735356,-0.4749510720670502,0,0
2023-09-03,C,64.44,60.21,7,25,1,1,Online,East,2023,9,6,246,1.9600947840472698,4.165734558308774,4.097838451476356,-0.888057322629493,-0.4597327394521046,0,0
2023-09-04,C,45.67,40.48,6,25,0,0,Store,North,2023,9,0,247,1.8082887711792655,3.821441627196908,3.70080802497921,-0.8958392907349089,-0.44437817810461344,0,0
2023-09-05,C,49.16,56.33,7,25,0,0,Online,North,2023,9,1,248,1.9600947840472698,3.895080284697834,4.031227252906622,-0.9033558023246842,-0.4288919379124841,0,0
2023-09-06,C,50.94,57.47,7,25,0,0,Online,East,2023,9,2,249,1.9600947840472698,3.930648469551311,4.05126307251965,-0.9106046300942162,-0.41327860778290443,0,0
2023-09-07,C,37.51,42.56,8,25,0,0,Store,West,2023,9,3,250,2.0918640616783932,3.624607564093796,3.750914845033389,-0.9175836260593934,-0.3975428142825566,0,0
2023-09-08,C,67.0,59.7,6,25,0,0,Online,South,2023,9,4,251,1.8082887711792655,4.204692619390966,4.089332020398556,-0.9242907221930934,-0.3816892202666586,0,0
2023-09-09,C,41.2,43.73,12,25,1,1,Online,North,2023,9,5,252,2.4932054526026954,3.7184382563554808,3.778034365424829,-0.9307239310379793,-0.3657225234972692,0,0
2023-09-10,C,44.99,39.83,10,25,1,1,Store,East,2023,9,6,253,2.312535423847214,3.806440242853081,3.684620397193553,-0.9368813462954315,-0.34964745525122826,0,0
2023-09-11,C,50.72,43.57,9,25,1,0,Store,North,2023,9,0,254,2.2082744135228043,3.9263203101289705,3.774368840129351,-0.9427611433904206,-0.33346877891818705,0,0
2023-09-12,C,46.36,41.05,6,25,0,0,Online,East,2023,9,1,255,1.8082887711792655,3.836437018471551,3.714790835898437,-0.9483615800121716,-0.31719128858910595,0,0
2023-09-13,C,30.0,34.1,11,25,0,0,Store,South,2023,9,2,256,2.4069451083182885,3.4011973816621555,3.529297384289471,-0.9536809966304455,-0.300819807635668,0,0
2023-09-14,C,65.86,60.24,5,25,1,0,Store,North,2023,9,3,257,1.62924053973028,4.187531276948218,4.098336583491638,-0.9587178169872964,-0.2843591872810036,0,0
2023-09-15,C,68.59,75.71,4,25,0,0,Online,East,2023,9,4,258,1.410986973710262,4.22814675151123,4.326910252115215,-0.9634705485641486,-0.26781430516217486,0,0
2023-09-16,C,46.13,42.29,8,25,0,1,Online,West,2023,9,5,259,2.0918640616783932,3.8314634975697293,3.7445506514843974,-0.9679377830240642,-0.25119006388481957,0,0
2023-09-17,C,53.36,50.63,6,25,0,1,Store,West,2023,9,6,260,1.8082887711792655,3.977061401607368,3.924544285981818,-0.9721181966290612,-0.23449138957041052,0,0
2023-09-18,C,33.03,32.63,11,25,0,0,Online,South,2023,9,0,261,2.4069451083182885,3.4974162394026984,3.4852321106052293,-0.9760105506323682,-0.21772323039653224,0,0
2023-09-19,C,43.57,50.05,7,25,0,0,Online,East,2023,9,1,262,1.9600947840472698,3.774368840129351,3.9130225057612296,-0.9796136916454901,-0.20089055513063528,0,0
2023-09-20,C,34.82,34.45,8,25,0,0,Online,South,2023,9,2,263,2.0918640616783932,3.550191934340043,3.539508997459668,-0.9829265519799822,-0.18399835165767986,0,0
2023-09-21,C,55.63,58.61,7,25,1,0,Store,North,2023,9,3,264,1.9600947840472698,4.018722624087202,4.070905330488338,-0.9859481499638303,-0.1670516255021195,0,0
2023-09-22,C,49.04,56.15,7,25,0,0,Online,West,2023,9,4,265,1.9600947840472698,3.892636291627956,4.0280266811844525,-0.9886775902323404,-0.15005539834465262,0,0
2023-09-23,C,48.29,54.68,8,25,0,1,Online,North,2023,9,5,266,2.0918640616783932,3.8772244998854504,4.001498011855749,-0.9911140639934546,-0.13301470653419636,0,0
2023-09-24,C,59.72,60.78,6,25,0,1,Online,South,2023,9,6,267,1.8082887711792655,4.089666972670989,4.107260787488647,-0.9932568492674143,-0.11593459959550066,0,0
2023-09-25,C,50.79,52.4,6,25,0,0,Online,South,2023,9,0,268,1.8082887711792655,3.9276994848131537,3.9589065913269965,-0.9951053111006974,-0.09882013873287211,0,0
2023-09-26,C,46.8,53.24,6,25,0,0,Online,East,2023,9,1,269,1.8082887711792655,3.845883202923601,3.974809993526911,-0.99665890175417,-0.08167639533042288,0,0
2023-09-27,C,44.88,46.16,7,25,0,0,Online,West,2023,9,2,270,1.9600947840472698,3.803992261214441,3.832113622199844,-0.9979171608653922,-0.06450844944931625,0,0
2023-09-28,C,43.52,47.33,7,25,0,0,Store,South,2023,9,3,271,1.9600947840472698,3.773220602547687,3.8571443439181565,-0.9988797155850335,-0.04732138832243232,0,0
2023-09-29,C,58.88,62.71,5,25,0,0,Store,North,2023,9,4,272,1.62924053973028,4.075501474420621,4.138520924554929,-0.9995462806873573,-0.03012030484690836,0,0
2023-09-30,C,53.59,58.88,8,25,0,1,Store,South,2023,9,5,273,2.0918640616783932,3.981362483506759,4.075501474420621,-0.9999166586547379,-0.012910296075008843,0,0
2023-10-01,C,64.2,68.72,6,25,0,1,Store,North,2023,10,6,274,1.8082887711792655,4.162003210695915,4.230040277676,-0.9999907397361901,0.004303538296243821,0,0
2023-10-02,C,61.82,70.82,5,25,0,0,Online,South,2023,10,0,275,1.62924053973028,4.124226936703971,4.2601414466837575,-0.9997685019798909,0.021516097436222233,0,0
2023-10-03,C,30.0,26.74,14,25,1,0,Online,East,2023,10,1,276,2.6461747973841225,3.4011973816621555,3.286160571673797,-0.9992500112396835,0.03872228089217399,0,0
2023-10-04,C,65.08,73.92,6,25,1,0,Online,East,2023,10,2,277,1.8082887711792655,4.175617282350837,4.302983427333428,-0.9984354211555643,0.05591699010060302,0,0
2023-10-05,C,43.63,46.18,7,25,0,0,Store,East,2023,10,3,278,1.9600947840472698,3.775744987135518,3.8325468039263493,-0.9973249731081555,0.07309512989807776,0,0
2023-10-06,C,63.06,56.6,4,25,0,0,Store,South,2023,10,4,279,1.410986973710262,4.144086654116915,4.036008985209137,-0.9959189961471792,0.0902516100310407,0,0
2023-10-07,C,54.42,49.86,6,25,0,1,Online,West,2023,10,5,280,1.8082887711792655,3.9967317333551002,3.9092190780954117,-0.994217906893952,0.10738134666416306,0,0
2023-10-08,C,55.51,53.2,6,25,0,1,Online,South,2023,10,6,281,1.8082887711792655,4.01656318470207,3.9740583963475986,-0.9922222094179324,0.12447926388678869,0,0
2023-10-09,C,46.98,51.73,7,25,0,0,Store,North,2023,10,0,282,1.9600947840472698,3.849721979230767,3.9460378840154235,-0.989932495087353,0.141540295217043,0,0
2023-10-10,C,50.28,52.23,7,25,1,0,Store,West,2023,10,1,283,1.9600947840472698,3.917607383722047,3.955657042448207,-0.9873494423939864,0.15855938510313475,0,0
2023-10-11,C,67.79,64.26,4,25,0,0,Store,South,2023,10,2,284,1.410986973710262,4.216414691442874,4.162937353687712,-0.9844738167520923,0.17553149042142777,0,0
2023-10-12,C,46.01,41.13,5,25,0,0,Store,East,2023,10,3,285,1.62924053973028,3.8288587641673772,3.716737782242333,-0.9813064702716093,0.19245158197082995,0,0
2023-10-13,C,51.21,54.04,6,25,0,0,Store,West,2023,10,4,286,1.8082887711792655,3.935934825474459,3.989724513091998,-0.9778483415056568,0.20931464596304888,0,0
2023-10-14,C,57.61,62.24,7,25,0,1,Store,East,2023,10,5,287,1.9600947840472698,4.053696163744291,4.130997879870137,-0.9741004551724206,0.22611568550828803,0,0
2023-10-15,C,56.08,54.71,6,25,0,1,Online,North,2023,10,6,288,1.8082887711792655,4.0267792427263345,4.002046508075734,-0.970063921851507,0.2428497220959358,0,0
2023-10-16,C,48.92,47.69,7,25,1,0,Online,West,2023,10,0,289,1.9600947840472698,3.890186310818972,3.864721732310133,-0.965739937654855,0.25951179706979943,0,0
2023-10-17,C,31.22,30.49,14,25,1,0,Store,South,2023,10,1,290,2.6461747973841225,3.441058915087286,3.4173987610001633,-0.9611297838723007,0.27609697309746883,0,0
2023-10-18,C,59.12,67.93,7,25,1,0,Store,East,2023,10,2,291,1.9600947840472698,4.079569276639947,4.218477763203211,-0.9562348265919058,0.2926003356333479,0,0
2023-10-19,C,45.91,47.76,9,25,1,0,Online,South,2023,10,3,292,2.2082744135228043,3.826682958261131,3.8661884690843467,-0.9510565162951536,0.30901699437494723,0,0
2023-10-20,C,57.91,66.54,6,25,0,0,Store,West,2023,10,4,293,1.8082887711792655,4.058890081237698,4.197803270590331,-0.9455963874271428,0.3253420847119795,0,0
2023-10-21,C,49.64,53.05,9,25,1,1,Store,East,2023,10,5,294,2.2082744135228043,3.9047969603364066,3.971234865059992,-0.9398560579418953,0.341570769167856,0,0
2023-10-22,C,49.92,56.87,8,25,0,1,Online,South,2023,10,6,295,2.0918640616783932,3.9104217240611723,4.040767961318708,-0.9338372288229252,0.35769823883312546,0,0
2023-10-23,C,36.25,40.23,10,25,0,0,Online,North,2023,10,0,296,2.312535423847214,3.590439381300684,3.694612985961697,-0.9275416835791965,0.3737197147904692,0,0
2023-10-24,C,58.57,61.88,7,25,1,0,Online,West,2023,10,1,297,1.9600947840472698,4.070222620101691,4.125197025704866,-0.9209712877166346,0.38963044953078774,0,0
2023-10-25,C,48.02,49.47,6,25,0,0,Online,West,2023,10,2,298,1.8082887711792655,3.8716175907931074,3.901366425239617,-0.9141279881853337,0.4054257283599973,0,0
2023-10-26,C,43.93,45.91,8,25,0,0,Online,South,2023,10,3,299,2.0918640616783932,3.782597457987688,3.826682958261131,-0.9070138128026362,0.42110087079608916,0,0
2023-10-27,C,54.33,61.11,6,25,1,0,Online,East,2023,10,4,300,1.8082887711792655,3.9950765605634317,4.1126755189068245,-0.8996308696522434,0.4366512319560638,0,0
2023-10-28,C,53.57,57.38,9,25,1,1,Online,East,2023,10,5,301,2.2082744135228043,3.980989209892869,4.049695810553219,-0.8919813464595487,0.45207220393230374,0,0
2023-10-29,C,48.38,49.56,9,25,1,1,Online,West,2023,10,6,302,2.2082744135228043,3.8790865051818813,3.9031840567609417,-0.8840675099433637,0.46735921715800205,0,0
2023-10-30,C,54.51,47.37,5,25,0,0,Online,West,2023,10,0,303,1.62924053973028,3.9983841710761894,3.85798911693566,-0.8758917051442433,0.48250774176121763,0,0
2023-10-31,C,49.09,48.56,6,25,0,0,Online,South,2023,10,1,304,1.8082887711792655,3.893655348069961,3.8828001467512427,-0.867456354729597,0.4975132889071803,0,0
2023-11-01,C,54.15,50.69,6,25,0,0,Online,South,2023,11,2,305,1.8082887711792655,3.9917579734469997,3.925728652484258,-0.858763958275803,0.5123714121284235,0,0
2023-11-02,C,50.93,48.18,6,25,0,0,Store,East,2023,11,3,306,1.8082887711792655,3.9304521408965134,3.874943997186725,-0.8498170915275277,0.5270777086423724,0,0
2023-11-03,C,46.18,47.71,9,25,1,0,Online,East,2023,11,4,307,2.2082744135228043,3.8325468039263493,3.8651410195280156,-0.8406184056344783,0.5416278206559811,0,0
2023-11-04,C,52.45,50.89,6,25,0,1,Online,South,2023,11,5,308,1.8082887711792655,3.9598603348423063,3.9296664406007413,-0.8311706263658079,0.5560174366570446,0,0
2023-11-05,C,67.0,72.58,6,25,0,1,Online,East,2023,11,6,309,1.8082887711792655,4.204692619390966,4.284689401784925,-0.8214765533024145,0.5702422926917867,0,0
2023-11-06,C,61.06,56.71,5,25,0,0,Online,South,2023,11,0,310,1.62924053973028,4.111856987306732,4.037950562025936,-0.8115390590073611,0.5842981736283683,0,0
2023-11-07,C,55.79,54.49,4,25,0,0,Store,West,2023,11,1,311,1.410986973710262,4.021594641857437,3.998017198595007,-0.8013610881746769,0.5981809144059159,0,0
2023-11-08,C,49.9,50.35,7,25,0,0,Online,West,2023,11,2,312,1.9600947840472698,3.910021002757473,3.9189986191645714,-0.7909456567567774,0.6118864012687242,0,0
2023-11-09,C,30.0,25.57,11,25,0,0,Online,South,2023,11,3,313,2.4069451083182885,3.4011973816621555,3.2414197893030954,-0.780295851070776,0.6254105729852457,0,0
2023-11-10,C,51.56,58.5,7,25,0,0,Online,West,2023,11,4,314,1.9600947840472698,3.9427461780709865,4.069026754237811,-0.7694148268839381,0.6387494220515268,0,0
2023-11-11,C,46.93,40.28,9,25,0,1,Store,West,2023,11,5,315,2.2082744135228043,3.8486571298063263,3.6958550678503617,-0.7583058084785625,0.6518989958787125,0,0
2023-11-12,C,50.07,52.28,8,25,0,1,Online,East,2023,11,6,316,2.0918640616783932,3.9134220263418533,3.956613888756021,-0.7469720876965551,0.6648553979642867,0,0
2023-11-13,C,50.4,45.74,7,25,0,0,Online,East,2023,11,0,317,1.9600947840472698,3.919991175077323,3.822973188594635,-0.7354170229639858,0.6776147890466887,0,0
2023-11-14,C,47.43,45.31,7,25,0,0,Online,North,2023,11,1,318,1.9600947840472698,3.85925493988949,3.813527758679047,-0.7236440382959123,0.690173388242972,0,0
2023-11-15,C,47.34,51.22,7,25,0,0,Store,West,2023,11,2,319,1.9600947840472698,3.857355604085838,3.9361300807713793,-0.7116566222817751,0.7025274741691566,0,0
2023-11-16,C,54.53,60.91,7,25,0,0,Online,North,2023,11,3,320,1.9600947840472698,3.9987510089379703,4.109397364848393,-0.6994583270516471,0.7146733860429608,0,0
2023-11-17,C,46.09,43.59,7,25,0,0,Online,East,2023,11,4,321,1.9600947840472698,3.830596006732417,3.774827766250301,-0.6870527672236675,0.726607524768565,0,0
2023-11-18,C,59.68,62.76,7,25,1,1,Online,West,2023,11,5,322,1.9600947840472698,4.088996955895506,4.139317927864832,-0.6744436188329457,0.7383263540031063,0,0
2023-11-19,C,50.46,46.52,8,25,1,1,Store,West,2023,11,6,323,2.0918640616783932,3.921180943212912,3.839882327650464,-0.661634618242279,0.749826401204568,0,0
2023-11-20,C,51.4,46.91,7,25,0,0,Online,South,2023,11,0,324,1.9600947840472698,3.9396381724611196,3.8482308723403666,-0.6486295610349818,0.7611042586607742,0,0
2023-11-21,C,68.13,61.29,4,25,0,0,Store,East,2023,11,1,325,1.410986973710262,4.221417644785577,4.11561669749764,-0.6354323008901775,0.7721565844991641,0,0
2023-11-22,C,30.0,31.89,12,25,0,0,Online,South,2023,11,2,326,2.4932054526026954,3.4011973816621555,3.4622924810219664,-0.622046748440868,0.7829801036770625,0,0
2023-11-23,C,67.05,70.72,7,25,1,0,Online,North,2023,11,3,327,1.9600947840472698,4.205438609727688,4.258728418329388,-0.6084768701151264,0.7935716089521472,0,0
2023-11-24,C,48.74,41.8,7,25,0,0,Store,East,2023,11,4,328,1.9600947840472698,3.8865000481970604,3.7328963395307104,-0.594726686960764,0.8039279618328208,0,0
2023-11-25,C,58.88,60.77,7,25,0,1,Store,West,2023,11,5,329,1.9600947840472698,4.075501474420621,4.107096246147264,-0.5808002734538014,0.8140460935082175,0,0
2023-11-26,C,63.44,55.76,6,25,0,1,Online,North,2023,11,6,330,1.8082887711792655,4.150094577326593,4.0210567664522685,-0.5667017562911184,0.8239230057575536,0,0
2023-11-27,C,40.8,37.04,11,25,1,0,Online,East,2023,11,0,331,2.4069451083182885,3.708682081410116,3.6119984097779785,-0.5524353131676203,0.8335557718385695,0,0
2023-11-28,C,46.34,45.36,7,25,0,0,Online,East,2023,11,1,332,1.9600947840472698,3.8360055190042304,3.8146306594194965,-0.5380051715382992,0.8429415373547832,0,0
2023-11-29,C,48.52,54.8,9,25,0,0,Store,South,2023,11,2,333,2.2082744135228043,3.8819760840758493,4.00369019395397,-0.5234156073655503,0.8520775211013093,0,0
2023-11-30,C,66.05,73.79,6,25,1,0,Online,East,2023,11,3,334,1.8082887711792655,4.190412030968334,4.301223221070275,-0.5086709438521042,0.8609610158889945,0,0
2023-12-01,C,47.22,50.4,9,25,0,0,Online,North,2023,12,4,335,2.2082744135228043,3.8548175316573667,3.919991175077323,-0.4937755501599774,0.8695893893466109,0,0
2023-12-02,C,56.59,53.01,7,25,0,1,Store,East,2023,12,5,336,1.9600947840472698,4.035832291154432,3.9704805749997147,-0.4787338401157883,0.8779600847008883,0,0
2023-12-03,C,42.31,40.38,10,25,0,1,Store,North,2023,12,6,337,2.312535423847214,3.7450234647319762,3.6983346128846915,-0.4635502709028512,0.8860706215341377,0,0
2023-12-04,C,48.27,53.89,8,25,0,0,Online,West,2023,12,0,338,2.0918640616783932,3.8768102496724017,3.9869449319454056,-0.4482293417404106,0.893918596519257,0,0
2023-12-05,C,51.57,55.49,8,25,0,0,Online,South,2023,12,1,339,2.0918640616783932,3.9429401080628677,4.01620282433781,-0.4327755925504317,0.9015016841318838,0,0
2023-12-06,C,64.59,60.04,8,25,1,0,Online,North,2023,12,2,340,2.0918640616783932,4.168059600044382,4.095011006765261,-0.41719360261231697,0.9088176373395028,0,0
2023-12-07,C,59.36,54.1,7,25,0,0,Online,West,2023,12,3,341,1.9600947840472698,4.083620598859125,3.9908341858524357,-0.4014879892059737,0.9158642882672868,0,0
2023-12-08,C,33.32,35.05,16,25,1,0,Online,East,2023,12,4,342,2.7788192719904172,3.506157817298642,3.5567756134805992,-0.38566340624360745,0.9226395488404875,0,0
2023-12-09,C,44.19,38.6,10,25,0,1,Online,West,2023,12,5,343,2.312535423847214,3.7884985191426486,3.653252276470785,-0.3697245428906732,0.9291414114031743,0,0
2023-12-10,C,48.13,54.18,8,25,0,1,Online,West,2023,12,6,344,2.0918640616783932,3.873905683315018,3.992311836656949,-0.3536761221763721,0.935367949313148,0,0
2023-12-11,C,51.38,48.06,11,25,1,0,Online,East,2023,12,0,345,2.4069451083182885,3.9392489916817377,3.872450230308323,-0.33752289959411347,0.941317317512847,0,0
2023-12-12,C,36.45,41.06,11,25,0,0,Store,South,2023,12,1,346,2.4069451083182885,3.5959414584546674,3.7150344115907874,-0.32126966169236515,0.946987753076075,0,0
2023-12-13,C,30.0,30.8,15,25,0,0,Online,North,2023,12,2,347,2.714694743820879,3.4011973816621555,3.427514689979529,-0.3049212246562894,0.9523775757303973,0,0
2023-12-14,C,46.14,43.44,9,25,0,0,Store,East,2023,12,3,348,2.2082744135228043,3.8316802527456075,3.77138067562568,-0.2884824328806098,0.9574851883550389,0,0
2023-12-15,C,52.66,46.54,9,25,1,0,Online,North,2023,12,4,349,2.2082744135228043,3.9638561540681634,3.8403121578741457,-0.27195815753410524,0.9623090774541487,0,0
2023-12-16,C,44.0,42.59,16,25,1,1,Store,South,2023,12,5,350,2.7788192719904172,3.784189633918261,3.751619483935122,-0.2553532951161881,0.9668478136052773,0,0
2023-12-17,C,44.76,49.64,16,25,1,1,Online,West,2023,12,6,351,2.7788192719904172,3.8013148834437245,3.9047969603364066,-0.23867276600594997,0.9711000518829505,0,0
2023-12-18,C,36.45,39.5,10,25,0,0,Store,South,2023,12,0,352,2.312535423847214,3.5959414584546674,3.676300671907076,-0.22192151300416674,0.9750645322571945,0,0
2023-12-19,C,39.34,35.45,13,25,1,0,Store,South,2023,12,1,353,2.5726122302071057,3.672241812960913,3.5681232529781366,-0.20510449986861926,0.9787400799669153,0,0
2023-12-20,C,41.07,38.49,10,25,0,0,Online,South,2023,12,2,354,2.312535423847214,3.7152779279684673,3.6503984672956546,-0.1882267098432439,0.9821256058680006,0,0
2023-12-21,C,46.28,52.57,12,25,1,0,Online,East,2023,12,3,355,2.4932054526026954,3.834709902325476,3.9621456148313565,-0.1712931441814778,0.9852201067560606,0,0
2023-12-22,C,48.27,54.2,11,25,0,0,Online,East,2023,12,4,356,2.4069451083182885,3.8768102496724017,3.9926809084456005,-0.154308820664281,0.9880226656636976,0,0
2023-12-23,C,46.1,40.06,11,25,0,1,Online,North,2023,12,5,357,2.4069451083182885,3.8308129500026027,3.6903783302376723,-0.13727877211326517,0.9905324521322227,0,0
2023-12-24,C,48.49,55.51,11,25,0,1,Store,East,2023,12,6,358,2.4069451083182885,3.881357591117261,4.01656318470207,-0.12020804489935275,0.9927487224577402,0,0
2023-12-25,C,66.34,65.68,7,25,0,0,Store,North,2023,12,0,359,1.9600947840472698,4.1947930335189065,4.184794465144173,-0.10310169744743544,0.9946708199115211,0,0
2023-12-26,C,38.04,39.2,14,25,1,0,Store,North,2023,12,1,360,2.6461747973841225,3.6386382376771897,3.6686767467964168,-0.0859647987374467,0.9962981749346077,0,0
2023-12-27,C,42.16,41.73,10,25,0,0,Online,North,2023,12,2,361,2.312535423847214,3.741471904233107,3.731220294603461,-0.06880242680232064,0.9976303053065857,0,0
2023-12-28,C,35.89,35.89,10,25,0,0,Online,West,2023,12,3,362,2.312535423847214,3.580458705159516,3.580458705159516,-0.05161966722325418,0.9986668162884759,0,0
2023-12-29,C,49.48,48.54,7,25,0,0,Store,North,2023,12,4,363,1.9600947840472698,3.901568547524287,3.8823882002984553,-0.034421611622745804,0.9994074007397048,0,0
2023-12-30,C,44.73,44.24,11,25,0,1,Store,North,2023,12,5,364,2.4069451083182885,3.8006444174447567,3.7896293572140793,-0.01721335615583528,0.9998518392091162,0,0
2023-12-31,C,30.0,29.04,18,25,0,1,Online,West,2023,12,6,365,2.89591193827178,3.4011973816621555,3.3686741899565953,6.432490598706546e-16,1.0,0,0
