date,product_id,price,competitor_price,quantity_sold,cost_per_unit,promotion_flag,is_weekend,channel,region,year,month,day_of_week,day_of_year
2021-01-01,A,107.45,114.93,8,60,0,0,Online,East,2021,1,4,1
2021-01-02,A,98.58,93.66,8,60,0,1,Store,North,2021,1,5,2
2021-01-03,A,91.29,82.62,9,60,0,1,Online,West,2021,1,6,3
2021-01-04,A,100.33,97.32,8,60,0,0,Store,East,2021,1,0,4
2021-01-05,A,121.98,110.99,7,60,0,0,Online,East,2021,1,1,5
2021-01-06,A,106.26,104.68,8,60,0,0,Store,South,2021,1,2,6
2021-01-07,A,91.0,80.01,10,60,0,0,Online,East,2021,1,3,7
2021-01-08,A,116.95,105.49,7,60,0,0,Online,West,2021,1,4,8
2021-01-09,A,103.13,104.58,8,60,0,1,Store,South,2021,1,5,9
2021-01-10,A,72.0,81.22,12,60,0,1,Online,South,2021,1,6,10
2021-01-11,A,84.86,79.04,10,60,1,0,Online,West,2021,1,0,11
2021-01-12,A,77.35,72.62,11,60,0,0,Online,North,2021,1,1,12
2021-01-13,A,89.85,76.52,12,60,1,0,Store,East,2021,1,2,13
2021-01-14,A,107.14,120.84,10,60,0,0,Store,North,2021,1,3,14
2021-01-15,A,77.38,67.25,12,60,0,0,Online,East,2021,1,4,15
2021-01-16,A,76.39,77.79,14,60,0,1,Store,East,2021,1,5,16
2021-01-17,A,105.42,113.99,12,60,0,1,Online,East,2021,1,6,17
2021-01-18,A,97.74,89.0,10,60,1,0,Online,North,2021,1,0,18
2021-01-19,A,113.55,105.01,8,60,0,0,Store,West,2021,1,1,19
2021-01-20,A,102.04,108.0,12,60,1,0,Store,South,2021,1,2,20
2021-01-21,A,113.73,124.09,9,60,0,0,Store,East,2021,1,3,21
2021-01-22,A,88.39,84.58,12,60,1,0,Online,East,2021,1,4,22
2021-01-23,A,119.11,132.0,9,60,0,1,Online,North,2021,1,5,23
2021-01-24,A,129.18,120.24,8,60,0,1,Online,West,2021,1,6,24
2021-01-25,A,128.29,123.04,9,60,1,0,Store,South,2021,1,0,25
2021-01-26,A,116.3,104.02,11,60,1,0,Online,South,2021,1,1,26
2021-01-27,A,90.11,84.13,13,60,1,0,Online,South,2021,1,2,27
2021-01-28,A,72.0,73.14,15,60,0,0,Online,West,2021,1,3,28
2021-01-29,A,111.87,107.43,8,60,0,0,Store,East,2021,1,4,29
2021-01-30,A,107.69,96.4,11,60,0,1,Store,East,2021,1,5,30
2021-01-31,A,125.6,107.38,9,60,0,1,Online,West,2021,1,6,31
2021-02-01,A,106.42,117.2,7,60,0,0,Store,South,2021,2,0,32
2021-02-02,A,112.2,122.88,8,60,0,0,Online,South,2021,2,1,33
2021-02-03,A,115.01,104.27,9,60,0,0,Store,West,2021,2,2,34
2021-02-04,A,109.26,95.63,10,60,0,0,Store,West,2021,2,3,35
2021-02-05,A,72.25,81.79,19,60,1,0,Online,South,2021,2,4,36
2021-02-06,A,127.99,133.82,10,60,0,1,Store,North,2021,2,5,37
2021-02-07,A,80.05,76.84,14,60,0,1,Store,West,2021,2,6,38
2021-02-08,A,86.99,83.53,12,60,0,0,Online,South,2021,2,0,39
2021-02-09,A,99.83,111.99,11,60,0,0,Online,North,2021,2,1,40
2021-02-10,A,96.03,87.25,13,60,0,0,Online,East,2021,2,2,41
2021-02-11,A,99.83,93.22,13,60,1,0,Store,North,2021,2,3,42
2021-02-12,A,98.14,111.88,15,60,1,0,Store,East,2021,2,4,43
2021-02-13,A,85.76,79.8,13,60,0,1,Online,South,2021,2,5,44
2021-02-14,A,102.6,104.75,12,60,0,1,Store,South,2021,2,6,45
2021-02-15,A,80.41,75.48,12,60,0,0,Store,North,2021,2,0,46
2021-02-16,A,85.61,80.31,17,60,1,0,Store,North,2021,2,1,47
2021-02-17,A,89.01,75.79,11,60,0,0,Online,West,2021,2,2,48
2021-02-18,A,114.31,127.68,10,60,0,0,Online,South,2021,2,3,49
2021-02-19,A,128.34,121.73,8,60,0,0,Store,South,2021,2,4,50
2021-02-20,A,93.78,80.77,16,60,1,1,Online,West,2021,2,5,51
2021-02-21,A,114.5,106.65,13,60,1,1,Online,South,2021,2,6,52
2021-02-22,A,100.68,101.91,10,60,0,0,Store,North,2021,2,0,53
2021-02-23,A,98.39,96.43,10,60,0,0,Online,South,2021,2,1,54
2021-02-24,A,88.42,79.76,14,60,0,0,Online,South,2021,2,2,55
2021-02-25,A,102.76,103.27,11,60,0,0,Online,North,2021,2,3,56
2021-02-26,A,77.21,73.87,13,60,0,0,Online,South,2021,2,4,57
2021-02-27,A,110.49,105.39,12,60,0,1,Store,South,2021,2,5,58
2021-02-28,A,123.15,106.35,12,60,0,1,Store,South,2021,2,6,59
2021-03-01,A,147.81,155.96,8,60,0,0,Store,South,2021,3,0,60
2021-03-02,A,101.05,114.39,11,60,0,0,Online,West,2021,3,1,61
2021-03-03,A,103.4,113.35,11,60,0,0,Store,West,2021,3,2,62
2021-03-04,A,92.7,87.67,15,60,1,0,Online,South,2021,3,3,63
2021-03-05,A,99.57,105.34,10,60,0,0,Store,West,2021,3,4,64
2021-03-06,A,112.19,104.86,12,60,0,1,Store,West,2021,3,5,65
2021-03-07,A,124.16,110.29,11,60,0,1,Online,East,2021,3,6,66
2021-03-08,A,123.29,132.71,9,60,0,0,Store,South,2021,3,0,67
2021-03-09,A,72.0,67.63,15,60,0,0,Online,North,2021,3,1,68
2021-03-10,A,104.86,119.04,11,60,0,0,Store,North,2021,3,2,69
2021-03-11,A,103.03,104.69,10,60,0,0,Store,West,2021,3,3,70
2021-03-12,A,89.51,90.84,13,60,0,0,Store,East,2021,3,4,71
2021-03-13,A,113.33,125.81,16,60,1,1,Online,West,2021,3,5,72
2021-03-14,A,92.93,81.36,18,60,1,1,Online,North,2021,3,6,73
2021-03-15,A,95.24,106.89,13,60,0,0,Online,West,2021,3,0,74
2021-03-16,A,72.0,80.78,19,60,0,0,Online,North,2021,3,1,75
2021-03-17,A,121.66,130.45,8,60,0,0,Store,East,2021,3,2,76
2021-03-18,A,107.79,122.74,13,60,0,0,Online,West,2021,3,3,77
2021-03-19,A,72.0,78.53,22,60,1,0,Online,East,2021,3,4,78
2021-03-20,A,101.04,115.99,15,60,0,1,Online,West,2021,3,5,79
2021-03-21,A,89.47,102.78,14,60,0,1,Online,East,2021,3,6,80
2021-03-22,A,132.85,123.97,8,60,0,0,Online,South,2021,3,0,81
2021-03-23,A,88.65,84.93,12,60,0,0,Online,East,2021,3,1,82
2021-03-24,A,72.0,78.78,17,60,0,0,Online,South,2021,3,2,83
2021-03-25,A,125.27,141.02,8,60,0,0,Store,East,2021,3,3,84
2021-03-26,A,117.69,134.9,10,60,0,0,Online,East,2021,3,4,85
2021-03-27,A,117.3,119.73,11,60,0,1,Online,East,2021,3,5,86
2021-03-28,A,98.37,109.13,18,60,1,1,Store,South,2021,3,6,87
2021-03-29,A,102.5,109.45,13,60,0,0,Online,North,2021,3,0,88
2021-03-30,A,83.99,95.43,14,60,0,0,Online,North,2021,3,1,89
2021-03-31,A,72.0,79.16,16,60,0,0,Store,West,2021,3,2,90
2021-04-01,A,115.4,112.06,10,60,0,0,Online,East,2021,4,3,91
2021-04-02,A,108.91,118.87,16,60,1,0,Store,South,2021,4,4,92
2021-04-03,A,115.88,112.13,10,60,0,1,Store,West,2021,4,5,93
2021-04-04,A,72.0,80.87,23,60,0,1,Online,North,2021,4,6,94
2021-04-05,A,99.78,92.54,12,60,0,0,Store,North,2021,4,0,95
2021-04-06,A,82.78,84.76,13,60,0,0,Online,East,2021,4,1,96
2021-04-07,A,105.5,95.43,10,60,0,0,Store,East,2021,4,2,97
2021-04-08,A,107.02,110.29,11,60,0,0,Store,South,2021,4,3,98
2021-04-09,A,87.77,76.94,12,60,0,0,Online,South,2021,4,4,99
2021-04-10,A,81.72,71.73,14,60,0,1,Store,West,2021,4,5,100
2021-04-11,A,98.32,107.35,14,60,0,1,Online,East,2021,4,6,101
2021-04-12,A,112.0,103.13,10,60,0,0,Online,South,2021,4,0,102
2021-04-13,A,112.77,126.14,10,60,0,0,Online,North,2021,4,1,103
2021-04-14,A,94.63,91.71,13,60,0,0,Store,West,2021,4,2,104
2021-04-15,A,90.3,80.0,14,60,1,0,Online,West,2021,4,3,105
2021-04-16,A,120.15,119.41,9,60,0,0,Store,East,2021,4,4,106
2021-04-17,A,93.39,82.96,16,60,0,1,Online,South,2021,4,5,107
2021-04-18,A,78.77,78.73,18,60,0,1,Store,North,2021,4,6,108
2021-04-19,A,90.24,81.76,12,60,0,0,Online,East,2021,4,0,109
2021-04-20,A,111.96,95.35,13,60,1,0,Online,South,2021,4,1,110
2021-04-21,A,107.92,109.76,11,60,0,0,Online,West,2021,4,2,111
2021-04-22,A,86.35,92.47,14,60,0,0,Store,South,2021,4,3,112
2021-04-23,A,109.58,98.22,9,60,0,0,Online,North,2021,4,4,113
2021-04-24,A,88.78,90.07,12,60,0,1,Online,West,2021,4,5,114
2021-04-25,A,90.97,95.92,16,60,0,1,Online,West,2021,4,6,115
2021-04-26,A,119.33,105.25,12,60,1,0,Store,South,2021,4,0,116
2021-04-27,A,105.57,119.45,11,60,0,0,Online,West,2021,4,1,117
2021-04-28,A,108.69,116.86,11,60,0,0,Store,North,2021,4,2,118
2021-04-29,A,108.15,108.9,12,60,0,0,Store,North,2021,4,3,119
2021-04-30,A,92.49,98.42,18,60,1,0,Store,North,2021,4,4,120
2021-05-01,A,100.28,92.22,18,60,1,1,Online,South,2021,5,5,121
2021-05-02,A,72.0,68.39,19,60,0,1,Store,West,2021,5,6,122
2021-05-03,A,107.64,108.72,15,60,1,0,Store,South,2021,5,0,123
2021-05-04,A,112.42,121.82,11,60,0,0,Online,South,2021,5,1,124
2021-05-05,A,107.18,102.11,13,60,1,0,Online,West,2021,5,2,125
2021-05-06,A,133.86,133.95,8,60,0,0,Online,West,2021,5,3,126
2021-05-07,A,114.46,119.3,11,60,0,0,Online,East,2021,5,4,127
2021-05-08,A,117.73,133.94,12,60,0,1,Online,East,2021,5,5,128
2021-05-09,A,109.82,98.4,11,60,0,1,Online,North,2021,5,6,129
2021-05-10,A,113.02,116.17,9,60,0,0,Store,North,2021,5,0,130
2021-05-11,A,103.25,92.49,11,60,0,0,Store,South,2021,5,1,131
2021-05-12,A,95.06,85.52,10,60,0,0,Store,North,2021,5,2,132
2021-05-13,A,100.84,103.6,12,60,0,0,Online,North,2021,5,3,133
2021-05-14,A,109.24,112.64,9,60,0,0,Online,South,2021,5,4,134
2021-05-15,A,96.55,92.12,13,60,0,1,Online,East,2021,5,5,135
2021-05-16,A,107.08,96.33,9,60,0,1,Online,North,2021,5,6,136
2021-05-17,A,127.73,109.08,9,60,0,0,Online,West,2021,5,0,137
2021-05-18,A,134.15,148.66,7,60,0,0,Online,East,2021,5,1,138
2021-05-19,A,89.84,96.57,12,60,0,0,Store,West,2021,5,2,139
2021-05-20,A,133.85,128.94,9,60,1,0,Online,North,2021,5,3,140
2021-05-21,A,96.18,96.88,12,60,0,0,Online,South,2021,5,4,141
2021-05-22,A,94.65,89.95,12,60,0,1,Store,South,2021,5,5,142
2021-05-23,A,112.5,109.42,9,60,0,1,Online,South,2021,5,6,143
2021-05-24,A,96.15,97.64,12,60,0,0,Online,East,2021,5,0,144
2021-05-25,A,92.13,96.35,12,60,0,0,Online,West,2021,5,1,145
2021-05-26,A,100.2,109.42,13,60,1,0,Store,South,2021,5,2,146
2021-05-27,A,90.14,100.86,10,60,0,0,Online,East,2021,5,3,147
2021-05-28,A,104.95,111.38,13,60,1,0,Store,East,2021,5,4,148
2021-05-29,A,89.43,91.86,11,60,0,1,Store,South,2021,5,5,149
2021-05-30,A,90.59,100.4,14,60,0,1,Store,West,2021,5,6,150
2021-05-31,A,114.58,124.88,9,60,0,0,Online,South,2021,5,0,151
2021-06-01,A,113.05,109.74,10,60,0,0,Store,South,2021,6,1,152
2021-06-02,A,100.28,90.4,10,60,0,0,Online,South,2021,6,2,153
2021-06-03,A,120.2,120.13,8,60,0,0,Online,South,2021,6,3,154
2021-06-04,A,92.96,79.33,10,60,0,0,Store,South,2021,6,4,155
2021-06-05,A,86.4,89.85,14,60,0,1,Online,North,2021,6,5,156
2021-06-06,A,72.39,72.8,13,60,0,1,Online,East,2021,6,6,157
2021-06-07,A,96.62,108.67,11,60,0,0,Store,South,2021,6,0,158
2021-06-08,A,131.22,148.42,7,60,0,0,Online,West,2021,6,1,159
2021-06-09,A,81.52,89.87,14,60,1,0,Store,East,2021,6,2,160
2021-06-10,A,117.24,103.4,7,60,0,0,Store,North,2021,6,3,161
2021-06-11,A,111.52,110.17,10,60,0,0,Online,West,2021,6,4,162
2021-06-12,A,83.68,85.95,13,60,0,1,Online,East,2021,6,5,163
2021-06-13,A,103.26,90.46,14,60,1,1,Store,East,2021,6,6,164
2021-06-14,A,108.4,114.65,12,60,1,0,Online,North,2021,6,0,165
2021-06-15,A,120.32,104.14,8,60,0,0,Online,West,2021,6,1,166
2021-06-16,A,112.28,96.58,8,60,0,0,Online,West,2021,6,2,167
2021-06-17,A,97.06,105.66,8,60,0,0,Online,East,2021,6,3,168
2021-06-18,A,114.07,98.23,7,60,0,0,Online,West,2021,6,4,169
2021-06-19,A,115.28,116.33,9,60,0,1,Online,East,2021,6,5,170
2021-06-20,A,106.19,115.45,8,60,0,1,Store,West,2021,6,6,171
2021-06-21,A,115.15,112.3,7,60,0,0,Store,East,2021,6,0,172
2021-06-22,A,101.23,114.57,10,60,0,0,Store,West,2021,6,1,173
2021-06-23,A,99.64,102.05,8,60,0,0,Online,South,2021,6,2,174
2021-06-24,A,74.77,80.1,9,60,0,0,Online,South,2021,6,3,175
2021-06-25,A,111.79,119.02,7,60,0,0,Online,North,2021,6,4,176
2021-06-26,A,99.48,96.03,10,60,0,1,Online,South,2021,6,5,177
2021-06-27,A,90.27,92.67,14,60,1,1,Store,West,2021,6,6,178
2021-06-28,A,134.65,121.2,7,60,1,0,Online,West,2021,6,0,179
2021-06-29,A,92.85,102.06,9,60,0,0,Online,North,2021,6,1,180
2021-06-30,A,90.65,98.26,8,60,0,0,Online,East,2021,6,2,181
2021-07-01,A,101.45,104.41,7,60,0,0,Online,East,2021,7,3,182
2021-07-02,A,111.94,100.32,10,60,1,0,Online,West,2021,7,4,183
2021-07-03,A,72.0,67.1,11,60,0,1,Online,South,2021,7,5,184
2021-07-04,A,104.29,109.14,9,60,0,1,Online,West,2021,7,6,185
2021-07-05,A,96.47,97.41,10,60,1,0,Online,West,2021,7,0,186
2021-07-06,A,72.0,74.0,12,60,1,0,Online,South,2021,7,1,187
2021-07-07,A,116.56,124.73,7,60,0,0,Store,West,2021,7,2,188
2021-07-08,A,112.31,118.96,7,60,0,0,Store,South,2021,7,3,189
2021-07-09,A,102.92,117.17,8,60,0,0,Store,South,2021,7,4,190
2021-07-10,A,94.45,101.34,8,60,0,1,Store,South,2021,7,5,191
2021-07-11,A,87.84,79.75,10,60,0,1,Online,North,2021,7,6,192
2021-07-12,A,79.6,82.8,10,60,0,0,Store,South,2021,7,0,193
2021-07-13,A,117.8,113.98,6,60,0,0,Store,South,2021,7,1,194
2021-07-14,A,102.63,89.33,7,60,0,0,Store,South,2021,7,2,195
2021-07-15,A,96.49,83.69,8,60,0,0,Store,South,2021,7,3,196
2021-07-16,A,91.62,98.71,8,60,0,0,Online,South,2021,7,4,197
2021-07-17,A,117.05,108.36,7,60,0,1,Online,South,2021,7,5,198
2021-07-18,A,81.55,88.76,10,60,0,1,Online,South,2021,7,6,199
2021-07-19,A,89.15,79.29,10,60,1,0,Store,West,2021,7,0,200
2021-07-20,A,109.75,107.11,6,60,0,0,Online,North,2021,7,1,201
2021-07-21,A,72.3,68.41,9,60,0,0,Store,East,2021,7,2,202
2021-07-22,A,101.11,97.12,8,60,1,0,Online,West,2021,7,3,203
2021-07-23,A,93.72,82.22,7,60,0,0,Online,South,2021,7,4,204
2021-07-24,A,109.64,97.51,8,60,0,1,Store,East,2021,7,5,205
2021-07-25,A,97.58,82.98,7,60,0,1,Store,West,2021,7,6,206
2021-07-26,A,79.63,79.43,8,60,0,0,Online,North,2021,7,0,207
2021-07-27,A,78.2,89.56,10,60,0,0,Online,South,2021,7,1,208
2021-07-28,A,93.22,96.01,5,60,0,0,Store,North,2021,7,2,209
2021-07-29,A,114.1,101.98,6,60,0,0,Online,East,2021,7,3,210
2021-07-30,A,136.03,144.29,5,60,0,0,Online,West,2021,7,4,211
2021-07-31,A,100.94,112.52,7,60,0,1,Store,South,2021,7,5,212
2021-08-01,A,84.98,86.7,8,60,0,1,Store,South,2021,8,6,213
2021-08-02,A,101.53,115.28,6,60,0,0,Store,North,2021,8,0,214
2021-08-03,A,127.18,141.33,6,60,0,0,Store,South,2021,8,1,215
2021-08-04,A,94.97,99.55,8,60,0,0,Online,South,2021,8,2,216
2021-08-05,A,131.13,132.17,5,60,0,0,Online,South,2021,8,3,217
2021-08-06,A,125.98,125.2,6,60,0,0,Online,South,2021,8,4,218
2021-08-07,A,84.53,91.87,8,60,0,1,Online,South,2021,8,5,219
2021-08-08,A,107.59,107.37,5,60,0,1,Online,North,2021,8,6,220
2021-08-09,A,96.14,106.76,6,60,0,0,Store,West,2021,8,0,221
2021-08-10,A,120.77,130.47,6,60,0,0,Online,East,2021,8,1,222
2021-08-11,A,76.57,81.75,10,60,0,0,Store,South,2021,8,2,223
2021-08-12,A,109.0,125.09,7,60,0,0,Online,East,2021,8,3,224
2021-08-13,A,122.15,130.69,6,60,0,0,Store,West,2021,8,4,225
2021-08-14,A,124.9,120.13,6,60,0,1,Online,South,2021,8,5,226
2021-08-15,A,75.24,83.61,9,60,0,1,Online,North,2021,8,6,227
2021-08-16,A,89.71,93.81,7,60,0,0,Online,East,2021,8,0,228
2021-08-17,A,80.58,87.19,8,60,0,0,Store,East,2021,8,1,229
2021-08-18,A,106.5,104.64,5,60,0,0,Online,West,2021,8,2,230
2021-08-19,A,96.11,88.87,7,60,0,0,Store,West,2021,8,3,231
2021-08-20,A,80.55,83.1,6,60,0,0,Online,North,2021,8,4,232
2021-08-21,A,105.73,108.44,8,60,1,1,Online,North,2021,8,5,233
2021-08-22,A,95.18,82.38,6,60,0,1,Online,North,2021,8,6,234
2021-08-23,A,97.15,97.36,6,60,0,0,Online,North,2021,8,0,235
2021-08-24,A,129.58,110.81,4,60,0,0,Store,East,2021,8,1,236
2021-08-25,A,114.97,114.59,4,60,0,0,Online,West,2021,8,2,237
2021-08-26,A,100.96,90.73,6,60,0,0,Store,North,2021,8,3,238
2021-08-27,A,116.1,104.85,5,60,0,0,Store,South,2021,8,4,239
2021-08-28,A,98.46,90.9,8,60,1,1,Store,North,2021,8,5,240
2021-08-29,A,116.58,106.64,6,60,0,1,Online,North,2021,8,6,241
2021-08-30,A,72.24,64.85,8,60,0,0,Online,North,2021,8,0,242
2021-08-31,A,115.08,124.83,5,60,0,0,Store,West,2021,8,1,243
2021-09-01,A,118.35,133.46,5,60,0,0,Store,North,2021,9,2,244
2021-09-02,A,95.54,104.65,7,60,0,0,Online,North,2021,9,3,245
2021-09-03,A,116.64,120.48,4,60,0,0,Online,North,2021,9,4,246
2021-09-04,A,76.71,73.79,8,60,0,1,Online,East,2021,9,5,247
2021-09-05,A,106.77,115.07,5,60,0,1,Online,West,2021,9,6,248
2021-09-06,A,72.0,61.75,9,60,0,0,Online,South,2021,9,0,249
2021-09-07,A,75.54,75.01,7,60,0,0,Online,South,2021,9,1,250
2021-09-08,A,96.21,108.54,6,60,0,0,Store,South,2021,9,2,251
2021-09-09,A,93.0,96.27,6,60,0,0,Store,North,2021,9,3,252
2021-09-10,A,102.7,96.88,6,60,0,0,Store,North,2021,9,4,253
2021-09-11,A,84.12,93.19,8,60,0,1,Online,East,2021,9,5,254
2021-09-12,A,102.41,94.93,7,60,1,1,Online,East,2021,9,6,255
2021-09-13,A,93.08,93.82,6,60,0,0,Online,South,2021,9,0,256
2021-09-14,A,100.73,92.52,5,60,0,0,Store,South,2021,9,1,257
2021-09-15,A,111.1,120.09,5,60,0,0,Online,West,2021,9,2,258
2021-09-16,A,112.04,109.48,5,60,0,0,Online,West,2021,9,3,259
2021-09-17,A,96.33,86.3,5,60,0,0,Store,North,2021,9,4,260
2021-09-18,A,97.22,83.33,6,60,0,1,Store,West,2021,9,5,261
2021-09-19,A,80.1,83.28,8,60,0,1,Online,West,2021,9,6,262
2021-09-20,A,106.22,103.17,5,60,0,0,Store,North,2021,9,0,263
2021-09-21,A,105.85,100.68,7,60,1,0,Store,West,2021,9,1,264
2021-09-22,A,91.27,83.79,5,60,0,0,Online,North,2021,9,2,265
2021-09-23,A,107.4,93.54,5,60,0,0,Online,West,2021,9,3,266
2021-09-24,A,106.94,101.3,6,60,0,0,Store,East,2021,9,4,267
2021-09-25,A,77.51,89.03,7,60,0,1,Online,South,2021,9,5,268
2021-09-26,A,108.37,97.82,6,60,0,1,Online,West,2021,9,6,269
2021-09-27,A,76.66,84.06,6,60,0,0,Online,West,2021,9,0,270
2021-09-28,A,91.99,82.4,6,60,1,0,Store,West,2021,9,1,271
2021-09-29,A,111.6,97.97,4,60,0,0,Store,West,2021,9,2,272
2021-09-30,A,102.0,110.63,5,60,0,0,Online,North,2021,9,3,273
2021-10-01,A,89.77,86.56,5,60,0,0,Online,North,2021,10,4,274
2021-10-02,A,87.28,85.9,6,60,0,1,Online,East,2021,10,5,275
2021-10-03,A,105.48,107.59,7,60,0,1,Online,North,2021,10,6,276
2021-10-04,A,101.23,97.6,6,60,1,0,Store,South,2021,10,0,277
2021-10-05,A,94.58,103.62,5,60,0,0,Online,East,2021,10,1,278
2021-10-06,A,84.45,96.5,7,60,0,0,Store,North,2021,10,2,279
2021-10-07,A,72.0,74.3,7,60,0,0,Store,South,2021,10,3,280
2021-10-08,A,100.16,97.11,5,60,0,0,Online,West,2021,10,4,281
2021-10-09,A,114.26,105.09,4,60,0,1,Store,West,2021,10,5,282
2021-10-10,A,72.96,73.1,8,60,0,1,Online,South,2021,10,6,283
2021-10-11,A,75.15,72.59,8,60,0,0,Online,North,2021,10,0,284
2021-10-12,A,102.23,117.06,5,60,0,0,Online,North,2021,10,1,285
2021-10-13,A,89.36,80.72,6,60,0,0,Store,West,2021,10,2,286
2021-10-14,A,76.99,79.85,7,60,0,0,Online,East,2021,10,3,287
2021-10-15,A,93.51,97.83,7,60,0,0,Online,South,2021,10,4,288
2021-10-16,A,108.12,116.86,6,60,0,1,Online,East,2021,10,5,289
2021-10-17,A,120.54,123.51,5,60,0,1,Online,North,2021,10,6,290
2021-10-18,A,85.09,86.31,6,60,0,0,Store,East,2021,10,0,291
2021-10-19,A,94.16,98.44,8,60,1,0,Store,North,2021,10,1,292
2021-10-20,A,122.07,136.43,6,60,1,0,Store,North,2021,10,2,293
2021-10-21,A,97.03,109.56,6,60,0,0,Store,West,2021,10,3,294
2021-10-22,A,121.16,135.52,5,60,0,0,Store,West,2021,10,4,295
2021-10-23,A,115.16,101.54,7,60,1,1,Online,West,2021,10,5,296
2021-10-24,A,94.52,82.36,6,60,0,1,Store,North,2021,10,6,297
2021-10-25,A,88.46,101.51,6,60,1,0,Store,East,2021,10,0,298
2021-10-26,A,93.23,82.0,5,60,0,0,Store,West,2021,10,1,299
2021-10-27,A,88.03,88.42,8,60,1,0,Store,West,2021,10,2,300
2021-10-28,A,78.67,71.73,8,60,0,0,Store,South,2021,10,3,301
2021-10-29,A,114.43,108.33,5,60,0,0,Online,South,2021,10,4,302
2021-10-30,A,121.83,130.9,8,60,1,1,Store,East,2021,10,5,303
2021-10-31,A,87.56,84.31,7,60,0,1,Online,South,2021,10,6,304
2021-11-01,A,96.68,107.9,6,60,0,0,Online,West,2021,11,0,305
2021-11-02,A,111.19,103.13,5,60,0,0,Store,South,2021,11,1,306
2021-11-03,A,118.21,126.31,5,60,0,0,Store,East,2021,11,2,307
2021-11-04,A,116.87,108.78,4,60,0,0,Store,South,2021,11,3,308
2021-11-05,A,106.0,116.1,5,60,0,0,Online,West,2021,11,4,309
2021-11-06,A,85.39,92.01,6,60,0,1,Store,South,2021,11,5,310
2021-11-07,A,127.17,141.41,6,60,0,1,Store,East,2021,11,6,311
2021-11-08,A,103.09,112.74,5,60,0,0,Store,West,2021,11,0,312
2021-11-09,A,96.86,105.58,6,60,0,0,Online,West,2021,11,1,313
2021-11-10,A,106.5,112.5,6,60,0,0,Online,West,2021,11,2,314
2021-11-11,A,78.25,70.01,6,60,0,0,Store,North,2021,11,3,315
2021-11-12,A,95.69,99.8,6,60,0,0,Online,South,2021,11,4,316
2021-11-13,A,78.72,83.34,7,60,0,1,Store,West,2021,11,5,317
2021-11-14,A,93.76,91.01,8,60,1,1,Online,East,2021,11,6,318
2021-11-15,A,101.9,103.78,5,60,0,0,Store,South,2021,11,0,319
2021-11-16,A,124.09,106.33,5,60,0,0,Store,East,2021,11,1,320
2021-11-17,A,97.45,105.78,6,60,0,0,Store,West,2021,11,2,321
2021-11-18,A,72.0,63.84,8,60,0,0,Online,East,2021,11,3,322
2021-11-19,A,107.2,114.78,6,60,1,0,Store,North,2021,11,4,323
2021-11-20,A,106.84,106.71,6,60,0,1,Store,East,2021,11,5,324
2021-11-21,A,94.42,96.45,8,60,0,1,Online,North,2021,11,6,325
2021-11-22,A,110.77,113.64,7,60,0,0,Store,East,2021,11,0,326
2021-11-23,A,115.49,127.34,6,60,0,0,Store,South,2021,11,1,327
2021-11-24,A,102.35,106.37,6,60,0,0,Store,East,2021,11,2,328
2021-11-25,A,124.92,134.87,5,60,0,0,Store,West,2021,11,3,329
2021-11-26,A,110.93,110.0,6,60,0,0,Online,South,2021,11,4,330
2021-11-27,A,85.35,78.88,9,60,1,1,Online,West,2021,11,5,331
2021-11-28,A,83.96,92.65,7,60,0,1,Online,West,2021,11,6,332
2021-11-29,A,72.0,68.7,12,60,1,0,Online,West,2021,11,0,333
2021-11-30,A,84.05,93.69,8,60,0,0,Store,West,2021,11,1,334
2021-12-01,A,113.27,129.62,5,60,0,0,Store,South,2021,12,2,335
2021-12-02,A,91.64,86.38,8,60,1,0,Store,North,2021,12,3,336
2021-12-03,A,88.98,98.34,7,60,0,0,Online,North,2021,12,4,337
2021-12-04,A,92.62,93.8,7,60,0,1,Online,South,2021,12,5,338
2021-12-05,A,98.76,98.31,7,60,0,1,Store,West,2021,12,6,339
2021-12-06,A,96.99,107.52,7,60,0,0,Store,West,2021,12,0,340
2021-12-07,A,100.31,109.53,6,60,0,0,Online,East,2021,12,1,341
2021-12-08,A,72.0,80.04,9,60,0,0,Store,West,2021,12,2,342
2021-12-09,A,78.31,87.18,11,60,1,0,Store,East,2021,12,3,343
2021-12-10,A,101.29,108.91,7,60,0,0,Online,West,2021,12,4,344
2021-12-11,A,113.25,114.56,7,60,0,1,Online,West,2021,12,5,345
2021-12-12,A,72.0,63.22,9,60,0,1,Online,West,2021,12,6,346
2021-12-13,A,72.54,78.91,10,60,0,0,Store,East,2021,12,0,347
2021-12-14,A,82.87,92.74,9,60,0,0,Online,South,2021,12,1,348
2021-12-15,A,90.35,100.03,11,60,1,0,Online,West,2021,12,2,349
2021-12-16,A,138.16,118.82,5,60,0,0,Store,West,2021,12,3,350
2021-12-17,A,97.01,100.36,7,60,0,0,Store,West,2021,12,4,351
2021-12-18,A,87.11,99.87,11,60,0,1,Online,South,2021,12,5,352
2021-12-19,A,84.06,93.7,11,60,0,1,Online,East,2021,12,6,353
2021-12-20,A,90.95,78.11,10,60,1,0,Online,South,2021,12,0,354
2021-12-21,A,87.92,97.37,11,60,1,0,Online,East,2021,12,1,355
2021-12-22,A,104.15,98.34,8,60,0,0,Store,West,2021,12,2,356
2021-12-23,A,85.01,90.42,10,60,1,0,Online,North,2021,12,3,357
2021-12-24,A,112.86,120.97,7,60,0,0,Store,East,2021,12,4,358
2021-12-25,A,77.22,85.13,13,60,0,1,Store,East,2021,12,5,359
2021-12-26,A,95.24,81.06,8,60,0,1,Online,West,2021,12,6,360
2021-12-27,A,108.8,101.6,7,60,0,0,Store,North,2021,12,0,361
2021-12-28,A,91.07,79.28,7,60,0,0,Online,West,2021,12,1,362
2021-12-29,A,110.85,116.34,8,60,0,0,Store,East,2021,12,2,363
2021-12-30,A,76.59,70.31,8,60,0,0,Online,East,2021,12,3,364
2021-12-31,A,91.97,98.59,11,60,1,0,Online,West,2021,12,4,365
2022-01-01,A,108.11,119.12,12,60,1,1,Store,North,2022,1,5,1
2022-01-02,A,113.33,105.9,10,60,1,1,Online,South,2022,1,6,2
2022-01-03,A,74.5,81.75,11,60,0,0,Online,South,2022,1,0,3
2022-01-04,A,114.25,127.7,9,60,0,0,Online,North,2022,1,1,4
2022-01-05,A,92.43,90.46,9,60,0,0,Store,North,2022,1,2,5
2022-01-06,A,88.99,97.84,9,60,0,0,Online,North,2022,1,3,6
2022-01-07,A,92.3,102.51,9,60,0,0,Store,West,2022,1,4,7
2022-01-08,A,72.0,68.05,14,60,0,1,Store,North,2022,1,5,8
2022-01-09,A,85.2,76.78,13,60,1,1,Online,North,2022,1,6,9
2022-01-10,A,84.78,85.1,11,60,0,0,Online,North,2022,1,0,10
2022-01-11,A,96.89,110.95,8,60,0,0,Online,South,2022,1,1,11
2022-01-12,A,88.86,88.13,8,60,0,0,Online,West,2022,1,2,12
2022-01-13,A,72.0,71.42,10,60,0,0,Online,West,2022,1,3,13
2022-01-14,A,86.59,87.02,9,60,0,0,Online,South,2022,1,4,14
2022-01-15,A,104.47,97.73,10,60,0,1,Online,West,2022,1,5,15
2022-01-16,A,72.0,81.33,14,60,0,1,Online,North,2022,1,6,16
2022-01-17,A,101.98,113.6,10,60,0,0,Online,West,2022,1,0,17
2022-01-18,A,94.01,91.04,9,60,0,0,Online,West,2022,1,1,18
2022-01-19,A,82.27,86.58,12,60,0,0,Store,West,2022,1,2,19
2022-01-20,A,92.75,86.01,10,60,0,0,Store,South,2022,1,3,20
2022-01-21,A,112.28,122.4,7,60,0,0,Online,East,2022,1,4,21
2022-01-22,A,122.82,107.01,8,60,0,1,Online,East,2022,1,5,22
2022-01-23,A,126.73,132.3,10,60,1,1,Online,South,2022,1,6,23
2022-01-24,A,110.62,114.36,11,60,1,0,Store,East,2022,1,0,24
2022-01-25,A,103.15,113.33,14,60,1,0,Store,North,2022,1,1,25
2022-01-26,A,74.54,74.23,11,60,0,0,Online,North,2022,1,2,26
2022-01-27,A,91.45,90.53,14,60,1,0,Online,North,2022,1,3,27
2022-01-28,A,90.31,94.99,13,60,0,0,Online,South,2022,1,4,28
2022-01-29,A,78.85,76.12,14,60,0,1,Online,North,2022,1,5,29
2022-01-30,A,72.71,74.5,14,60,0,1,Store,West,2022,1,6,30
2022-01-31,A,108.65,109.03,7,60,0,0,Store,North,2022,1,0,31
2022-02-01,A,95.38,85.49,11,60,0,0,Store,West,2022,2,1,32
2022-02-02,A,106.55,93.8,13,60,1,0,Online,West,2022,2,2,33
2022-02-03,A,128.37,114.53,7,60,0,0,Online,East,2022,2,3,34
2022-02-04,A,83.28,73.27,11,60,0,0,Store,East,2022,2,4,35
2022-02-05,A,96.12,90.04,17,60,1,1,Online,South,2022,2,5,36
2022-02-06,A,92.88,91.32,12,60,1,1,Online,North,2022,2,6,37
2022-02-07,A,76.91,73.22,11,60,0,0,Online,North,2022,2,0,38
2022-02-08,A,80.98,74.83,15,60,1,0,Online,South,2022,2,1,39
2022-02-09,A,88.18,76.48,10,60,0,0,Online,West,2022,2,2,40
2022-02-10,A,102.56,92.26,11,60,0,0,Store,North,2022,2,3,41
2022-02-11,A,96.92,94.06,16,60,1,0,Store,West,2022,2,4,42
2022-02-12,A,115.98,114.64,10,60,0,1,Online,North,2022,2,5,43
2022-02-13,A,139.67,128.26,9,60,1,1,Store,East,2022,2,6,44
2022-02-14,A,91.08,78.46,9,60,0,0,Online,North,2022,2,0,45
2022-02-15,A,90.02,100.2,16,60,1,0,Online,East,2022,2,1,46
2022-02-16,A,86.36,92.96,12,60,0,0,Online,West,2022,2,2,47
2022-02-17,A,86.41,93.2,12,60,0,0,Online,North,2022,2,3,48
2022-02-18,A,120.44,134.69,9,60,0,0,Online,East,2022,2,4,49
2022-02-19,A,106.22,120.75,14,60,0,1,Online,West,2022,2,5,50
2022-02-20,A,84.65,79.87,13,60,0,1,Online,East,2022,2,6,51
2022-02-21,A,109.84,93.99,10,60,0,0,Store,East,2022,2,0,52
2022-02-22,A,101.19,105.21,12,60,0,0,Store,North,2022,2,1,53
2022-02-23,A,86.58,98.47,12,60,0,0,Store,West,2022,2,2,54
2022-02-24,A,118.14,102.86,8,60,0,0,Store,West,2022,2,3,55
2022-02-25,A,117.83,130.06,10,60,0,0,Online,North,2022,2,4,56
2022-02-26,A,85.6,90.42,16,60,0,1,Online,West,2022,2,5,57
2022-02-27,A,101.6,115.25,13,60,0,1,Store,East,2022,2,6,58
2022-02-28,A,105.86,93.57,14,60,1,0,Online,South,2022,2,0,59
2022-03-01,A,75.89,69.79,13,60,0,0,Store,South,2022,3,1,60
2022-03-02,A,92.96,79.63,11,60,0,0,Store,North,2022,3,2,61
2022-03-03,A,101.18,104.32,11,60,0,0,Store,South,2022,3,3,62
2022-03-04,A,108.97,120.97,10,60,0,0,Store,South,2022,3,4,63
2022-03-05,A,103.14,95.16,12,60,0,1,Store,West,2022,3,5,64
2022-03-06,A,107.86,95.56,12,60,1,1,Store,West,2022,3,6,65
2022-03-07,A,72.5,64.54,15,60,0,0,Online,West,2022,3,0,66
2022-03-08,A,86.95,78.83,12,60,0,0,Store,South,2022,3,1,67
2022-03-09,A,95.08,104.76,13,60,0,0,Online,North,2022,3,2,68
2022-03-10,A,97.46,99.36,15,60,1,0,Online,South,2022,3,3,69
2022-03-11,A,97.61,109.61,13,60,0,0,Store,North,2022,3,4,70
2022-03-12,A,111.07,122.54,13,60,0,1,Online,North,2022,3,5,71
2022-03-13,A,114.48,130.49,14,60,0,1,Store,East,2022,3,6,72
2022-03-14,A,133.62,153.64,9,60,0,0,Online,East,2022,3,0,73
2022-03-15,A,72.0,71.09,16,60,0,0,Online,West,2022,3,1,74
2022-03-16,A,103.3,100.69,10,60,0,0,Online,South,2022,3,2,75
2022-03-17,A,115.59,105.73,10,60,0,0,Store,South,2022,3,3,76
2022-03-18,A,110.09,97.73,10,60,0,0,Store,West,2022,3,4,77
2022-03-19,A,123.22,112.1,13,60,1,1,Online,East,2022,3,5,78
2022-03-20,A,115.03,124.76,13,60,0,1,Online,South,2022,3,6,79
2022-03-21,A,96.57,96.36,11,60,0,0,Online,South,2022,3,0,80
2022-03-22,A,113.71,126.59,10,60,0,0,Online,North,2022,3,1,81
2022-03-23,A,115.8,125.29,10,60,0,0,Store,East,2022,3,2,82
2022-03-24,A,88.55,85.43,13,60,0,0,Online,East,2022,3,3,83
2022-03-25,A,101.53,96.9,13,60,0,0,Online,East,2022,3,4,84
2022-03-26,A,108.87,121.25,16,60,0,1,Online,West,2022,3,5,85
2022-03-27,A,110.05,108.67,13,60,0,1,Online,East,2022,3,6,86
2022-03-28,A,104.68,107.92,12,60,0,0,Online,West,2022,3,0,87
2022-03-29,A,100.31,114.24,13,60,0,0,Online,East,2022,3,1,88
2022-03-30,A,111.53,124.78,16,60,1,0,Online,East,2022,3,2,89
2022-03-31,A,104.89,109.16,11,60,0,0,Store,East,2022,3,3,90
2022-04-01,A,118.65,120.03,9,60,0,0,Store,South,2022,4,4,91
2022-04-02,A,87.47,77.88,22,60,1,1,Online,East,2022,4,5,92
2022-04-03,A,106.83,121.65,13,60,0,1,Store,South,2022,4,6,93
2022-04-04,A,132.81,130.14,7,60,0,0,Online,North,2022,4,0,94
2022-04-05,A,114.31,120.28,11,60,0,0,Store,South,2022,4,1,95
2022-04-06,A,93.56,106.49,14,60,0,0,Store,West,2022,4,2,96
2022-04-07,A,108.2,108.93,11,60,0,0,Online,South,2022,4,3,97
2022-04-08,A,89.25,92.53,17,60,1,0,Online,East,2022,4,4,98
2022-04-09,A,87.66,92.88,18,60,0,1,Store,South,2022,4,5,99
2022-04-10,A,90.38,89.75,16,60,0,1,Online,North,2022,4,6,100
2022-04-11,A,122.29,139.17,10,60,0,0,Store,West,2022,4,0,101
2022-04-12,A,109.28,100.38,10,60,0,0,Online,West,2022,4,1,102
2022-04-13,A,100.9,110.24,10,60,0,0,Online,North,2022,4,2,103
2022-04-14,A,131.5,116.45,9,60,0,0,Online,East,2022,4,3,104
2022-04-15,A,99.89,100.27,12,60,0,0,Store,West,2022,4,4,105
2022-04-16,A,103.71,117.74,14,60,0,1,Online,South,2022,4,5,106
2022-04-17,A,72.4,79.94,27,60,1,1,Store,West,2022,4,6,107
2022-04-18,A,100.21,91.82,10,60,0,0,Online,North,2022,4,0,108
2022-04-19,A,106.62,97.82,10,60,0,0,Store,West,2022,4,1,109
2022-04-20,A,108.24,116.64,14,60,0,0,Online,East,2022,4,2,110
2022-04-21,A,121.3,133.06,12,60,1,0,Online,North,2022,4,3,111
2022-04-22,A,81.21,77.11,18,60,1,0,Online,North,2022,4,4,112
2022-04-23,A,78.91,87.9,15,60,0,1,Online,East,2022,4,5,113
2022-04-24,A,92.82,98.21,16,60,0,1,Store,East,2022,4,6,114
2022-04-25,A,72.0,62.18,17,60,0,0,Store,East,2022,4,0,115
2022-04-26,A,105.22,89.43,10,60,0,0,Online,North,2022,4,1,116
2022-04-27,A,87.0,79.27,13,60,0,0,Online,West,2022,4,2,117
2022-04-28,A,118.26,130.62,11,60,0,0,Online,South,2022,4,3,118
2022-04-29,A,91.44,85.17,13,60,0,0,Online,East,2022,4,4,119
2022-04-30,A,91.04,93.51,16,60,0,1,Online,East,2022,4,5,120
2022-05-01,A,102.0,94.93,10,60,0,1,Online,North,2022,5,6,121
2022-05-02,A,76.17,81.07,16,60,0,0,Online,North,2022,5,0,122
2022-05-03,A,87.29,99.66,14,60,0,0,Online,East,2022,5,1,123
2022-05-04,A,95.19,107.21,14,60,0,0,Store,South,2022,5,2,124
2022-05-05,A,96.93,83.9,11,60,0,0,Online,West,2022,5,3,125
2022-05-06,A,115.87,118.03,13,60,1,0,Online,East,2022,5,4,126
2022-05-07,A,119.37,115.33,9,60,1,1,Online,East,2022,5,5,127
2022-05-08,A,77.23,81.98,19,60,1,1,Online,North,2022,5,6,128
2022-05-09,A,72.0,67.87,16,60,0,0,Online,West,2022,5,0,129
2022-05-10,A,103.65,100.44,12,60,0,0,Store,West,2022,5,1,130
2022-05-11,A,115.81,109.44,13,60,1,0,Online,West,2022,5,2,131
2022-05-12,A,110.25,112.63,11,60,1,0,Store,South,2022,5,3,132
2022-05-13,A,90.06,81.6,11,60,0,0,Online,North,2022,5,4,133
2022-05-14,A,118.75,112.83,9,60,0,1,Online,South,2022,5,5,134
2022-05-15,A,89.07,77.95,11,60,0,1,Store,East,2022,5,6,135
2022-05-16,A,97.66,110.68,11,60,0,0,Store,East,2022,5,0,136
2022-05-17,A,103.96,112.85,10,60,0,0,Store,West,2022,5,1,137
2022-05-18,A,92.39,105.71,10,60,0,0,Online,North,2022,5,2,138
2022-05-19,A,101.7,116.31,10,60,0,0,Online,West,2022,5,3,139
2022-05-20,A,72.31,70.09,12,60,0,0,Online,North,2022,5,4,140
2022-05-21,A,111.14,112.8,12,60,0,1,Online,East,2022,5,5,141
2022-05-22,A,98.75,86.66,12,60,0,1,Store,East,2022,5,6,142
2022-05-23,A,130.69,138.68,9,60,0,0,Online,North,2022,5,0,143
2022-05-24,A,112.28,105.98,10,60,0,0,Online,North,2022,5,1,144
2022-05-25,A,132.33,120.94,9,60,1,0,Online,West,2022,5,2,145
2022-05-26,A,124.96,131.72,9,60,0,0,Online,West,2022,5,3,146
2022-05-27,A,101.04,114.37,11,60,0,0,Store,South,2022,5,4,147
2022-05-28,A,108.47,123.99,10,60,0,1,Online,South,2022,5,5,148
2022-05-29,A,110.92,97.09,12,60,1,1,Store,West,2022,5,6,149
2022-05-30,A,125.16,106.73,7,60,0,0,Store,North,2022,5,0,150
2022-05-31,A,118.29,107.79,9,60,0,0,Store,East,2022,5,1,151
2022-06-01,A,88.24,82.18,10,60,0,0,Online,North,2022,6,2,152
2022-06-02,A,78.89,81.19,12,60,0,0,Online,East,2022,6,3,153
2022-06-03,A,106.12,116.4,12,60,1,0,Online,South,2022,6,4,154
2022-06-04,A,104.95,97.19,10,60,1,1,Online,South,2022,6,5,155
2022-06-05,A,110.25,113.04,10,60,0,1,Online,West,2022,6,6,156
2022-06-06,A,114.99,119.75,10,60,1,0,Online,South,2022,6,0,157
2022-06-07,A,108.07,93.94,11,60,1,0,Online,East,2022,6,1,158
2022-06-08,A,80.63,82.81,12,60,0,0,Online,West,2022,6,2,159
2022-06-09,A,92.6,96.91,11,60,0,0,Online,West,2022,6,3,160
2022-06-10,A,122.32,138.55,8,60,0,0,Store,East,2022,6,4,161
2022-06-11,A,89.58,83.92,12,60,0,1,Online,West,2022,6,5,162
2022-06-12,A,75.66,81.16,14,60,0,1,Store,North,2022,6,6,163
2022-06-13,A,108.23,122.94,8,60,0,0,Online,South,2022,6,0,164
2022-06-14,A,86.49,81.78,12,60,1,0,Online,North,2022,6,1,165
2022-06-15,A,78.99,87.49,11,60,0,0,Store,East,2022,6,2,166
2022-06-16,A,72.0,61.49,10,60,0,0,Online,East,2022,6,3,167
2022-06-17,A,108.33,99.54,7,60,0,0,Online,West,2022,6,4,168
2022-06-18,A,101.48,110.29,11,60,0,1,Online,South,2022,6,5,169
2022-06-19,A,95.78,91.6,11,60,0,1,Online,North,2022,6,6,170
2022-06-20,A,89.96,80.97,8,60,0,0,Online,South,2022,6,0,171
2022-06-21,A,115.32,112.41,9,60,0,0,Online,South,2022,6,1,172
2022-06-22,A,122.35,111.47,7,60,0,0,Online,North,2022,6,2,173
2022-06-23,A,108.23,95.75,9,60,0,0,Online,North,2022,6,3,174
2022-06-24,A,105.32,105.71,8,60,0,0,Store,East,2022,6,4,175
2022-06-25,A,100.57,98.14,8,60,0,1,Store,North,2022,6,5,176
2022-06-26,A,86.4,96.4,13,60,0,1,Store,West,2022,6,6,177
2022-06-27,A,118.67,130.11,9,60,1,0,Online,East,2022,6,0,178
2022-06-28,A,103.99,104.32,8,60,1,0,Online,East,2022,6,1,179
2022-06-29,A,88.0,85.04,11,60,1,0,Store,West,2022,6,2,180
2022-06-30,A,79.93,85.76,12,60,1,0,Online,North,2022,6,3,181
2022-07-01,A,97.09,105.94,8,60,0,0,Store,East,2022,7,4,182
2022-07-02,A,98.99,86.22,8,60,0,1,Store,East,2022,7,5,183
2022-07-03,A,90.93,97.0,8,60,0,1,Store,East,2022,7,6,184
2022-07-04,A,116.65,128.63,7,60,0,0,Store,South,2022,7,0,185
2022-07-05,A,104.03,90.5,8,60,0,0,Online,North,2022,7,1,186
2022-07-06,A,72.0,75.83,11,60,0,0,Online,East,2022,7,2,187
2022-07-07,A,121.05,109.06,7,60,0,0,Store,North,2022,7,3,188
2022-07-08,A,92.67,95.6,8,60,0,0,Store,South,2022,7,4,189
2022-07-09,A,127.97,114.78,7,60,0,1,Store,South,2022,7,5,190
2022-07-10,A,120.54,109.16,6,60,0,1,Store,South,2022,7,6,191
2022-07-11,A,100.23,90.85,8,60,0,0,Store,West,2022,7,0,192
2022-07-12,A,72.73,82.73,8,60,0,0,Online,North,2022,7,1,193
2022-07-13,A,101.47,105.63,7,60,0,0,Online,West,2022,7,2,194
2022-07-14,A,73.53,76.94,12,60,1,0,Online,North,2022,7,3,195
2022-07-15,A,108.28,116.76,7,60,0,0,Online,North,2022,7,4,196
2022-07-16,A,90.38,82.71,9,60,0,1,Online,North,2022,7,5,197
2022-07-17,A,95.01,96.64,9,60,0,1,Store,South,2022,7,6,198
2022-07-18,A,79.63,79.97,8,60,0,0,Online,North,2022,7,0,199
2022-07-19,A,105.03,97.12,7,60,0,0,Online,West,2022,7,1,200
2022-07-20,A,136.74,128.7,5,60,0,0,Store,East,2022,7,2,201
2022-07-21,A,118.22,120.57,6,60,0,0,Store,East,2022,7,3,202
2022-07-22,A,103.59,97.66,7,60,0,0,Online,South,2022,7,4,203
2022-07-23,A,130.18,144.42,7,60,0,1,Online,North,2022,7,5,204
2022-07-24,A,120.19,126.54,7,60,0,1,Online,West,2022,7,6,205
2022-07-25,A,110.55,124.79,7,60,0,0,Online,East,2022,7,0,206
2022-07-26,A,72.0,71.87,10,60,1,0,Online,South,2022,7,1,207
2022-07-27,A,91.11,89.88,7,60,0,0,Store,South,2022,7,2,208
2022-07-28,A,92.21,96.2,9,60,1,0,Online,South,2022,7,3,209
2022-07-29,A,106.06,109.22,6,60,0,0,Store,South,2022,7,4,210
2022-07-30,A,80.19,90.98,12,60,0,1,Store,North,2022,7,5,211
2022-07-31,A,123.31,135.82,9,60,1,1,Store,East,2022,7,6,212
2022-08-01,A,106.58,118.78,6,60,0,0,Store,South,2022,8,0,213
2022-08-02,A,102.27,105.11,7,60,0,0,Online,West,2022,8,1,214
2022-08-03,A,103.1,95.25,7,60,0,0,Online,West,2022,8,2,215
2022-08-04,A,109.44,102.43,7,60,1,0,Store,West,2022,8,3,216
2022-08-05,A,110.32,113.73,5,60,0,0,Store,North,2022,8,4,217
2022-08-06,A,97.26,84.63,8,60,1,1,Store,West,2022,8,5,218
2022-08-07,A,95.13,96.61,8,60,0,1,Online,South,2022,8,6,219
2022-08-08,A,97.35,90.59,5,60,0,0,Online,North,2022,8,0,220
2022-08-09,A,105.01,94.48,6,60,0,0,Online,East,2022,8,1,221
2022-08-10,A,90.81,85.34,7,60,0,0,Online,East,2022,8,2,222
2022-08-11,A,78.78,74.11,8,60,1,0,Online,West,2022,8,3,223
2022-08-12,A,93.81,104.07,6,60,0,0,Online,South,2022,8,4,224
2022-08-13,A,108.0,111.8,7,60,0,1,Online,South,2022,8,5,225
2022-08-14,A,82.51,85.58,8,60,0,1,Online,North,2022,8,6,226
2022-08-15,A,104.7,101.42,6,60,0,0,Online,South,2022,8,0,227
2022-08-16,A,126.08,128.89,5,60,0,0,Store,East,2022,8,1,228
2022-08-17,A,102.61,110.77,7,60,1,0,Online,North,2022,8,2,229
2022-08-18,A,125.54,125.26,5,60,0,0,Store,East,2022,8,3,230
2022-08-19,A,103.08,91.43,5,60,0,0,Online,West,2022,8,4,231
2022-08-20,A,96.35,109.4,7,60,0,1,Online,North,2022,8,5,232
2022-08-21,A,116.46,113.07,7,60,1,1,Store,North,2022,8,6,233
2022-08-22,A,86.62,88.46,7,60,0,0,Online,West,2022,8,0,234
2022-08-23,A,72.0,80.71,8,60,0,0,Online,East,2022,8,1,235
2022-08-24,A,83.43,80.29,7,60,0,0,Online,East,2022,8,2,236
2022-08-25,A,118.57,121.18,5,60,0,0,Store,East,2022,8,3,237
2022-08-26,A,89.76,99.84,6,60,0,0,Online,North,2022,8,4,238
2022-08-27,A,120.24,104.13,6,60,0,1,Online,West,2022,8,5,239
2022-08-28,A,72.0,63.23,8,60,0,1,Store,North,2022,8,6,240
2022-08-29,A,102.13,115.14,6,60,0,0,Online,North,2022,8,0,241
2022-08-30,A,123.87,111.03,4,60,0,0,Online,North,2022,8,1,242
2022-08-31,A,105.4,101.47,5,60,0,0,Online,East,2022,8,2,243
2022-09-01,A,102.12,105.65,5,60,1,0,Online,East,2022,9,3,244
2022-09-02,A,104.58,97.63,6,60,1,0,Store,East,2022,9,4,245
2022-09-03,A,76.7,66.34,8,60,0,1,Online,North,2022,9,5,246
2022-09-04,A,113.22,103.02,6,60,0,1,Online,East,2022,9,6,247
2022-09-05,A,89.04,93.77,7,60,0,0,Store,South,2022,9,0,248
2022-09-06,A,78.48,84.36,6,60,0,0,Online,North,2022,9,1,249
2022-09-07,A,89.46,76.85,6,60,1,0,Store,East,2022,9,2,250
2022-09-08,A,118.13,123.56,6,60,0,0,Online,South,2022,9,3,251
2022-09-09,A,86.66,80.98,8,60,1,0,Online,West,2022,9,4,252
2022-09-10,A,72.0,70.61,9,60,0,1,Online,South,2022,9,5,253
2022-09-11,A,98.37,91.32,6,60,0,1,Store,East,2022,9,6,254
2022-09-12,A,79.17,71.21,6,60,0,0,Store,East,2022,9,0,255
2022-09-13,A,101.28,93.58,4,60,0,0,Store,South,2022,9,1,256
2022-09-14,A,80.3,72.52,7,60,0,0,Online,East,2022,9,2,257
2022-09-15,A,109.53,106.61,4,60,0,0,Store,West,2022,9,3,258
2022-09-16,A,87.92,82.61,7,60,0,0,Online,South,2022,9,4,259
2022-09-17,A,92.07,90.13,7,60,1,1,Online,South,2022,9,5,260
2022-09-18,A,84.55,89.17,9,60,1,1,Online,East,2022,9,6,261
2022-09-19,A,81.86,72.45,6,60,0,0,Store,West,2022,9,0,262
2022-09-20,A,86.31,95.97,6,60,0,0,Store,West,2022,9,1,263
2022-09-21,A,75.18,64.14,7,60,1,0,Store,North,2022,9,2,264
2022-09-22,A,89.03,91.3,6,60,0,0,Store,South,2022,9,3,265
2022-09-23,A,106.35,93.69,6,60,0,0,Online,East,2022,9,4,266
2022-09-24,A,76.49,74.74,8,60,0,1,Online,South,2022,9,5,267
2022-09-25,A,72.0,62.29,7,60,0,1,Store,East,2022,9,6,268
2022-09-26,A,83.85,88.6,8,60,1,0,Store,South,2022,9,0,269
2022-09-27,A,72.0,69.03,9,60,1,0,Online,South,2022,9,1,270
2022-09-28,A,104.24,99.81,6,60,1,0,Online,South,2022,9,2,271
2022-09-29,A,118.0,129.46,4,60,0,0,Online,North,2022,9,3,272
2022-09-30,A,92.0,89.81,6,60,0,0,Store,South,2022,9,4,273
2022-10-01,A,82.79,86.67,9,60,1,1,Online,South,2022,10,5,274
2022-10-02,A,93.4,86.09,7,60,0,1,Store,East,2022,10,6,275
2022-10-03,A,91.2,87.23,6,60,0,0,Online,West,2022,10,0,276
2022-10-04,A,98.26,96.43,7,60,1,0,Store,East,2022,10,1,277
2022-10-05,A,83.96,88.39,5,60,0,0,Online,East,2022,10,2,278
2022-10-06,A,106.99,91.88,5,60,1,0,Online,South,2022,10,3,279
2022-10-07,A,77.28,77.34,7,60,0,0,Store,North,2022,10,4,280
2022-10-08,A,72.0,68.04,8,60,0,1,Online,South,2022,10,5,281
2022-10-09,A,129.85,127.06,5,60,0,1,Store,North,2022,10,6,282
2022-10-10,A,103.81,103.83,5,60,0,0,Online,South,2022,10,0,283
2022-10-11,A,72.0,73.58,7,60,0,0,Online,East,2022,10,1,284
2022-10-12,A,108.07,114.45,5,60,0,0,Online,East,2022,10,2,285
2022-10-13,A,119.62,130.58,5,60,1,0,Online,West,2022,10,3,286
2022-10-14,A,87.49,94.85,9,60,1,0,Online,South,2022,10,4,287
2022-10-15,A,89.06,100.77,7,60,0,1,Store,East,2022,10,5,288
2022-10-16,A,98.43,110.74,5,60,0,1,Online,West,2022,10,6,289
2022-10-17,A,122.44,137.06,4,60,0,0,Online,East,2022,10,0,290
2022-10-18,A,93.1,81.28,5,60,0,0,Store,South,2022,10,1,291
2022-10-19,A,107.37,121.1,5,60,0,0,Online,East,2022,10,2,292
2022-10-20,A,97.63,108.11,6,60,0,0,Store,North,2022,10,3,293
2022-10-21,A,89.85,77.46,6,60,0,0,Online,East,2022,10,4,294
2022-10-22,A,136.44,146.73,5,60,0,1,Online,East,2022,10,5,295
2022-10-23,A,98.51,108.34,8,60,1,1,Online,West,2022,10,6,296
2022-10-24,A,94.44,82.82,5,60,0,0,Online,East,2022,10,0,297
2022-10-25,A,110.16,95.33,4,60,0,0,Online,East,2022,10,1,298
2022-10-26,A,129.06,131.1,4,60,0,0,Online,North,2022,10,2,299
2022-10-27,A,90.9,81.34,6,60,0,0,Online,South,2022,10,3,300
2022-10-28,A,98.83,108.53,6,60,0,0,Online,South,2022,10,4,301
2022-10-29,A,107.88,100.11,6,60,1,1,Store,West,2022,10,5,302
2022-10-30,A,112.94,122.78,6,60,0,1,Online,South,2022,10,6,303
2022-10-31,A,83.44,89.4,7,60,0,0,Store,North,2022,10,0,304
2022-11-01,A,103.69,91.78,4,60,0,0,Online,East,2022,11,1,305
2022-11-02,A,115.79,108.48,5,60,0,0,Store,West,2022,11,2,306
2022-11-03,A,131.71,138.25,4,60,0,0,Store,East,2022,11,3,307
2022-11-04,A,102.78,112.75,6,60,0,0,Store,South,2022,11,4,308
2022-11-05,A,74.96,74.31,9,60,0,1,Online,East,2022,11,5,309
2022-11-06,A,109.95,101.81,7,60,1,1,Online,South,2022,11,6,310
2022-11-07,A,92.19,105.02,6,60,0,0,Online,East,2022,11,0,311
2022-11-08,A,125.01,131.85,6,60,0,0,Online,South,2022,11,1,312
2022-11-09,A,110.26,104.43,5,60,0,0,Store,East,2022,11,2,313
2022-11-10,A,116.09,100.25,5,60,0,0,Online,South,2022,11,3,314
2022-11-11,A,76.09,67.56,8,60,0,0,Store,North,2022,11,4,315
2022-11-12,A,83.94,85.15,9,60,0,1,Online,East,2022,11,5,316
2022-11-13,A,93.69,102.3,8,60,0,1,Online,East,2022,11,6,317
2022-11-14,A,88.4,77.53,6,60,0,0,Online,West,2022,11,0,318
2022-11-15,A,113.22,130.01,6,60,0,0,Online,North,2022,11,1,319
2022-11-16,A,105.51,99.05,6,60,0,0,Online,East,2022,11,2,320
2022-11-17,A,96.65,85.86,6,60,0,0,Online,West,2022,11,3,321
2022-11-18,A,117.48,119.47,5,60,0,0,Online,West,2022,11,4,322
2022-11-19,A,98.89,98.86,8,60,0,1,Store,East,2022,11,5,323
2022-11-20,A,113.22,100.25,6,60,0,1,Store,North,2022,11,6,324
2022-11-21,A,82.72,72.6,9,60,1,0,Store,West,2022,11,0,325
2022-11-22,A,109.13,95.54,7,60,0,0,Online,North,2022,11,1,326
2022-11-23,A,93.45,83.31,5,60,0,0,Store,South,2022,11,2,327
2022-11-24,A,121.28,134.87,5,60,1,0,Online,North,2022,11,3,328
2022-11-25,A,96.08,90.85,5,60,0,0,Store,West,2022,11,4,329
2022-11-26,A,88.12,91.62,8,60,0,1,Online,West,2022,11,5,330
2022-11-27,A,76.33,83.3,10,60,0,1,Store,East,2022,11,6,331
2022-11-28,A,82.27,70.57,8,60,0,0,Online,North,2022,11,0,332
2022-11-29,A,90.47,83.04,7,60,0,0,Online,East,2022,11,1,333
2022-11-30,A,138.32,140.04,5,60,0,0,Online,East,2022,11,2,334
2022-12-01,A,99.64,86.69,7,60,0,0,Online,East,2022,12,3,335
2022-12-02,A,99.96,105.64,6,60,0,0,Online,South,2022,12,4,336
2022-12-03,A,83.45,93.3,9,60,0,1,Store,West,2022,12,5,337
2022-12-04,A,108.98,110.83,6,60,0,1,Store,South,2022,12,6,338
2022-12-05,A,104.8,119.74,8,60,1,0,Online,West,2022,12,0,339
2022-12-06,A,85.53,92.1,9,60,0,0,Online,South,2022,12,1,340
2022-12-07,A,121.51,114.88,6,60,0,0,Online,North,2022,12,2,341
2022-12-08,A,97.28,97.45,7,60,0,0,Store,North,2022,12,3,342
2022-12-09,A,104.62,88.93,6,60,0,0,Store,South,2022,12,4,343
2022-12-10,A,92.11,100.78,11,60,1,1,Store,South,2022,12,5,344
2022-12-11,A,92.2,85.63,8,60,0,1,Online,East,2022,12,6,345
2022-12-12,A,87.5,84.66,7,60,0,0,Store,East,2022,12,0,346
2022-12-13,A,85.13,73.43,8,60,0,0,Online,West,2022,12,1,347
2022-12-14,A,116.59,118.0,6,60,0,0,Online,South,2022,12,2,348
2022-12-15,A,95.95,106.86,7,60,0,0,Store,East,2022,12,3,349
2022-12-16,A,88.66,100.35,8,60,0,0,Online,West,2022,12,4,350
2022-12-17,A,90.65,98.57,10,60,1,1,Online,South,2022,12,5,351
2022-12-18,A,102.93,91.33,10,60,1,1,Store,North,2022,12,6,352
2022-12-19,A,123.13,134.27,5,60,0,0,Online,South,2022,12,0,353
2022-12-20,A,102.8,102.22,9,60,1,0,Store,East,2022,12,1,354
2022-12-21,A,112.61,96.16,6,60,0,0,Online,North,2022,12,2,355
2022-12-22,A,129.87,125.23,5,60,0,0,Online,East,2022,12,3,356
2022-12-23,A,124.28,139.4,8,60,1,0,Online,East,2022,12,4,357
2022-12-24,A,104.89,100.27,9,60,0,1,Online,West,2022,12,5,358
2022-12-25,A,99.14,97.52,9,60,0,1,Online,East,2022,12,6,359
2022-12-26,A,134.09,122.84,6,60,0,0,Online,North,2022,12,0,360
2022-12-27,A,106.51,115.71,8,60,0,0,Store,East,2022,12,1,361
2022-12-28,A,91.11,89.52,9,60,0,0,Online,West,2022,12,2,362
2022-12-29,A,108.32,104.59,8,60,1,0,Store,East,2022,12,3,363
2022-12-30,A,116.33,103.95,6,60,0,0,Online,North,2022,12,4,364
2022-12-31,A,115.83,133.02,11,60,0,1,Online,North,2022,12,5,365
2023-01-01,A,131.56,113.62,9,60,1,1,Store,West,2023,1,6,1
2023-01-02,A,110.7,126.77,8,60,0,0,Store,South,2023,1,0,2
2023-01-03,A,89.24,102.35,8,60,0,0,Store,South,2023,1,1,3
2023-01-04,A,114.55,103.21,6,60,0,0,Online,West,2023,1,2,4
2023-01-05,A,72.0,61.72,10,60,0,0,Online,South,2023,1,3,5
2023-01-06,A,107.94,95.46,7,60,0,0,Online,West,2023,1,4,6
2023-01-07,A,107.44,113.17,9,60,0,1,Online,East,2023,1,5,7
2023-01-08,A,95.15,98.79,12,60,0,1,Store,East,2023,1,6,8
2023-01-09,A,107.54,118.21,8,60,0,0,Online,East,2023,1,0,9
2023-01-10,A,110.15,94.18,8,60,0,0,Store,West,2023,1,1,10
2023-01-11,A,125.68,138.22,7,60,1,0,Store,North,2023,1,2,11
2023-01-12,A,91.74,96.58,11,60,0,0,Online,South,2023,1,3,12
2023-01-13,A,105.98,102.67,7,60,0,0,Online,East,2023,1,4,13
2023-01-14,A,74.05,65.78,15,60,0,1,Online,East,2023,1,5,14
2023-01-15,A,97.03,94.66,12,60,0,1,Online,East,2023,1,6,15
2023-01-16,A,111.15,101.11,7,60,0,0,Online,West,2023,1,0,16
2023-01-17,A,118.07,120.33,7,60,0,0,Store,North,2023,1,1,17
2023-01-18,A,80.51,80.83,10,60,0,0,Online,West,2023,1,2,18
2023-01-19,A,92.03,94.77,8,60,0,0,Online,South,2023,1,3,19
2023-01-20,A,112.54,103.85,8,60,0,0,Online,South,2023,1,4,20
2023-01-21,A,86.63,89.9,12,60,0,1,Online,North,2023,1,5,21
2023-01-22,A,111.26,103.76,8,60,0,1,Online,South,2023,1,6,22
2023-01-23,A,103.37,112.98,10,60,0,0,Store,East,2023,1,0,23
2023-01-24,A,87.59,78.78,9,60,0,0,Store,South,2023,1,1,24
2023-01-25,A,107.84,110.69,7,60,0,0,Store,West,2023,1,2,25
2023-01-26,A,108.4,117.27,8,60,0,0,Online,West,2023,1,3,26
2023-01-27,A,118.59,101.3,7,60,0,0,Store,North,2023,1,4,27
2023-01-28,A,84.56,80.31,11,60,0,1,Store,North,2023,1,5,28
2023-01-29,A,128.55,135.46,12,60,1,1,Store,South,2023,1,6,29
2023-01-30,A,94.04,97.94,10,60,0,0,Online,South,2023,1,0,30
2023-01-31,A,87.64,78.13,12,60,1,0,Online,West,2023,1,1,31
2023-02-01,A,110.49,95.25,8,60,0,0,Store,West,2023,2,2,32
2023-02-02,A,108.4,102.0,9,60,0,0,Store,North,2023,2,3,33
2023-02-03,A,93.33,80.85,9,60,0,0,Store,South,2023,2,4,34
2023-02-04,A,79.41,79.51,15,60,0,1,Online,South,2023,2,5,35
2023-02-05,A,115.52,112.0,9,60,0,1,Online,South,2023,2,6,36
2023-02-06,A,101.64,97.68,10,60,0,0,Store,East,2023,2,0,37
2023-02-07,A,106.04,110.54,9,60,0,0,Store,West,2023,2,1,38
2023-02-08,A,85.15,78.73,11,60,0,0,Store,South,2023,2,2,39
2023-02-09,A,111.7,124.14,10,60,0,0,Online,South,2023,2,3,40
2023-02-10,A,104.97,110.72,10,60,0,0,Online,West,2023,2,4,41
2023-02-11,A,88.71,83.55,12,60,0,1,Online,North,2023,2,5,42
2023-02-12,A,117.89,126.8,11,60,1,1,Store,West,2023,2,6,43
2023-02-13,A,109.47,125.45,11,60,0,0,Online,South,2023,2,0,44
2023-02-14,A,108.3,97.54,9,60,0,0,Store,East,2023,2,1,45
2023-02-15,A,99.08,90.0,13,60,1,0,Store,North,2023,2,2,46
2023-02-16,A,109.05,109.41,9,60,0,0,Online,North,2023,2,3,47
2023-02-17,A,97.74,96.83,12,60,0,0,Store,East,2023,2,4,48
2023-02-18,A,105.42,93.17,12,60,0,1,Store,East,2023,2,5,49
2023-02-19,A,96.94,107.48,12,60,0,1,Store,South,2023,2,6,50
2023-02-20,A,97.89,105.99,12,60,0,0,Online,South,2023,2,0,51
2023-02-21,A,98.67,85.53,11,60,0,0,Online,North,2023,2,1,52
2023-02-22,A,72.0,80.21,17,60,0,0,Online,South,2023,2,2,53
2023-02-23,A,97.73,96.97,10,60,0,0,Store,South,2023,2,3,54
2023-02-24,A,75.43,81.88,12,60,0,0,Store,South,2023,2,4,55
2023-02-25,A,87.36,81.51,15,60,0,1,Store,East,2023,2,5,56
2023-02-26,A,113.45,130.32,10,60,0,1,Store,West,2023,2,6,57
2023-02-27,A,116.71,115.96,10,60,1,0,Online,East,2023,2,0,58
2023-02-28,A,89.28,79.11,13,60,0,0,Store,North,2023,2,1,59
2023-03-01,A,111.43,105.0,9,60,0,0,Online,East,2023,3,2,60
2023-03-02,A,121.83,107.6,10,60,0,0,Store,West,2023,3,3,61
2023-03-03,A,111.44,103.9,9,60,0,0,Online,South,2023,3,4,62
2023-03-04,A,89.62,94.34,12,60,0,1,Store,East,2023,3,5,63
2023-03-05,A,98.58,99.61,13,60,0,1,Store,South,2023,3,6,64
2023-03-06,A,103.72,119.04,12,60,1,0,Online,North,2023,3,0,65
2023-03-07,A,117.08,110.97,12,60,1,0,Online,South,2023,3,1,66
2023-03-08,A,115.03,97.79,9,60,0,0,Online,West,2023,3,2,67
2023-03-09,A,79.91,78.19,14,60,0,0,Online,South,2023,3,3,68
2023-03-10,A,113.8,127.64,10,60,0,0,Online,South,2023,3,4,69
2023-03-11,A,93.16,99.0,20,60,1,1,Online,East,2023,3,5,70
2023-03-12,A,106.97,94.85,11,60,0,1,Online,West,2023,3,6,71
2023-03-13,A,125.65,112.04,9,60,0,0,Online,South,2023,3,0,72
2023-03-14,A,123.55,139.66,13,60,1,0,Store,East,2023,3,1,73
2023-03-15,A,100.8,100.91,15,60,1,0,Store,South,2023,3,2,74
2023-03-16,A,81.74,86.43,14,60,0,0,Online,North,2023,3,3,75
2023-03-17,A,107.17,104.31,12,60,0,0,Online,South,2023,3,4,76
2023-03-18,A,96.69,94.18,13,60,0,1,Online,East,2023,3,5,77
2023-03-19,A,113.52,125.54,14,60,0,1,Store,South,2023,3,6,78
2023-03-20,A,94.0,107.57,13,60,0,0,Store,South,2023,3,0,79
2023-03-21,A,109.36,113.73,12,60,0,0,Online,East,2023,3,1,80
2023-03-22,A,104.18,113.82,13,60,0,0,Online,South,2023,3,2,81
2023-03-23,A,108.09,111.96,14,60,1,0,Store,North,2023,3,3,82
2023-03-24,A,85.48,77.7,13,60,0,0,Online,West,2023,3,4,83
2023-03-25,A,102.07,102.87,14,60,0,1,Store,West,2023,3,5,84
2023-03-26,A,121.15,109.53,11,60,0,1,Store,East,2023,3,6,85
2023-03-27,A,94.26,82.16,10,60,0,0,Store,North,2023,3,0,86
2023-03-28,A,79.06,76.38,15,60,0,0,Online,West,2023,3,1,87
2023-03-29,A,76.9,84.95,16,60,0,0,Online,West,2023,3,2,88
2023-03-30,A,107.09,96.22,13,60,1,0,Online,East,2023,3,3,89
2023-03-31,A,94.96,88.76,10,60,0,0,Store,South,2023,3,4,90
2023-04-01,A,83.54,90.05,14,60,0,1,Store,West,2023,4,5,91
2023-04-02,A,125.07,108.36,13,60,0,1,Online,West,2023,4,6,92
2023-04-03,A,111.16,125.14,10,60,0,0,Online,West,2023,4,0,93
2023-04-04,A,116.63,105.79,13,60,1,0,Online,West,2023,4,1,94
2023-04-05,A,110.39,105.16,11,60,0,0,Store,East,2023,4,2,95
2023-04-06,A,75.04,76.05,17,60,0,0,Store,North,2023,4,3,96
2023-04-07,A,98.13,103.25,11,60,0,0,Store,West,2023,4,4,97
2023-04-08,A,94.17,98.74,18,60,0,1,Online,South,2023,4,5,98
2023-04-09,A,115.14,114.54,11,60,0,1,Store,North,2023,4,6,99
2023-04-10,A,123.96,135.32,8,60,0,0,Store,North,2023,4,0,100
2023-04-11,A,84.79,83.44,15,60,0,0,Online,West,2023,4,1,101
2023-04-12,A,79.26,76.59,13,60,0,0,Store,West,2023,4,2,102
2023-04-13,A,110.07,117.71,13,60,0,0,Store,West,2023,4,3,103
2023-04-14,A,106.03,106.53,11,60,0,0,Online,South,2023,4,4,104
2023-04-15,A,115.12,118.48,11,60,0,1,Online,West,2023,4,5,105
2023-04-16,A,79.71,88.11,18,60,0,1,Online,North,2023,4,6,106
2023-04-17,A,95.8,86.19,10,60,0,0,Online,East,2023,4,0,107
2023-04-18,A,93.52,94.03,11,60,0,0,Store,South,2023,4,1,108
2023-04-19,A,106.16,104.1,15,60,1,0,Store,West,2023,4,2,109
2023-04-20,A,119.71,105.4,10,60,0,0,Store,North,2023,4,3,110
2023-04-21,A,130.23,117.19,10,60,0,0,Store,West,2023,4,4,111
2023-04-22,A,85.01,75.36,15,60,0,1,Online,North,2023,4,5,112
2023-04-23,A,116.74,120.33,13,60,0,1,Online,East,2023,4,6,113
2023-04-24,A,106.23,116.21,10,60,0,0,Store,South,2023,4,0,114
2023-04-25,A,128.85,126.44,8,60,0,0,Online,South,2023,4,1,115
2023-04-26,A,77.28,82.49,17,60,1,0,Store,South,2023,4,2,116
2023-04-27,A,108.95,93.0,10,60,0,0,Store,West,2023,4,3,117
2023-04-28,A,117.72,111.97,8,60,0,0,Online,East,2023,4,4,118
2023-04-29,A,72.0,62.82,16,60,0,1,Store,West,2023,4,5,119
2023-04-30,A,95.17,104.53,13,60,0,1,Store,North,2023,4,6,120
2023-05-01,A,117.66,109.28,9,60,0,0,Online,East,2023,5,0,121
2023-05-02,A,94.2,98.55,13,60,0,0,Store,South,2023,5,1,122
2023-05-03,A,88.28,95.34,16,60,1,0,Store,West,2023,5,2,123
2023-05-04,A,72.6,72.97,19,60,1,0,Store,South,2023,5,3,124
2023-05-05,A,124.31,116.18,9,60,0,0,Store,North,2023,5,4,125
2023-05-06,A,81.46,70.8,15,60,0,1,Online,West,2023,5,5,126
2023-05-07,A,110.51,97.24,14,60,0,1,Store,North,2023,5,6,127
2023-05-08,A,106.36,90.74,11,60,0,0,Store,West,2023,5,0,128
2023-05-09,A,103.31,111.57,10,60,0,0,Store,North,2023,5,1,129
2023-05-10,A,109.2,101.71,9,60,0,0,Store,West,2023,5,2,130
2023-05-11,A,102.84,108.28,11,60,0,0,Online,North,2023,5,3,131
2023-05-12,A,81.47,86.25,16,60,1,0,Store,North,2023,5,4,132
2023-05-13,A,82.4,94.38,15,60,0,1,Online,West,2023,5,5,133
2023-05-14,A,105.98,100.19,12,60,0,1,Online,West,2023,5,6,134
2023-05-15,A,112.89,109.1,12,60,1,0,Online,South,2023,5,0,135
2023-05-16,A,96.52,96.18,12,60,1,0,Online,South,2023,5,1,136
2023-05-17,A,86.33,91.53,11,60,0,0,Store,South,2023,5,2,137
2023-05-18,A,87.05,80.32,10,60,0,0,Store,East,2023,5,3,138
2023-05-19,A,120.27,137.46,10,60,0,0,Store,East,2023,5,4,139
2023-05-20,A,114.76,123.05,11,60,0,1,Store,South,2023,5,5,140
2023-05-21,A,91.18,94.14,15,60,0,1,Store,South,2023,5,6,141
2023-05-22,A,86.76,91.03,10,60,0,0,Store,West,2023,5,0,142
2023-05-23,A,114.37,102.42,9,60,0,0,Store,South,2023,5,1,143
2023-05-24,A,96.91,99.39,10,60,0,0,Store,West,2023,5,2,144
2023-05-25,A,95.77,91.99,13,60,1,0,Online,South,2023,5,3,145
2023-05-26,A,98.4,94.26,11,60,0,0,Store,East,2023,5,4,146
2023-05-27,A,77.22,74.58,13,60,1,1,Store,South,2023,5,5,147
2023-05-28,A,85.74,73.66,12,60,0,1,Store,South,2023,5,6,148
2023-05-29,A,103.35,89.54,13,60,1,0,Online,East,2023,5,0,149
2023-05-30,A,118.67,124.04,9,60,0,0,Online,West,2023,5,1,150
2023-05-31,A,114.8,113.82,8,60,0,0,Online,West,2023,5,2,151
2023-06-01,A,117.12,99.81,8,60,0,0,Online,East,2023,6,3,152
2023-06-02,A,98.52,104.71,14,60,1,0,Online,West,2023,6,4,153
2023-06-03,A,119.18,104.13,10,60,0,1,Online,South,2023,6,5,154
2023-06-04,A,135.24,132.33,8,60,0,1,Store,North,2023,6,6,155
2023-06-05,A,103.78,105.91,8,60,0,0,Store,West,2023,6,0,156
2023-06-06,A,113.4,126.8,8,60,0,0,Store,East,2023,6,1,157
2023-06-07,A,101.0,112.83,9,60,0,0,Online,East,2023,6,2,158
2023-06-08,A,85.22,82.79,12,60,1,0,Online,North,2023,6,3,159
2023-06-09,A,84.3,90.12,9,60,0,0,Online,West,2023,6,4,160
2023-06-10,A,91.29,85.9,14,60,1,1,Store,East,2023,6,5,161
2023-06-11,A,87.99,95.75,11,60,0,1,Store,West,2023,6,6,162
2023-06-12,A,100.68,86.01,9,60,0,0,Online,West,2023,6,0,163
2023-06-13,A,88.11,97.81,14,60,1,0,Online,East,2023,6,1,164
2023-06-14,A,82.36,94.16,13,60,1,0,Online,West,2023,6,2,165
2023-06-15,A,98.85,87.1,8,60,0,0,Online,East,2023,6,3,166
2023-06-16,A,76.44,82.68,13,60,0,0,Online,East,2023,6,4,167
2023-06-17,A,99.06,99.48,10,60,0,1,Online,West,2023,6,5,168
2023-06-18,A,88.61,88.73,10,60,0,1,Online,South,2023,6,6,169
2023-06-19,A,100.82,111.24,8,60,0,0,Store,East,2023,6,0,170
2023-06-20,A,103.14,114.53,8,60,0,0,Store,East,2023,6,1,171
2023-06-21,A,85.32,79.24,9,60,0,0,Store,West,2023,6,2,172
2023-06-22,A,88.74,99.28,11,60,1,0,Online,West,2023,6,3,173
2023-06-23,A,94.94,88.29,8,60,0,0,Online,East,2023,6,4,174
2023-06-24,A,98.02,93.71,9,60,0,1,Online,North,2023,6,5,175
2023-06-25,A,101.28,109.76,11,60,0,1,Store,North,2023,6,6,176
2023-06-26,A,111.69,118.92,7,60,0,0,Online,East,2023,6,0,177
2023-06-27,A,99.94,114.53,8,60,0,0,Online,East,2023,6,1,178
2023-06-28,A,77.74,69.2,12,60,1,0,Online,West,2023,6,2,179
2023-06-29,A,77.22,71.52,12,60,1,0,Online,West,2023,6,3,180
2023-06-30,A,88.82,86.45,8,60,0,0,Online,East,2023,6,4,181
2023-07-01,A,96.63,95.02,10,60,0,1,Store,East,2023,7,5,182
2023-07-02,A,100.67,109.05,10,60,1,1,Store,East,2023,7,6,183
2023-07-03,A,83.6,76.89,9,60,0,0,Store,North,2023,7,0,184
2023-07-04,A,74.18,78.49,9,60,0,0,Online,East,2023,7,1,185
2023-07-05,A,103.91,118.99,10,60,1,0,Store,North,2023,7,2,186
2023-07-06,A,110.22,113.85,8,60,1,0,Online,West,2023,7,3,187
2023-07-07,A,127.21,108.21,5,60,0,0,Online,South,2023,7,4,188
2023-07-08,A,102.55,106.61,9,60,0,1,Online,East,2023,7,5,189
2023-07-09,A,72.87,82.26,11,60,0,1,Store,South,2023,7,6,190
2023-07-10,A,96.26,85.67,8,60,1,0,Store,North,2023,7,0,191
2023-07-11,A,113.89,107.12,7,60,1,0,Store,East,2023,7,1,192
2023-07-12,A,115.53,118.21,7,60,0,0,Online,East,2023,7,2,193
2023-07-13,A,110.74,96.96,8,60,1,0,Online,West,2023,7,3,194
2023-07-14,A,83.62,88.43,9,60,0,0,Online,South,2023,7,4,195
2023-07-15,A,94.68,95.37,11,60,0,1,Online,North,2023,7,5,196
2023-07-16,A,113.33,124.49,8,60,0,1,Online,South,2023,7,6,197
2023-07-17,A,80.67,79.34,11,60,1,0,Online,North,2023,7,0,198
2023-07-18,A,102.19,112.46,8,60,0,0,Online,North,2023,7,1,199
2023-07-19,A,96.43,95.38,6,60,0,0,Store,East,2023,7,2,200
2023-07-20,A,111.45,127.31,9,60,1,0,Online,East,2023,7,3,201
2023-07-21,A,111.28,111.76,7,60,0,0,Online,North,2023,7,4,202
2023-07-22,A,98.12,84.58,8,60,0,1,Store,West,2023,7,5,203
2023-07-23,A,118.05,130.74,7,60,0,1,Store,East,2023,7,6,204
2023-07-24,A,79.16,79.76,9,60,0,0,Store,North,2023,7,0,205
2023-07-25,A,108.6,115.1,7,60,0,0,Online,North,2023,7,1,206
2023-07-26,A,105.26,90.72,6,60,0,0,Store,East,2023,7,2,207
2023-07-27,A,116.5,124.78,6,60,0,0,Online,South,2023,7,3,208
2023-07-28,A,104.66,95.01,5,60,0,0,Store,East,2023,7,4,209
2023-07-29,A,136.96,142.38,6,60,0,1,Online,South,2023,7,5,210
2023-07-30,A,107.21,97.13,8,60,0,1,Online,South,2023,7,6,211
2023-07-31,A,98.04,87.01,7,60,0,0,Online,East,2023,7,0,212
2023-08-01,A,91.92,87.78,8,60,0,0,Online,South,2023,8,1,213
2023-08-02,A,75.53,83.2,8,60,0,0,Store,South,2023,8,2,214
2023-08-03,A,91.3,81.06,6,60,0,0,Store,North,2023,8,3,215
2023-08-04,A,89.61,89.95,7,60,0,0,Online,South,2023,8,4,216
2023-08-05,A,128.01,138.82,7,60,0,1,Store,West,2023,8,5,217
2023-08-06,A,99.5,112.95,9,60,0,1,Online,East,2023,8,6,218
2023-08-07,A,82.08,87.31,8,60,0,0,Online,West,2023,8,0,219
2023-08-08,A,99.65,85.14,7,60,1,0,Store,West,2023,8,1,220
2023-08-09,A,81.45,73.06,8,60,0,0,Online,East,2023,8,2,221
2023-08-10,A,113.22,127.76,6,60,0,0,Online,South,2023,8,3,222
2023-08-11,A,85.62,87.28,6,60,0,0,Store,East,2023,8,4,223
2023-08-12,A,96.75,109.74,8,60,0,1,Store,West,2023,8,5,224
2023-08-13,A,99.26,112.53,8,60,0,1,Online,West,2023,8,6,225
2023-08-14,A,112.52,113.02,4,60,0,0,Online,East,2023,8,0,226
2023-08-15,A,105.23,95.67,5,60,0,0,Online,West,2023,8,1,227
2023-08-16,A,90.56,80.36,6,60,0,0,Online,West,2023,8,2,228
2023-08-17,A,115.51,107.4,6,60,0,0,Online,West,2023,8,3,229
2023-08-18,A,82.78,80.91,7,60,0,0,Online,West,2023,8,4,230
2023-08-19,A,111.14,98.03,6,60,0,1,Store,West,2023,8,5,231
2023-08-20,A,90.82,83.13,5,60,0,1,Online,South,2023,8,6,232
2023-08-21,A,101.98,109.25,6,60,0,0,Online,North,2023,8,0,233
2023-08-22,A,93.28,88.12,5,60,0,0,Store,West,2023,8,1,234
2023-08-23,A,84.92,93.14,7,60,0,0,Store,East,2023,8,2,235
2023-08-24,A,97.49,84.21,6,60,0,0,Store,West,2023,8,3,236
2023-08-25,A,89.7,94.09,7,60,1,0,Store,West,2023,8,4,237
2023-08-26,A,109.32,125.34,7,60,0,1,Online,North,2023,8,5,238
2023-08-27,A,91.05,84.82,8,60,1,1,Online,South,2023,8,6,239
2023-08-28,A,96.99,94.63,5,60,0,0,Store,East,2023,8,0,240
2023-08-29,A,94.92,82.29,6,60,0,0,Online,South,2023,8,1,241
2023-08-30,A,87.96,87.52,6,60,0,0,Store,West,2023,8,2,242
2023-08-31,A,93.11,96.94,5,60,0,0,Online,East,2023,8,3,243
2023-09-01,A,114.47,109.14,5,60,0,0,Store,West,2023,9,4,244
2023-09-02,A,125.95,130.86,4,60,0,1,Online,West,2023,9,5,245
2023-09-03,A,101.07,94.31,6,60,0,1,Online,North,2023,9,6,246
2023-09-04,A,101.02,90.79,5,60,1,0,Store,North,2023,9,0,247
2023-09-05,A,81.61,69.84,7,60,0,0,Store,West,2023,9,1,248
2023-09-06,A,82.43,82.88,8,60,0,0,Online,North,2023,9,2,249
2023-09-07,A,82.67,79.0,6,60,0,0,Online,North,2023,9,3,250
2023-09-08,A,76.83,85.28,7,60,0,0,Online,East,2023,9,4,251
2023-09-09,A,95.68,107.5,7,60,0,1,Online,West,2023,9,5,252
2023-09-10,A,141.53,159.23,6,60,1,1,Online,West,2023,9,6,253
2023-09-11,A,123.71,128.12,5,60,0,0,Online,South,2023,9,0,254
2023-09-12,A,96.27,109.33,6,60,0,0,Store,South,2023,9,1,255
2023-09-13,A,98.47,88.12,7,60,1,0,Online,South,2023,9,2,256
2023-09-14,A,89.63,80.61,6,60,0,0,Store,East,2023,9,3,257
2023-09-15,A,95.15,105.29,6,60,0,0,Store,East,2023,9,4,258
2023-09-16,A,107.2,99.02,5,60,0,1,Store,East,2023,9,5,259
2023-09-17,A,100.33,86.02,5,60,0,1,Online,South,2023,9,6,260
2023-09-18,A,113.46,103.66,5,60,0,0,Online,West,2023,9,0,261
2023-09-19,A,88.0,93.34,6,60,0,0,Online,South,2023,9,1,262
2023-09-20,A,114.27,102.16,5,60,0,0,Store,North,2023,9,2,263
2023-09-21,A,111.83,115.98,5,60,0,0,Online,East,2023,9,3,264
2023-09-22,A,98.15,106.16,6,60,0,0,Store,East,2023,9,4,265
2023-09-23,A,83.81,76.66,10,60,1,1,Online,South,2023,9,5,266
2023-09-24,A,106.14,99.43,7,60,1,1,Online,North,2023,9,6,267
2023-09-25,A,105.72,98.54,5,60,0,0,Store,West,2023,9,0,268
2023-09-26,A,100.56,113.61,5,60,0,0,Store,North,2023,9,1,269
2023-09-27,A,112.84,118.51,5,60,0,0,Store,South,2023,9,2,270
2023-09-28,A,82.17,85.82,6,60,0,0,Store,West,2023,9,3,271
2023-09-29,A,88.72,92.52,6,60,0,0,Online,East,2023,9,4,272
2023-09-30,A,111.53,122.16,7,60,1,1,Online,West,2023,9,5,273
2023-10-01,A,109.4,110.08,6,60,0,1,Store,West,2023,10,6,274
2023-10-02,A,116.56,129.01,5,60,0,0,Online,West,2023,10,0,275
2023-10-03,A,98.49,86.73,5,60,0,0,Store,West,2023,10,1,276
2023-10-04,A,117.76,108.36,4,60,0,0,Online,North,2023,10,2,277
2023-10-05,A,110.64,106.83,5,60,0,0,Online,East,2023,10,3,278
2023-10-06,A,82.25,87.2,6,60,0,0,Online,North,2023,10,4,279
2023-10-07,A,72.0,68.95,8,60,0,1,Online,North,2023,10,5,280
2023-10-08,A,72.0,71.79,9,60,1,1,Store,South,2023,10,6,281
2023-10-09,A,110.2,117.67,6,60,1,0,Store,West,2023,10,0,282
2023-10-10,A,72.0,63.51,7,60,0,0,Store,East,2023,10,1,283
2023-10-11,A,91.19,89.75,6,60,0,0,Store,East,2023,10,2,284
2023-10-12,A,132.24,126.55,5,60,0,0,Store,West,2023,10,3,285
2023-10-13,A,87.5,87.44,6,60,0,0,Store,North,2023,10,4,286
2023-10-14,A,121.41,115.54,5,60,0,1,Online,South,2023,10,5,287
2023-10-15,A,84.01,92.03,9,60,0,1,Online,East,2023,10,6,288
2023-10-16,A,85.9,96.37,7,60,0,0,Online,West,2023,10,0,289
2023-10-17,A,92.99,82.49,5,60,0,0,Store,East,2023,10,1,290
2023-10-18,A,101.27,94.27,6,60,0,0,Store,West,2023,10,2,291
2023-10-19,A,78.6,69.41,7,60,0,0,Store,North,2023,10,3,292
2023-10-20,A,100.76,94.71,6,60,0,0,Online,North,2023,10,4,293
2023-10-21,A,104.27,94.73,6,60,0,1,Store,West,2023,10,5,294
2023-10-22,A,110.28,114.83,7,60,1,1,Online,West,2023,10,6,295
2023-10-23,A,104.82,92.09,5,60,0,0,Online,North,2023,10,0,296
2023-10-24,A,101.65,102.88,6,60,0,0,Online,West,2023,10,1,297
2023-10-25,A,84.51,90.74,9,60,1,0,Store,North,2023,10,2,298
2023-10-26,A,92.86,85.87,5,60,0,0,Online,South,2023,10,3,299
2023-10-27,A,78.82,80.4,7,60,0,0,Online,West,2023,10,4,300
2023-10-28,A,91.99,101.27,7,60,0,1,Online,East,2023,10,5,301
2023-10-29,A,102.77,97.58,7,60,0,1,Online,West,2023,10,6,302
2023-10-30,A,89.78,79.97,7,60,0,0,Store,West,2023,10,0,303
2023-10-31,A,100.8,93.63,6,60,0,0,Store,East,2023,10,1,304
2023-11-01,A,84.8,73.39,5,60,0,0,Online,West,2023,11,2,305
2023-11-02,A,95.51,96.09,6,60,0,0,Online,North,2023,11,3,306
2023-11-03,A,109.67,99.48,6,60,0,0,Online,South,2023,11,4,307
2023-11-04,A,97.0,97.09,6,60,0,1,Online,West,2023,11,5,308
2023-11-05,A,93.68,103.32,6,60,0,1,Store,East,2023,11,6,309
2023-11-06,A,124.07,113.48,4,60,0,0,Store,North,2023,11,0,310
2023-11-07,A,108.81,97.93,6,60,0,0,Store,West,2023,11,1,311
2023-11-08,A,114.34,107.04,5,60,0,0,Online,West,2023,11,2,312
2023-11-09,A,132.18,138.66,6,60,1,0,Online,South,2023,11,3,313
2023-11-10,A,129.06,117.08,3,60,0,0,Store,West,2023,11,4,314
2023-11-11,A,114.74,109.58,6,60,1,1,Online,North,2023,11,5,315
2023-11-12,A,108.66,112.15,9,60,1,1,Online,North,2023,11,6,316
2023-11-13,A,122.93,130.81,5,60,0,0,Online,North,2023,11,0,317
2023-11-14,A,101.27,88.66,5,60,0,0,Store,South,2023,11,1,318
2023-11-15,A,98.15,108.99,8,60,1,0,Online,East,2023,11,2,319
2023-11-16,A,86.21,73.73,7,60,0,0,Online,East,2023,11,3,320
2023-11-17,A,91.69,90.13,7,60,0,0,Online,West,2023,11,4,321
2023-11-18,A,116.31,129.87,6,60,0,1,Store,North,2023,11,5,322
2023-11-19,A,104.3,111.3,7,60,0,1,Store,South,2023,11,6,323
2023-11-20,A,117.16,112.23,6,60,0,0,Online,West,2023,11,0,324
2023-11-21,A,86.84,75.19,5,60,0,0,Store,South,2023,11,1,325
2023-11-22,A,91.92,80.73,5,60,0,0,Online,South,2023,11,2,326
2023-11-23,A,73.07,67.53,8,60,0,0,Store,East,2023,11,3,327
2023-11-24,A,107.36,119.22,6,60,0,0,Store,South,2023,11,4,328
2023-11-25,A,91.67,93.57,10,60,1,1,Store,West,2023,11,5,329
2023-11-26,A,84.78,93.64,10,60,1,1,Online,East,2023,11,6,330
2023-11-27,A,134.16,128.39,4,60,0,0,Online,West,2023,11,0,331
2023-11-28,A,103.08,93.57,6,60,0,0,Store,North,2023,11,1,332
2023-11-29,A,103.49,104.42,7,60,0,0,Online,East,2023,11,2,333
2023-11-30,A,100.94,115.83,8,60,0,0,Store,South,2023,11,3,334
2023-12-01,A,97.44,104.76,6,60,0,0,Store,West,2023,12,4,335
2023-12-02,A,117.33,115.35,8,60,1,1,Online,West,2023,12,5,336
2023-12-03,A,96.68,107.5,8,60,0,1,Store,West,2023,12,6,337
2023-12-04,A,99.04,93.08,6,60,0,0,Online,West,2023,12,0,338
2023-12-05,A,95.42,86.81,7,60,0,0,Online,North,2023,12,1,339
2023-12-06,A,112.38,104.6,8,60,1,0,Online,South,2023,12,2,340
2023-12-07,A,93.44,83.82,7,60,1,0,Store,West,2023,12,3,341
2023-12-08,A,79.91,85.54,8,60,0,0,Online,North,2023,12,4,342
2023-12-09,A,105.02,106.68,9,60,0,1,Online,West,2023,12,5,343
2023-12-10,A,115.46,106.88,7,60,0,1,Online,North,2023,12,6,344
2023-12-11,A,107.38,106.87,7,60,0,0,Online,South,2023,12,0,345
2023-12-12,A,99.99,103.0,7,60,0,0,Store,East,2023,12,1,346
2023-12-13,A,98.27,91.35,7,60,0,0,Store,South,2023,12,2,347
2023-12-14,A,128.44,142.0,6,60,0,0,Online,North,2023,12,3,348
2023-12-15,A,110.59,121.34,7,60,0,0,Store,South,2023,12,4,349
2023-12-16,A,118.78,123.12,8,60,0,1,Store,West,2023,12,5,350
2023-12-17,A,92.79,96.2,11,60,0,1,Online,West,2023,12,6,351
2023-12-18,A,99.14,109.15,6,60,0,0,Online,North,2023,12,0,352
2023-12-19,A,88.98,81.44,8,60,1,0,Online,West,2023,12,1,353
2023-12-20,A,83.72,84.33,11,60,1,0,Store,East,2023,12,2,354
2023-12-21,A,95.89,83.95,9,60,1,0,Store,North,2023,12,3,355
2023-12-22,A,86.59,97.58,8,60,0,0,Store,South,2023,12,4,356
2023-12-23,A,100.61,92.55,12,60,1,1,Store,East,2023,12,5,357
2023-12-24,A,125.39,130.17,7,60,0,1,Store,East,2023,12,6,358
2023-12-25,A,115.51,117.4,8,60,1,0,Store,North,2023,12,0,359
2023-12-26,A,99.99,86.83,8,60,0,0,Store,South,2023,12,1,360
2023-12-27,A,99.41,87.07,6,60,0,0,Online,South,2023,12,2,361
2023-12-28,A,112.88,106.69,7,60,0,0,Online,East,2023,12,3,362
2023-12-29,A,111.92,107.43,8,60,0,0,Store,North,2023,12,4,363
2023-12-30,A,103.52,106.86,10,60,0,1,Store,West,2023,12,5,364
2023-12-31,A,120.53,122.7,7,60,0,1,Online,East,2023,12,6,365
2021-01-01,B,111.06,100.04,13,90,0,0,Store,South,2021,1,4,1
2021-01-02,B,145.99,140.32,11,90,0,1,Store,North,2021,1,5,2
2021-01-03,B,108.0,102.81,13,90,0,1,Online,North,2021,1,6,3
2021-01-04,B,145.44,136.79,11,90,0,0,Store,South,2021,1,0,4
2021-01-05,B,165.74,142.33,8,90,0,0,Store,West,2021,1,1,5
2021-01-06,B,197.63,189.69,10,90,1,0,Online,South,2021,1,2,6
2021-01-07,B,165.07,184.86,9,90,0,0,Online,East,2021,1,3,7
2021-01-08,B,134.51,115.8,11,90,0,0,Store,West,2021,1,4,8
2021-01-09,B,118.79,108.13,15,90,0,1,Online,South,2021,1,5,9
2021-01-10,B,208.71,228.65,8,90,0,1,Store,East,2021,1,6,10
2021-01-11,B,175.08,171.83,10,90,1,0,Online,North,2021,1,0,11
2021-01-12,B,194.25,184.81,10,90,1,0,Online,North,2021,1,1,12
2021-01-13,B,183.88,168.81,8,90,0,0,Store,West,2021,1,2,13
2021-01-14,B,138.0,154.51,11,90,1,0,Store,South,2021,1,3,14
2021-01-15,B,123.02,120.73,11,90,0,0,Online,West,2021,1,4,15
2021-01-16,B,119.46,113.03,13,90,0,1,Online,South,2021,1,5,16
2021-01-17,B,172.67,166.87,10,90,0,1,Online,West,2021,1,6,17
2021-01-18,B,173.82,155.67,8,90,0,0,Online,South,2021,1,0,18
2021-01-19,B,155.27,160.28,11,90,0,0,Store,South,2021,1,1,19
2021-01-20,B,192.29,176.9,11,90,1,0,Online,North,2021,1,2,20
2021-01-21,B,108.0,101.44,14,90,0,0,Online,South,2021,1,3,21
2021-01-22,B,137.18,144.46,15,90,1,0,Online,West,2021,1,4,22
2021-01-23,B,132.56,136.94,15,90,0,1,Online,West,2021,1,5,23
2021-01-24,B,136.26,128.2,15,90,0,1,Store,North,2021,1,6,24
2021-01-25,B,132.04,121.24,10,90,0,0,Online,West,2021,1,0,25
2021-01-26,B,167.16,185.06,11,90,0,0,Online,South,2021,1,1,26
2021-01-27,B,146.05,150.05,12,90,1,0,Store,South,2021,1,2,27
2021-01-28,B,188.15,164.98,8,90,0,0,Online,North,2021,1,3,28
2021-01-29,B,148.34,126.27,12,90,0,0,Online,West,2021,1,4,29
2021-01-30,B,154.47,175.03,11,90,0,1,Online,South,2021,1,5,30
2021-01-31,B,158.18,171.94,12,90,0,1,Store,South,2021,1,6,31
2021-02-01,B,117.81,119.86,12,90,0,0,Online,East,2021,2,0,32
2021-02-02,B,135.52,139.51,12,90,0,0,Online,South,2021,2,1,33
2021-02-03,B,143.06,126.44,15,90,1,0,Store,South,2021,2,2,34
2021-02-04,B,174.99,156.98,10,90,0,0,Online,South,2021,2,3,35
2021-02-05,B,146.83,146.03,11,90,0,0,Online,North,2021,2,4,36
2021-02-06,B,177.28,200.74,14,90,1,1,Online,East,2021,2,5,37
2021-02-07,B,139.21,134.97,15,90,0,1,Online,North,2021,2,6,38
2021-02-08,B,142.6,125.43,11,90,0,0,Store,West,2021,2,0,39
2021-02-09,B,108.0,117.71,13,90,0,0,Online,North,2021,2,1,40
2021-02-10,B,124.44,109.5,13,90,0,0,Store,West,2021,2,2,41
2021-02-11,B,128.08,117.92,16,90,1,0,Store,North,2021,2,3,42
2021-02-12,B,160.73,181.56,12,90,0,0,Store,South,2021,2,4,43
2021-02-13,B,139.51,127.52,15,90,0,1,Online,West,2021,2,5,44
2021-02-14,B,143.35,135.75,19,90,1,1,Online,East,2021,2,6,45
2021-02-15,B,177.02,158.93,11,90,1,0,Store,North,2021,2,0,46
2021-02-16,B,169.3,170.03,12,90,0,0,Store,East,2021,2,1,47
2021-02-17,B,193.54,168.68,9,90,0,0,Store,North,2021,2,2,48
2021-02-18,B,167.42,147.69,13,90,0,0,Store,North,2021,2,3,49
2021-02-19,B,154.79,134.91,16,90,1,0,Store,South,2021,2,4,50
2021-02-20,B,135.92,144.69,14,90,0,1,Online,North,2021,2,5,51
2021-02-21,B,150.08,131.3,15,90,0,1,Online,West,2021,2,6,52
2021-02-22,B,146.32,132.3,10,90,0,0,Store,North,2021,2,0,53
2021-02-23,B,135.81,128.55,14,90,0,0,Store,East,2021,2,1,54
2021-02-24,B,148.77,155.88,14,90,0,0,Online,West,2021,2,2,55
2021-02-25,B,146.59,164.01,12,90,1,0,Online,West,2021,2,3,56
2021-02-26,B,115.31,121.56,24,90,1,0,Store,East,2021,2,4,57
2021-02-27,B,163.76,181.03,13,90,0,1,Online,North,2021,2,5,58
2021-02-28,B,125.29,134.88,19,90,0,1,Online,South,2021,2,6,59
2021-03-01,B,163.61,141.45,11,90,0,0,Online,West,2021,3,0,60
2021-03-02,B,190.28,183.56,11,90,0,0,Store,South,2021,3,1,61
2021-03-03,B,137.43,134.42,13,90,0,0,Store,North,2021,3,2,62
2021-03-04,B,151.85,146.5,12,90,0,0,Online,North,2021,3,3,63
2021-03-05,B,157.79,136.34,13,90,0,0,Store,South,2021,3,4,64
2021-03-06,B,159.07,181.66,13,90,0,1,Online,East,2021,3,5,65
2021-03-07,B,146.33,160.36,15,90,0,1,Online,North,2021,3,6,66
2021-03-08,B,132.4,132.76,12,90,0,0,Store,West,2021,3,0,67
2021-03-09,B,122.52,108.79,20,90,1,0,Online,South,2021,3,1,68
2021-03-10,B,131.24,114.53,14,90,0,0,Store,North,2021,3,2,69
2021-03-11,B,108.0,116.06,24,90,1,0,Store,North,2021,3,3,70
2021-03-12,B,152.08,162.17,16,90,0,0,Online,North,2021,3,4,71
2021-03-13,B,137.39,136.19,13,90,0,1,Online,West,2021,3,5,72
2021-03-14,B,138.8,146.87,18,90,0,1,Store,East,2021,3,6,73
2021-03-15,B,162.75,155.21,13,90,0,0,Online,East,2021,3,0,74
2021-03-16,B,117.92,124.64,14,90,0,0,Online,East,2021,3,1,75
2021-03-17,B,136.64,149.18,13,90,0,0,Online,East,2021,3,2,76
2021-03-18,B,145.28,155.74,14,90,0,0,Store,North,2021,3,3,77
2021-03-19,B,146.79,126.54,20,90,1,0,Online,West,2021,3,4,78
2021-03-20,B,165.16,162.89,15,90,1,1,Store,South,2021,3,5,79
2021-03-21,B,183.97,193.0,10,90,0,1,Online,West,2021,3,6,80
2021-03-22,B,154.6,167.82,13,90,0,0,Online,East,2021,3,0,81
2021-03-23,B,151.51,171.05,15,90,0,0,Online,South,2021,3,1,82
2021-03-24,B,147.71,150.19,15,90,0,0,Online,East,2021,3,2,83
2021-03-25,B,190.36,206.27,12,90,0,0,Store,East,2021,3,3,84
2021-03-26,B,122.14,137.7,15,90,0,0,Online,East,2021,3,4,85
2021-03-27,B,136.64,136.79,17,90,0,1,Online,West,2021,3,5,86
2021-03-28,B,153.89,131.22,16,90,0,1,Online,North,2021,3,6,87
2021-03-29,B,193.77,165.77,11,90,0,0,Store,East,2021,3,0,88
2021-03-30,B,182.59,179.97,12,90,0,0,Online,North,2021,3,1,89
2021-03-31,B,158.19,134.9,12,90,0,0,Store,South,2021,3,2,90
2021-04-01,B,138.17,137.59,13,90,0,0,Online,North,2021,4,3,91
2021-04-02,B,182.4,205.28,11,90,0,0,Online,West,2021,4,4,92
2021-04-03,B,136.58,129.49,18,90,0,1,Store,East,2021,4,5,93
2021-04-04,B,170.77,166.16,14,90,0,1,Online,North,2021,4,6,94
2021-04-05,B,124.11,133.51,19,90,1,0,Online,South,2021,4,0,95
2021-04-06,B,149.0,159.66,15,90,1,0,Store,East,2021,4,1,96
2021-04-07,B,167.22,175.06,13,90,0,0,Online,South,2021,4,2,97
2021-04-08,B,153.03,164.68,14,90,0,0,Online,North,2021,4,3,98
2021-04-09,B,170.94,157.57,10,90,0,0,Store,East,2021,4,4,99
2021-04-10,B,151.5,149.76,17,90,0,1,Online,South,2021,4,5,100
2021-04-11,B,108.0,111.6,19,90,0,1,Online,South,2021,4,6,101
2021-04-12,B,132.48,131.81,17,90,1,0,Online,East,2021,4,0,102
2021-04-13,B,134.73,153.4,14,90,0,0,Online,West,2021,4,1,103
2021-04-14,B,118.26,115.05,16,90,0,0,Store,South,2021,4,2,104
2021-04-15,B,108.0,97.5,13,90,0,0,Online,West,2021,4,3,105
2021-04-16,B,137.18,137.38,18,90,0,0,Store,East,2021,4,4,106
2021-04-17,B,132.87,131.49,15,90,0,1,Store,East,2021,4,5,107
2021-04-18,B,151.13,133.57,16,90,1,1,Online,East,2021,4,6,108
2021-04-19,B,180.79,176.47,14,90,1,0,Store,East,2021,4,0,109
2021-04-20,B,151.37,135.36,11,90,0,0,Online,North,2021,4,1,110
2021-04-21,B,158.85,155.92,13,90,0,0,Store,West,2021,4,2,111
2021-04-22,B,146.75,144.22,13,90,0,0,Online,East,2021,4,3,112
2021-04-23,B,130.43,138.09,14,90,0,0,Store,South,2021,4,4,113
2021-04-24,B,151.74,141.93,13,90,0,1,Store,East,2021,4,5,114
2021-04-25,B,124.62,117.98,17,90,0,1,Store,South,2021,4,6,115
2021-04-26,B,144.3,146.57,14,90,0,0,Online,West,2021,4,0,116
2021-04-27,B,169.95,165.3,11,90,0,0,Store,North,2021,4,1,117
2021-04-28,B,141.04,140.4,12,90,0,0,Online,West,2021,4,2,118
2021-04-29,B,133.83,144.41,21,90,1,0,Store,North,2021,4,3,119
2021-04-30,B,125.09,125.24,15,90,0,0,Online,East,2021,4,4,120
2021-05-01,B,110.53,125.84,20,90,0,1,Online,North,2021,5,5,121
2021-05-02,B,149.09,143.02,13,90,0,1,Online,West,2021,5,6,122
2021-05-03,B,132.27,139.02,12,90,0,0,Online,East,2021,5,0,123
2021-05-04,B,169.33,145.52,13,90,1,0,Online,West,2021,5,1,124
2021-05-05,B,131.28,124.22,17,90,1,0,Online,South,2021,5,2,125
2021-05-06,B,187.77,163.43,10,90,0,0,Online,South,2021,5,3,126
2021-05-07,B,143.39,146.67,13,90,0,0,Online,East,2021,5,4,127
2021-05-08,B,108.0,99.38,18,90,0,1,Online,East,2021,5,5,128
2021-05-09,B,175.79,167.87,13,90,0,1,Online,East,2021,5,6,129
2021-05-10,B,117.49,124.77,14,90,1,0,Online,North,2021,5,0,130
2021-05-11,B,130.78,139.29,14,90,0,0,Online,West,2021,5,1,131
2021-05-12,B,188.25,208.0,8,90,0,0,Online,North,2021,5,2,132
2021-05-13,B,150.96,133.1,13,90,0,0,Online,West,2021,5,3,133
2021-05-14,B,154.38,136.82,11,90,0,0,Online,West,2021,5,4,134
2021-05-15,B,166.44,175.62,12,90,0,1,Store,North,2021,5,5,135
2021-05-16,B,186.68,176.91,12,90,0,1,Store,North,2021,5,6,136
2021-05-17,B,176.05,153.87,9,90,0,0,Online,South,2021,5,0,137
2021-05-18,B,145.27,130.56,15,90,1,0,Store,North,2021,5,1,138
2021-05-19,B,168.61,150.93,9,90,0,0,Online,East,2021,5,2,139
2021-05-20,B,163.24,186.29,10,90,0,0,Online,South,2021,5,3,140
2021-05-21,B,111.06,111.6,13,90,0,0,Store,East,2021,5,4,141
2021-05-22,B,131.57,115.23,13,90,0,1,Online,North,2021,5,5,142
2021-05-23,B,160.63,143.69,11,90,0,1,Online,West,2021,5,6,143
2021-05-24,B,171.65,180.18,9,90,0,0,Online,North,2021,5,0,144
2021-05-25,B,175.68,193.76,10,90,0,0,Store,North,2021,5,1,145
2021-05-26,B,136.93,142.65,12,90,0,0,Online,East,2021,5,2,146
2021-05-27,B,159.39,143.52,14,90,1,0,Online,South,2021,5,3,147
2021-05-28,B,116.97,120.62,16,90,1,0,Store,West,2021,5,4,148
2021-05-29,B,156.92,135.27,17,90,1,1,Online,South,2021,5,5,149
2021-05-30,B,159.02,164.47,14,90,0,1,Store,South,2021,5,6,150
2021-05-31,B,183.91,203.43,10,90,0,0,Online,North,2021,5,0,151
2021-06-01,B,110.2,98.24,12,90,0,0,Online,West,2021,6,1,152
2021-06-02,B,160.46,175.53,13,90,1,0,Store,East,2021,6,2,153
2021-06-03,B,145.3,138.19,10,90,0,0,Store,West,2021,6,3,154
2021-06-04,B,151.75,168.46,17,90,1,0,Online,West,2021,6,4,155
2021-06-05,B,153.26,173.79,11,90,0,1,Online,South,2021,6,5,156
2021-06-06,B,123.78,113.54,14,90,0,1,Store,South,2021,6,6,157
2021-06-07,B,173.62,162.43,10,90,0,0,Store,East,2021,6,0,158
2021-06-08,B,173.7,181.92,11,90,1,0,Store,North,2021,6,1,159
2021-06-09,B,177.15,179.68,11,90,0,0,Online,East,2021,6,2,160
2021-06-10,B,172.1,153.96,9,90,0,0,Online,North,2021,6,3,161
2021-06-11,B,137.98,134.03,12,90,0,0,Online,South,2021,6,4,162
2021-06-12,B,141.3,151.83,18,90,1,1,Online,North,2021,6,5,163
2021-06-13,B,164.06,174.1,13,90,1,1,Online,West,2021,6,6,164
2021-06-14,B,152.0,140.84,11,90,0,0,Online,West,2021,6,0,165
2021-06-15,B,177.36,189.89,9,90,0,0,Online,North,2021,6,1,166
2021-06-16,B,133.94,127.6,11,90,1,0,Online,West,2021,6,2,167
2021-06-17,B,147.83,149.7,10,90,0,0,Store,West,2021,6,3,168
2021-06-18,B,121.86,137.67,11,90,0,0,Store,North,2021,6,4,169
2021-06-19,B,130.03,110.58,14,90,0,1,Online,North,2021,6,5,170
2021-06-20,B,123.79,135.84,12,90,0,1,Online,North,2021,6,6,171
2021-06-21,B,159.97,178.92,10,90,0,0,Store,North,2021,6,0,172
2021-06-22,B,123.82,132.54,10,90,0,0,Online,South,2021,6,1,173
2021-06-23,B,167.27,158.25,9,90,0,0,Online,West,2021,6,2,174
2021-06-24,B,153.83,158.56,10,90,0,0,Store,West,2021,6,3,175
2021-06-25,B,121.29,119.42,10,90,0,0,Store,West,2021,6,4,176
2021-06-26,B,137.38,146.84,12,90,0,1,Store,West,2021,6,5,177
2021-06-27,B,147.05,164.75,12,90,0,1,Online,North,2021,6,6,178
2021-06-28,B,170.16,187.41,11,90,1,0,Store,South,2021,6,0,179
2021-06-29,B,138.94,119.1,10,90,0,0,Online,South,2021,6,1,180
2021-06-30,B,126.23,135.92,10,90,0,0,Online,North,2021,6,2,181
2021-07-01,B,167.25,145.79,7,90,0,0,Online,North,2021,7,3,182
2021-07-02,B,160.2,145.29,9,90,0,0,Store,North,2021,7,4,183
2021-07-03,B,142.9,148.11,11,90,0,1,Online,North,2021,7,5,184
2021-07-04,B,148.2,158.27,13,90,1,1,Online,North,2021,7,6,185
2021-07-05,B,156.82,174.84,10,90,0,0,Online,South,2021,7,0,186
2021-07-06,B,150.78,141.35,9,90,0,0,Store,East,2021,7,1,187
2021-07-07,B,196.42,195.38,8,90,0,0,Store,East,2021,7,2,188
2021-07-08,B,158.13,168.52,7,90,0,0,Store,East,2021,7,3,189
2021-07-09,B,161.53,182.66,7,90,0,0,Online,South,2021,7,4,190
2021-07-10,B,144.27,153.42,11,90,0,1,Online,East,2021,7,5,191
2021-07-11,B,141.11,121.26,10,90,0,1,Store,East,2021,7,6,192
2021-07-12,B,136.38,127.36,7,90,0,0,Online,East,2021,7,0,193
2021-07-13,B,155.29,157.8,10,90,1,0,Online,South,2021,7,1,194
2021-07-14,B,164.92,142.9,8,90,0,0,Store,East,2021,7,2,195
2021-07-15,B,182.93,163.23,9,90,0,0,Store,West,2021,7,3,196
2021-07-16,B,153.52,154.28,9,90,0,0,Online,West,2021,7,4,197
2021-07-17,B,127.33,136.34,11,90,0,1,Online,North,2021,7,5,198
2021-07-18,B,138.08,117.94,12,90,1,1,Online,West,2021,7,6,199
2021-07-19,B,134.76,131.74,9,90,0,0,Store,South,2021,7,0,200
2021-07-20,B,152.06,154.77,8,90,0,0,Online,North,2021,7,1,201
2021-07-21,B,180.61,189.24,6,90,0,0,Online,East,2021,7,2,202
2021-07-22,B,158.71,151.03,8,90,0,0,Store,North,2021,7,3,203
2021-07-23,B,126.57,108.56,7,90,0,0,Store,East,2021,7,4,204
2021-07-24,B,164.51,171.05,8,90,0,1,Store,East,2021,7,5,205
2021-07-25,B,149.67,142.57,12,90,1,1,Online,North,2021,7,6,206
2021-07-26,B,120.57,137.02,9,90,0,0,Store,North,2021,7,0,207
2021-07-27,B,140.22,130.27,7,90,0,0,Online,North,2021,7,1,208
2021-07-28,B,125.66,121.18,12,90,1,0,Online,South,2021,7,2,209
2021-07-29,B,146.83,134.93,7,90,0,0,Online,North,2021,7,3,210
2021-07-30,B,138.59,144.04,10,90,1,0,Online,East,2021,7,4,211
2021-07-31,B,142.73,158.0,13,90,1,1,Online,North,2021,7,5,212
2021-08-01,B,120.45,106.92,10,90,1,1,Online,North,2021,8,6,213
2021-08-02,B,146.86,151.52,7,90,0,0,Online,South,2021,8,0,214
2021-08-03,B,120.96,129.31,8,90,0,0,Store,North,2021,8,1,215
2021-08-04,B,172.46,172.15,7,90,0,0,Online,South,2021,8,2,216
2021-08-05,B,124.44,137.01,9,90,0,0,Online,South,2021,8,3,217
2021-08-06,B,121.38,108.14,8,90,0,0,Online,West,2021,8,4,218
2021-08-07,B,150.81,146.39,8,90,0,1,Online,South,2021,8,5,219
2021-08-08,B,124.72,106.33,10,90,1,1,Online,North,2021,8,6,220
2021-08-09,B,170.58,189.58,6,90,0,0,Online,South,2021,8,0,221
2021-08-10,B,142.01,123.01,7,90,0,0,Online,West,2021,8,1,222
2021-08-11,B,144.81,154.88,9,90,0,0,Store,North,2021,8,2,223
2021-08-12,B,128.28,128.42,9,90,1,0,Online,South,2021,8,3,224
2021-08-13,B,169.21,193.71,6,90,0,0,Online,East,2021,8,4,225
2021-08-14,B,121.48,113.07,12,90,1,1,Online,East,2021,8,5,226
2021-08-15,B,127.67,139.59,8,90,0,1,Store,West,2021,8,6,227
2021-08-16,B,170.4,147.36,5,90,0,0,Online,North,2021,8,0,228
2021-08-17,B,123.49,128.81,6,90,0,0,Online,East,2021,8,1,229
2021-08-18,B,137.9,151.21,8,90,0,0,Online,West,2021,8,2,230
2021-08-19,B,148.75,131.48,6,90,0,0,Store,East,2021,8,3,231
2021-08-20,B,108.0,112.57,10,90,1,0,Online,North,2021,8,4,232
2021-08-21,B,125.46,113.09,10,90,0,1,Store,South,2021,8,5,233
2021-08-22,B,151.47,159.16,10,90,1,1,Online,South,2021,8,6,234
2021-08-23,B,159.59,148.16,9,90,1,0,Store,West,2021,8,0,235
2021-08-24,B,148.44,166.04,8,90,1,0,Store,South,2021,8,1,236
2021-08-25,B,145.21,141.33,7,90,0,0,Online,South,2021,8,2,237
2021-08-26,B,138.12,145.92,7,90,0,0,Online,South,2021,8,3,238
2021-08-27,B,168.36,158.15,6,90,0,0,Online,South,2021,8,4,239
2021-08-28,B,134.92,127.43,7,90,0,1,Online,West,2021,8,5,240
2021-08-29,B,132.39,140.55,7,90,0,1,Online,East,2021,8,6,241
2021-08-30,B,111.05,119.6,9,90,0,0,Store,East,2021,8,0,242
2021-08-31,B,153.22,168.99,6,90,0,0,Online,West,2021,8,1,243
2021-09-01,B,146.96,152.15,7,90,0,0,Store,South,2021,9,2,244
2021-09-02,B,134.3,137.89,6,90,0,0,Store,South,2021,9,3,245
2021-09-03,B,139.66,140.69,9,90,1,0,Online,South,2021,9,4,246
2021-09-04,B,174.85,194.49,8,90,1,1,Store,West,2021,9,5,247
2021-09-05,B,141.96,162.11,11,90,1,1,Online,South,2021,9,6,248
2021-09-06,B,165.48,154.13,6,90,0,0,Store,South,2021,9,0,249
2021-09-07,B,147.13,167.44,6,90,0,0,Store,North,2021,9,1,250
2021-09-08,B,127.93,133.41,7,90,0,0,Store,West,2021,9,2,251
2021-09-09,B,149.73,142.25,6,90,0,0,Online,South,2021,9,3,252
2021-09-10,B,157.92,137.51,5,90,0,0,Online,South,2021,9,4,253
2021-09-11,B,177.81,170.86,7,90,0,1,Online,North,2021,9,5,254
2021-09-12,B,164.55,183.95,7,90,0,1,Online,East,2021,9,6,255
2021-09-13,B,191.97,219.39,5,90,0,0,Store,West,2021,9,0,256
2021-09-14,B,179.99,159.12,5,90,0,0,Store,West,2021,9,1,257
2021-09-15,B,139.7,152.32,6,90,0,0,Online,South,2021,9,2,258
2021-09-16,B,160.03,168.9,5,90,0,0,Store,South,2021,9,3,259
2021-09-17,B,130.59,121.99,8,90,0,0,Online,West,2021,9,4,260
2021-09-18,B,176.42,202.32,7,90,0,1,Store,West,2021,9,5,261
2021-09-19,B,142.69,154.6,8,90,0,1,Store,North,2021,9,6,262
2021-09-20,B,141.9,133.84,6,90,0,0,Store,East,2021,9,0,263
2021-09-21,B,136.96,145.33,6,90,0,0,Online,North,2021,9,1,264
2021-09-22,B,137.25,129.23,7,90,0,0,Online,East,2021,9,2,265
2021-09-23,B,176.05,155.09,7,90,1,0,Store,West,2021,9,3,266
2021-09-24,B,171.96,152.67,5,90,0,0,Online,East,2021,9,4,267
2021-09-25,B,145.68,144.84,6,90,0,1,Online,East,2021,9,5,268
2021-09-26,B,147.54,169.09,7,90,0,1,Store,South,2021,9,6,269
2021-09-27,B,112.01,116.65,7,90,0,0,Online,East,2021,9,0,270
2021-09-28,B,141.96,120.74,7,90,0,0,Online,West,2021,9,1,271
2021-09-29,B,141.21,159.68,6,90,0,0,Online,West,2021,9,2,272
2021-09-30,B,158.21,140.19,5,90,0,0,Online,West,2021,9,3,273
2021-10-01,B,126.36,129.29,8,90,0,0,Online,East,2021,10,4,274
2021-10-02,B,178.18,174.72,7,90,1,1,Online,East,2021,10,5,275
2021-10-03,B,143.47,154.69,7,90,0,1,Online,North,2021,10,6,276
2021-10-04,B,133.72,141.29,8,90,1,0,Store,North,2021,10,0,277
2021-10-05,B,145.12,127.6,8,90,1,0,Online,East,2021,10,1,278
2021-10-06,B,157.46,169.81,6,90,0,0,Online,West,2021,10,2,279
2021-10-07,B,178.14,182.98,5,90,0,0,Online,East,2021,10,3,280
2021-10-08,B,173.7,185.71,5,90,0,0,Store,East,2021,10,4,281
2021-10-09,B,158.77,178.45,6,90,0,1,Store,West,2021,10,5,282
2021-10-10,B,131.99,121.98,10,90,1,1,Online,North,2021,10,6,283
2021-10-11,B,150.99,164.28,6,90,0,0,Online,South,2021,10,0,284
2021-10-12,B,167.89,173.17,5,90,0,0,Store,West,2021,10,1,285
2021-10-13,B,134.77,117.37,6,90,0,0,Online,West,2021,10,2,286
2021-10-14,B,156.22,141.19,5,90,0,0,Online,East,2021,10,3,287
2021-10-15,B,167.91,185.4,5,90,0,0,Online,North,2021,10,4,288
2021-10-16,B,147.52,144.73,8,90,0,1,Online,North,2021,10,5,289
2021-10-17,B,161.58,167.28,7,90,0,1,Online,North,2021,10,6,290
2021-10-18,B,149.65,150.27,6,90,0,0,Online,North,2021,10,0,291
2021-10-19,B,139.42,132.64,6,90,0,0,Online,South,2021,10,1,292
2021-10-20,B,146.4,127.9,6,90,0,0,Online,West,2021,10,2,293
2021-10-21,B,157.95,144.02,5,90,0,0,Online,East,2021,10,3,294
2021-10-22,B,174.18,177.24,8,90,1,0,Online,South,2021,10,4,295
2021-10-23,B,174.36,170.79,7,90,0,1,Online,West,2021,10,5,296
2021-10-24,B,140.15,144.69,7,90,0,1,Online,North,2021,10,6,297
2021-10-25,B,147.34,168.03,6,90,0,0,Store,West,2021,10,0,298
2021-10-26,B,160.41,176.49,6,90,0,0,Store,West,2021,10,1,299
2021-10-27,B,126.98,128.16,6,90,0,0,Online,West,2021,10,2,300
2021-10-28,B,141.81,120.97,7,90,0,0,Store,West,2021,10,3,301
2021-10-29,B,178.62,184.96,5,90,0,0,Online,West,2021,10,4,302
2021-10-30,B,168.04,169.96,8,90,0,1,Online,East,2021,10,5,303
2021-10-31,B,158.03,154.4,6,90,0,1,Online,East,2021,10,6,304
2021-11-01,B,187.79,199.23,6,90,0,0,Online,South,2021,11,0,305
2021-11-02,B,134.26,152.75,7,90,0,0,Store,East,2021,11,1,306
2021-11-03,B,112.73,105.14,11,90,1,0,Online,South,2021,11,2,307
2021-11-04,B,152.72,154.48,7,90,0,0,Online,East,2021,11,3,308
2021-11-05,B,135.93,115.61,7,90,0,0,Online,West,2021,11,4,309
2021-11-06,B,136.91,121.86,6,90,0,1,Store,West,2021,11,5,310
2021-11-07,B,160.25,154.4,7,90,0,1,Store,South,2021,11,6,311
2021-11-08,B,135.88,155.68,7,90,0,0,Online,East,2021,11,0,312
2021-11-09,B,149.58,145.99,5,90,0,0,Online,East,2021,11,1,313
2021-11-10,B,128.02,119.19,9,90,0,0,Store,North,2021,11,2,314
2021-11-11,B,161.25,149.71,7,90,1,0,Online,North,2021,11,3,315
2021-11-12,B,163.18,144.33,7,90,0,0,Online,North,2021,11,4,316
2021-11-13,B,154.44,140.44,10,90,1,1,Online,North,2021,11,5,317
2021-11-14,B,166.66,191.44,7,90,0,1,Online,East,2021,11,6,318
2021-11-15,B,158.4,139.18,6,90,0,0,Online,West,2021,11,0,319
2021-11-16,B,152.13,161.48,7,90,0,0,Store,North,2021,11,1,320
2021-11-17,B,143.16,142.73,6,90,0,0,Online,West,2021,11,2,321
2021-11-18,B,168.72,148.04,7,90,0,0,Online,West,2021,11,3,322
2021-11-19,B,141.9,134.79,8,90,0,0,Online,North,2021,11,4,323
2021-11-20,B,135.41,127.66,7,90,0,1,Store,North,2021,11,5,324
2021-11-21,B,170.32,150.71,8,90,0,1,Store,North,2021,11,6,325
2021-11-22,B,160.41,170.65,6,90,0,0,Online,West,2021,11,0,326
2021-11-23,B,139.99,130.06,5,90,0,0,Online,West,2021,11,1,327
2021-11-24,B,126.81,124.01,8,90,0,0,Online,North,2021,11,2,328
2021-11-25,B,108.0,111.95,12,90,1,0,Online,East,2021,11,3,329
2021-11-26,B,178.69,180.9,7,90,0,0,Online,West,2021,11,4,330
2021-11-27,B,170.78,151.7,10,90,1,1,Online,West,2021,11,5,331
2021-11-28,B,178.25,171.49,7,90,0,1,Online,East,2021,11,6,332
2021-11-29,B,147.68,128.45,7,90,0,0,Store,West,2021,11,0,333
2021-11-30,B,152.95,165.43,9,90,1,0,Online,East,2021,11,1,334
2021-12-01,B,136.63,119.38,8,90,0,0,Online,East,2021,12,2,335
2021-12-02,B,135.73,131.16,7,90,0,0,Online,East,2021,12,3,336
2021-12-03,B,173.75,163.01,6,90,0,0,Online,East,2021,12,4,337
2021-12-04,B,144.71,143.13,9,90,0,1,Store,North,2021,12,5,338
2021-12-05,B,153.61,144.84,10,90,0,1,Store,West,2021,12,6,339
2021-12-06,B,154.8,156.79,8,90,0,0,Online,South,2021,12,0,340
2021-12-07,B,183.03,200.78,8,90,1,0,Online,South,2021,12,1,341
2021-12-08,B,128.06,133.45,12,90,1,0,Online,North,2021,12,2,342
2021-12-09,B,184.19,206.45,6,90,0,0,Store,South,2021,12,3,343
2021-12-10,B,150.21,165.91,7,90,0,0,Store,North,2021,12,4,344
2021-12-11,B,124.83,122.23,9,90,0,1,Online,North,2021,12,5,345
2021-12-12,B,148.23,138.85,11,90,1,1,Store,South,2021,12,6,346
2021-12-13,B,170.23,162.99,7,90,0,0,Online,West,2021,12,0,347
2021-12-14,B,155.25,152.88,6,90,0,0,Online,West,2021,12,1,348
2021-12-15,B,184.78,199.64,8,90,1,0,Online,South,2021,12,2,349
2021-12-16,B,133.25,134.74,7,90,0,0,Online,North,2021,12,3,350
2021-12-17,B,159.24,135.74,9,90,1,0,Store,South,2021,12,4,351
2021-12-18,B,185.32,167.39,8,90,0,1,Store,West,2021,12,5,352
2021-12-19,B,151.36,153.44,8,90,0,1,Online,East,2021,12,6,353
2021-12-20,B,158.85,160.45,7,90,0,0,Online,North,2021,12,0,354
2021-12-21,B,182.06,177.51,7,90,0,0,Online,East,2021,12,1,355
2021-12-22,B,143.99,150.83,8,90,0,0,Online,South,2021,12,2,356
2021-12-23,B,127.58,121.83,7,90,0,0,Store,North,2021,12,3,357
2021-12-24,B,150.64,161.67,7,90,0,0,Online,West,2021,12,4,358
2021-12-25,B,152.0,161.91,15,90,1,1,Store,East,2021,12,5,359
2021-12-26,B,151.78,160.5,14,90,1,1,Online,North,2021,12,6,360
2021-12-27,B,173.12,184.89,11,90,1,0,Store,East,2021,12,0,361
2021-12-28,B,123.0,117.69,10,90,0,0,Online,West,2021,12,1,362
2021-12-29,B,150.94,172.55,10,90,0,0,Online,South,2021,12,2,363
2021-12-30,B,183.84,179.36,9,90,0,0,Online,East,2021,12,3,364
2021-12-31,B,151.77,163.64,9,90,0,0,Store,East,2021,12,4,365
2022-01-01,B,125.11,115.78,12,90,0,1,Store,South,2022,1,5,1
2022-01-02,B,139.67,149.7,10,90,0,1,Store,South,2022,1,6,2
2022-01-03,B,155.52,174.12,11,90,0,0,Store,North,2022,1,0,3
2022-01-04,B,167.81,185.25,9,90,0,0,Online,West,2022,1,1,4
2022-01-05,B,136.27,121.68,14,90,1,0,Online,North,2022,1,2,5
2022-01-06,B,117.67,100.59,8,90,0,0,Online,East,2022,1,3,6
2022-01-07,B,164.29,142.5,9,90,0,0,Store,West,2022,1,4,7
2022-01-08,B,108.0,96.91,14,90,0,1,Online,South,2022,1,5,8
2022-01-09,B,154.95,163.63,14,90,1,1,Online,North,2022,1,6,9
2022-01-10,B,125.72,132.0,11,90,0,0,Online,South,2022,1,0,10
2022-01-11,B,175.84,186.88,8,90,0,0,Online,West,2022,1,1,11
2022-01-12,B,118.62,123.15,11,90,0,0,Store,East,2022,1,2,12
2022-01-13,B,142.64,149.08,11,90,0,0,Online,North,2022,1,3,13
2022-01-14,B,136.76,143.13,11,90,0,0,Store,North,2022,1,4,14
2022-01-15,B,150.08,153.87,14,90,1,1,Online,West,2022,1,5,15
2022-01-16,B,160.63,136.94,9,90,0,1,Online,North,2022,1,6,16
2022-01-17,B,153.9,151.09,10,90,0,0,Store,South,2022,1,0,17
2022-01-18,B,126.67,142.64,12,90,0,0,Store,North,2022,1,1,18
2022-01-19,B,152.37,157.94,9,90,0,0,Store,West,2022,1,2,19
2022-01-20,B,161.6,172.44,13,90,1,0,Online,West,2022,1,3,20
2022-01-21,B,123.69,139.17,14,90,0,0,Store,North,2022,1,4,21
2022-01-22,B,152.37,136.54,13,90,0,1,Store,East,2022,1,5,22
2022-01-23,B,158.21,155.5,10,90,0,1,Online,West,2022,1,6,23
2022-01-24,B,147.81,143.35,10,90,0,0,Online,East,2022,1,0,24
2022-01-25,B,149.9,127.85,11,90,0,0,Online,South,2022,1,1,25
2022-01-26,B,150.85,142.94,11,90,0,0,Online,West,2022,1,2,26
2022-01-27,B,161.86,168.01,12,90,0,0,Store,North,2022,1,3,27
2022-01-28,B,145.41,132.13,10,90,0,0,Store,West,2022,1,4,28
2022-01-29,B,149.3,149.93,14,90,1,1,Online,East,2022,1,5,29
2022-01-30,B,158.94,159.05,13,90,0,1,Online,South,2022,1,6,30
2022-01-31,B,148.88,136.71,11,90,0,0,Store,West,2022,1,0,31
2022-02-01,B,157.36,136.72,10,90,0,0,Online,West,2022,2,1,32
2022-02-02,B,108.0,119.78,17,90,1,0,Online,East,2022,2,2,33
2022-02-03,B,161.46,185.06,10,90,0,0,Online,South,2022,2,3,34
2022-02-04,B,111.82,105.87,15,90,0,0,Store,South,2022,2,4,35
2022-02-05,B,172.81,156.84,11,90,0,1,Store,North,2022,2,5,36
2022-02-06,B,189.06,194.28,12,90,0,1,Online,East,2022,2,6,37
2022-02-07,B,188.42,194.51,10,90,0,0,Online,North,2022,2,0,38
2022-02-08,B,111.43,118.8,15,90,0,0,Online,East,2022,2,1,39
2022-02-09,B,165.4,163.19,12,90,0,0,Online,East,2022,2,2,40
2022-02-10,B,161.17,176.55,11,90,0,0,Online,East,2022,2,3,41
2022-02-11,B,162.24,168.33,13,90,0,0,Store,North,2022,2,4,42
2022-02-12,B,185.39,181.83,12,90,0,1,Online,North,2022,2,5,43
2022-02-13,B,127.25,112.68,14,90,0,1,Store,North,2022,2,6,44
2022-02-14,B,145.6,128.29,15,90,1,0,Online,East,2022,2,0,45
2022-02-15,B,170.48,150.68,11,90,0,0,Online,East,2022,2,1,46
2022-02-16,B,171.93,152.05,11,90,1,0,Online,South,2022,2,2,47
2022-02-17,B,130.85,133.22,12,90,0,0,Online,South,2022,2,3,48
2022-02-18,B,133.19,119.02,14,90,0,0,Store,South,2022,2,4,49
2022-02-19,B,185.72,185.15,11,90,0,1,Online,South,2022,2,5,50
2022-02-20,B,176.73,179.23,13,90,0,1,Online,East,2022,2,6,51
2022-02-21,B,131.25,148.63,12,90,0,0,Online,East,2022,2,0,52
2022-02-22,B,139.44,139.62,15,90,0,0,Online,North,2022,2,1,53
2022-02-23,B,146.15,161.83,14,90,0,0,Online,East,2022,2,2,54
2022-02-24,B,108.0,115.8,16,90,0,0,Store,East,2022,2,3,55
2022-02-25,B,153.49,164.81,13,90,0,0,Store,East,2022,2,4,56
2022-02-26,B,132.91,128.88,19,90,1,1,Online,North,2022,2,5,57
2022-02-27,B,142.34,125.35,14,90,0,1,Store,North,2022,2,6,58
2022-02-28,B,142.21,124.55,17,90,1,0,Online,West,2022,2,0,59
2022-03-01,B,125.47,111.34,14,90,0,0,Online,West,2022,3,1,60
2022-03-02,B,156.29,143.28,12,90,0,0,Store,North,2022,3,2,61
2022-03-03,B,137.65,118.73,14,90,0,0,Online,West,2022,3,3,62
2022-03-04,B,191.75,214.48,11,90,0,0,Store,South,2022,3,4,63
2022-03-05,B,184.22,208.49,14,90,0,1,Online,West,2022,3,5,64
2022-03-06,B,115.13,124.68,18,90,0,1,Store,South,2022,3,6,65
2022-03-07,B,138.68,156.94,16,90,0,0,Online,South,2022,3,0,66
2022-03-08,B,184.79,179.86,11,90,0,0,Online,North,2022,3,1,67
2022-03-09,B,159.37,144.32,13,90,0,0,Store,West,2022,3,2,68
2022-03-10,B,148.85,168.17,13,90,0,0,Store,North,2022,3,3,69
2022-03-11,B,130.87,147.89,15,90,0,0,Online,East,2022,3,4,70
2022-03-12,B,156.37,140.99,15,90,0,1,Online,East,2022,3,5,71
2022-03-13,B,140.79,152.22,16,90,0,1,Store,North,2022,3,6,72
2022-03-14,B,163.98,167.08,12,90,0,0,Online,East,2022,3,0,73
2022-03-15,B,142.09,149.42,13,90,0,0,Store,North,2022,3,1,74
2022-03-16,B,158.73,139.37,13,90,0,0,Store,East,2022,3,2,75
2022-03-17,B,108.0,120.21,17,90,0,0,Store,South,2022,3,3,76
2022-03-18,B,189.67,206.28,11,90,0,0,Store,North,2022,3,4,77
2022-03-19,B,175.07,165.52,16,90,0,1,Online,South,2022,3,5,78
2022-03-20,B,167.46,155.72,22,90,1,1,Store,West,2022,3,6,79
2022-03-21,B,108.0,100.1,18,90,0,0,Online,West,2022,3,0,80
2022-03-22,B,148.35,158.78,15,90,0,0,Online,East,2022,3,1,81
2022-03-23,B,133.33,129.91,14,90,0,0,Store,East,2022,3,2,82
2022-03-24,B,148.61,167.11,16,90,0,0,Online,North,2022,3,3,83
2022-03-25,B,175.24,170.08,12,90,0,0,Store,North,2022,3,4,84
2022-03-26,B,135.69,125.2,18,90,0,1,Store,South,2022,3,5,85
2022-03-27,B,166.57,163.31,13,90,0,1,Online,North,2022,3,6,86
2022-03-28,B,149.16,139.32,13,90,0,0,Online,South,2022,3,0,87
2022-03-29,B,172.53,158.29,13,90,0,0,Store,West,2022,3,1,88
2022-03-30,B,157.11,134.66,10,90,0,0,Online,South,2022,3,2,89
2022-03-31,B,158.71,179.42,17,90,1,0,Store,West,2022,3,3,90
2022-04-01,B,142.72,130.8,15,90,0,0,Online,South,2022,4,4,91
2022-04-02,B,118.79,124.8,22,90,0,1,Online,East,2022,4,5,92
2022-04-03,B,149.27,164.79,13,90,0,1,Store,West,2022,4,6,93
2022-04-04,B,149.23,166.27,16,90,0,0,Online,North,2022,4,0,94
2022-04-05,B,176.49,169.49,11,90,0,0,Online,West,2022,4,1,95
2022-04-06,B,124.32,128.65,14,90,0,0,Store,East,2022,4,2,96
2022-04-07,B,134.81,128.24,19,90,1,0,Store,West,2022,4,3,97
2022-04-08,B,151.34,134.89,14,90,0,0,Store,West,2022,4,4,98
2022-04-09,B,189.63,191.99,16,90,1,1,Store,South,2022,4,5,99
2022-04-10,B,162.14,180.61,13,90,0,1,Online,East,2022,4,6,100
2022-04-11,B,143.75,159.98,13,90,0,0,Online,South,2022,4,0,101
2022-04-12,B,202.3,182.85,11,90,0,0,Online,East,2022,4,1,102
2022-04-13,B,144.1,130.87,15,90,0,0,Online,East,2022,4,2,103
2022-04-14,B,138.01,142.78,15,90,0,0,Store,South,2022,4,3,104
2022-04-15,B,147.8,156.46,13,90,0,0,Store,West,2022,4,4,105
2022-04-16,B,139.91,155.82,21,90,1,1,Store,South,2022,4,5,106
2022-04-17,B,162.66,186.99,15,90,0,1,Store,South,2022,4,6,107
2022-04-18,B,169.33,171.34,11,90,0,0,Online,East,2022,4,0,108
2022-04-19,B,127.32,129.6,16,90,0,0,Online,South,2022,4,1,109
2022-04-20,B,144.3,125.01,12,90,0,0,Online,South,2022,4,2,110
2022-04-21,B,173.24,152.99,12,90,0,0,Online,East,2022,4,3,111
2022-04-22,B,139.5,153.49,15,90,0,0,Online,South,2022,4,4,112
2022-04-23,B,114.39,129.8,21,90,0,1,Online,West,2022,4,5,113
2022-04-24,B,136.38,127.11,20,90,1,1,Online,North,2022,4,6,114
2022-04-25,B,129.56,121.64,13,90,0,0,Online,South,2022,4,0,115
2022-04-26,B,147.1,142.06,12,90,0,0,Online,South,2022,4,1,116
2022-04-27,B,137.89,157.35,14,90,0,0,Online,West,2022,4,2,117
2022-04-28,B,155.45,145.33,13,90,0,0,Online,North,2022,4,3,118
2022-04-29,B,136.22,151.39,12,90,0,0,Online,South,2022,4,4,119
2022-04-30,B,137.33,135.13,19,90,0,1,Online,South,2022,4,5,120
2022-05-01,B,108.0,106.87,19,90,0,1,Store,East,2022,5,6,121
2022-05-02,B,167.07,174.36,10,90,0,0,Online,South,2022,5,0,122
2022-05-03,B,166.54,181.74,13,90,1,0,Store,North,2022,5,1,123
2022-05-04,B,195.41,183.45,10,90,0,0,Online,West,2022,5,2,124
2022-05-05,B,139.68,139.48,16,90,0,0,Store,North,2022,5,3,125
2022-05-06,B,134.06,152.18,18,90,1,0,Online,South,2022,5,4,126
2022-05-07,B,132.59,136.92,16,90,0,1,Online,East,2022,5,5,127
2022-05-08,B,168.18,153.99,12,90,0,1,Store,South,2022,5,6,128
2022-05-09,B,108.0,102.24,16,90,0,0,Store,East,2022,5,0,129
2022-05-10,B,132.42,131.01,14,90,1,0,Online,North,2022,5,1,130
2022-05-11,B,146.28,161.41,13,90,0,0,Online,North,2022,5,2,131
2022-05-12,B,169.76,147.93,13,90,0,0,Online,East,2022,5,3,132
2022-05-13,B,141.37,134.34,10,90,0,0,Online,South,2022,5,4,133
2022-05-14,B,175.45,154.29,12,90,0,1,Online,South,2022,5,5,134
2022-05-15,B,177.81,195.23,14,90,0,1,Online,North,2022,5,6,135
2022-05-16,B,156.92,172.86,12,90,0,0,Online,South,2022,5,0,136
2022-05-17,B,119.49,123.82,16,90,1,0,Online,East,2022,5,1,137
2022-05-18,B,165.21,148.15,10,90,0,0,Store,South,2022,5,2,138
2022-05-19,B,175.01,187.75,10,90,0,0,Online,North,2022,5,3,139
2022-05-20,B,115.82,98.94,12,90,0,0,Online,West,2022,5,4,140
2022-05-21,B,142.83,136.65,12,90,0,1,Online,West,2022,5,5,141
2022-05-22,B,164.78,175.05,12,90,0,1,Store,North,2022,5,6,142
2022-05-23,B,125.73,121.9,12,90,0,0,Store,North,2022,5,0,143
2022-05-24,B,148.88,142.55,12,90,1,0,Online,West,2022,5,1,144
2022-05-25,B,163.25,173.03,10,90,0,0,Store,East,2022,5,2,145
2022-05-26,B,129.24,116.26,17,90,1,0,Online,South,2022,5,3,146
2022-05-27,B,146.51,157.13,11,90,0,0,Online,South,2022,5,4,147
2022-05-28,B,120.28,138.12,19,90,1,1,Store,South,2022,5,5,148
2022-05-29,B,156.11,146.1,11,90,0,1,Store,North,2022,5,6,149
2022-05-30,B,175.29,190.63,11,90,0,0,Store,South,2022,5,0,150
2022-05-31,B,143.59,151.01,10,90,0,0,Online,East,2022,5,1,151
2022-06-01,B,156.9,157.43,11,90,1,0,Online,East,2022,6,2,152
2022-06-02,B,204.44,231.73,10,90,0,0,Store,South,2022,6,3,153
2022-06-03,B,136.75,151.94,10,90,0,0,Store,North,2022,6,4,154
2022-06-04,B,164.24,178.17,11,90,0,1,Store,North,2022,6,5,155
2022-06-05,B,131.1,128.15,16,90,0,1,Online,East,2022,6,6,156
2022-06-06,B,108.63,108.9,13,90,0,0,Online,West,2022,6,0,157
2022-06-07,B,108.0,100.11,12,90,0,0,Online,East,2022,6,1,158
2022-06-08,B,108.94,120.27,12,90,0,0,Online,West,2022,6,2,159
2022-06-09,B,129.71,125.85,12,90,0,0,Online,West,2022,6,3,160
2022-06-10,B,167.86,160.11,10,90,0,0,Online,North,2022,6,4,161
2022-06-11,B,150.0,133.84,13,90,0,1,Store,West,2022,6,5,162
2022-06-12,B,147.82,147.77,10,90,0,1,Online,West,2022,6,6,163
2022-06-13,B,174.44,155.21,9,90,0,0,Store,West,2022,6,0,164
2022-06-14,B,140.0,126.82,11,90,0,0,Online,East,2022,6,1,165
2022-06-15,B,140.43,154.7,12,90,0,0,Store,East,2022,6,2,166
2022-06-16,B,127.37,134.55,12,90,0,0,Online,North,2022,6,3,167
2022-06-17,B,123.2,133.54,13,90,0,0,Store,East,2022,6,4,168
2022-06-18,B,156.65,176.64,10,90,0,1,Store,North,2022,6,5,169
2022-06-19,B,133.59,146.43,14,90,0,1,Store,East,2022,6,6,170
2022-06-20,B,160.99,153.2,9,90,0,0,Online,East,2022,6,0,171
2022-06-21,B,175.65,162.83,11,90,0,0,Online,West,2022,6,1,172
2022-06-22,B,124.29,131.58,12,90,1,0,Online,West,2022,6,2,173
2022-06-23,B,174.86,150.37,9,90,0,0,Online,West,2022,6,3,174
2022-06-24,B,143.11,133.0,10,90,0,0,Online,North,2022,6,4,175
2022-06-25,B,146.14,130.18,11,90,0,1,Store,West,2022,6,5,176
2022-06-26,B,157.71,160.55,10,90,0,1,Store,South,2022,6,6,177
2022-06-27,B,145.42,134.93,9,90,0,0,Online,West,2022,6,0,178
2022-06-28,B,165.94,163.97,10,90,0,0,Online,West,2022,6,1,179
2022-06-29,B,163.75,162.54,11,90,1,0,Store,East,2022,6,2,180
2022-06-30,B,201.98,218.41,6,90,0,0,Online,East,2022,6,3,181
2022-07-01,B,164.58,185.14,10,90,0,0,Online,West,2022,7,4,182
2022-07-02,B,166.42,181.95,11,90,1,1,Store,West,2022,7,5,183
2022-07-03,B,160.69,174.66,14,90,1,1,Online,East,2022,7,6,184
2022-07-04,B,152.16,158.82,14,90,1,0,Online,East,2022,7,0,185
2022-07-05,B,149.01,141.68,10,90,0,0,Online,North,2022,7,1,186
2022-07-06,B,165.05,180.21,8,90,0,0,Online,South,2022,7,2,187
2022-07-07,B,145.8,136.54,9,90,0,0,Online,North,2022,7,3,188
2022-07-08,B,133.33,137.29,9,90,0,0,Online,South,2022,7,4,189
2022-07-09,B,164.51,168.19,13,90,1,1,Online,South,2022,7,5,190
2022-07-10,B,164.42,179.41,10,90,0,1,Online,North,2022,7,6,191
2022-07-11,B,162.62,176.96,11,90,1,0,Online,South,2022,7,0,192
2022-07-12,B,148.82,133.14,8,90,0,0,Store,South,2022,7,1,193
2022-07-13,B,172.71,165.98,9,90,0,0,Online,West,2022,7,2,194
2022-07-14,B,130.0,147.1,11,90,0,0,Online,East,2022,7,3,195
2022-07-15,B,144.51,146.39,9,90,0,0,Online,North,2022,7,4,196
2022-07-16,B,132.17,129.99,13,90,1,1,Store,East,2022,7,5,197
2022-07-17,B,162.93,186.47,9,90,1,1,Store,East,2022,7,6,198
2022-07-18,B,148.63,156.53,9,90,1,0,Store,North,2022,7,0,199
2022-07-19,B,146.98,130.88,9,90,1,0,Online,North,2022,7,1,200
2022-07-20,B,191.08,184.61,7,90,0,0,Online,West,2022,7,2,201
2022-07-21,B,173.07,188.73,7,90,0,0,Store,South,2022,7,3,202
2022-07-22,B,137.92,139.99,11,90,0,0,Online,North,2022,7,4,203
2022-07-23,B,126.04,118.62,10,90,0,1,Online,East,2022,7,5,204
2022-07-24,B,123.6,123.06,12,90,1,1,Store,East,2022,7,6,205
2022-07-25,B,154.25,161.89,7,90,0,0,Store,South,2022,7,0,206
2022-07-26,B,112.11,105.16,10,90,0,0,Store,North,2022,7,1,207
2022-07-27,B,162.0,161.27,9,90,1,0,Store,South,2022,7,2,208
2022-07-28,B,123.2,118.53,8,90,0,0,Online,South,2022,7,3,209
2022-07-29,B,158.21,151.97,7,90,0,0,Store,South,2022,7,4,210
2022-07-30,B,156.1,148.26,8,90,0,1,Online,South,2022,7,5,211
2022-07-31,B,110.49,125.94,13,90,0,1,Store,East,2022,7,6,212
2022-08-01,B,136.22,153.06,11,90,1,0,Store,South,2022,8,0,213
2022-08-02,B,150.71,172.21,6,90,0,0,Store,South,2022,8,1,214
2022-08-03,B,165.2,154.87,7,90,0,0,Online,North,2022,8,2,215
2022-08-04,B,168.19,166.64,6,90,0,0,Online,East,2022,8,3,216
2022-08-05,B,146.51,164.25,8,90,0,0,Online,South,2022,8,4,217
2022-08-06,B,128.75,141.15,11,90,1,1,Online,South,2022,8,5,218
2022-08-07,B,151.77,139.48,8,90,0,1,Store,South,2022,8,6,219
2022-08-08,B,157.12,175.96,9,90,1,0,Store,South,2022,8,0,220
2022-08-09,B,121.69,139.32,9,90,0,0,Online,East,2022,8,1,221
2022-08-10,B,118.62,133.17,9,90,0,0,Online,West,2022,8,2,222
2022-08-11,B,139.7,144.41,7,90,0,0,Online,East,2022,8,3,223
2022-08-12,B,155.98,147.2,6,90,0,0,Online,East,2022,8,4,224
2022-08-13,B,141.9,145.7,9,90,0,1,Online,North,2022,8,5,225
2022-08-14,B,196.89,196.23,7,90,0,1,Online,West,2022,8,6,226
2022-08-15,B,135.43,135.91,7,90,0,0,Online,North,2022,8,0,227
2022-08-16,B,115.15,98.72,8,90,0,0,Online,North,2022,8,1,228
2022-08-17,B,154.76,135.92,6,90,0,0,Online,North,2022,8,2,229
2022-08-18,B,171.59,146.64,8,90,1,0,Online,South,2022,8,3,230
2022-08-19,B,156.37,164.9,9,90,1,0,Online,North,2022,8,4,231
2022-08-20,B,129.45,128.92,8,90,0,1,Store,South,2022,8,5,232
2022-08-21,B,183.06,157.35,8,90,0,1,Store,West,2022,8,6,233
2022-08-22,B,137.32,153.56,9,90,1,0,Store,West,2022,8,0,234
2022-08-23,B,167.83,154.75,6,90,0,0,Online,West,2022,8,1,235
2022-08-24,B,116.68,112.0,8,90,0,0,Online,East,2022,8,2,236
2022-08-25,B,192.42,190.94,6,90,0,0,Store,East,2022,8,3,237
2022-08-26,B,131.57,129.42,10,90,1,0,Online,West,2022,8,4,238
2022-08-27,B,150.84,139.18,6,90,0,1,Online,South,2022,8,5,239
2022-08-28,B,143.75,141.15,9,90,0,1,Online,South,2022,8,6,240
2022-08-29,B,118.94,123.94,7,90,0,0,Store,West,2022,8,0,241
2022-08-30,B,149.24,135.25,6,90,0,0,Online,South,2022,8,1,242
2022-08-31,B,144.79,163.44,7,90,0,0,Store,East,2022,8,2,243
2022-09-01,B,166.4,171.29,5,90,0,0,Store,West,2022,9,3,244
2022-09-02,B,141.53,153.78,6,90,0,0,Online,North,2022,9,4,245
2022-09-03,B,173.77,183.2,8,90,1,1,Store,South,2022,9,5,246
2022-09-04,B,160.98,152.05,8,90,0,1,Online,East,2022,9,6,247
2022-09-05,B,130.88,145.61,8,90,1,0,Store,South,2022,9,0,248
2022-09-06,B,168.95,153.43,6,90,0,0,Online,North,2022,9,1,249
2022-09-07,B,185.33,182.65,7,90,1,0,Online,North,2022,9,2,250
2022-09-08,B,169.48,158.02,5,90,0,0,Online,West,2022,9,3,251
2022-09-09,B,174.75,175.27,5,90,0,0,Store,East,2022,9,4,252
2022-09-10,B,128.99,111.21,8,90,0,1,Store,South,2022,9,5,253
2022-09-11,B,157.54,142.62,7,90,0,1,Online,North,2022,9,6,254
2022-09-12,B,172.99,195.94,8,90,1,0,Online,East,2022,9,0,255
2022-09-13,B,172.44,178.21,5,90,0,0,Store,North,2022,9,1,256
2022-09-14,B,149.23,154.77,8,90,1,0,Online,West,2022,9,2,257
2022-09-15,B,182.53,191.69,7,90,1,0,Store,South,2022,9,3,258
2022-09-16,B,154.8,138.25,5,90,0,0,Online,North,2022,9,4,259
2022-09-17,B,112.76,123.61,10,90,0,1,Online,West,2022,9,5,260
2022-09-18,B,167.58,188.09,6,90,0,1,Store,South,2022,9,6,261
2022-09-19,B,116.32,130.72,7,90,0,0,Online,West,2022,9,0,262
2022-09-20,B,113.75,104.32,9,90,0,0,Online,South,2022,9,1,263
2022-09-21,B,137.27,134.07,7,90,0,0,Store,South,2022,9,2,264
2022-09-22,B,121.07,120.76,8,90,1,0,Store,South,2022,9,3,265
2022-09-23,B,122.89,105.85,6,90,0,0,Store,South,2022,9,4,266
2022-09-24,B,113.77,126.01,8,90,0,1,Online,South,2022,9,5,267
2022-09-25,B,175.32,200.3,8,90,1,1,Online,West,2022,9,6,268
2022-09-26,B,114.64,117.33,10,90,0,0,Online,West,2022,9,0,269
2022-09-27,B,110.63,114.7,7,90,0,0,Store,South,2022,9,1,270
2022-09-28,B,167.52,187.01,7,90,1,0,Store,North,2022,9,2,271
2022-09-29,B,138.08,131.71,5,90,0,0,Store,North,2022,9,3,272
2022-09-30,B,165.14,165.3,5,90,0,0,Store,East,2022,9,4,273
2022-10-01,B,139.88,129.09,7,90,0,1,Online,East,2022,10,5,274
2022-10-02,B,129.75,143.84,11,90,1,1,Online,South,2022,10,6,275
2022-10-03,B,141.36,144.29,6,90,0,0,Online,North,2022,10,0,276
2022-10-04,B,162.87,140.94,7,90,0,0,Online,West,2022,10,1,277
2022-10-05,B,187.75,175.74,6,90,1,0,Store,East,2022,10,2,278
2022-10-06,B,140.54,144.36,6,90,0,0,Online,East,2022,10,3,279
2022-10-07,B,162.21,141.4,6,90,0,0,Online,North,2022,10,4,280
2022-10-08,B,139.87,136.44,7,90,0,1,Online,South,2022,10,5,281
2022-10-09,B,183.52,167.29,6,90,0,1,Online,East,2022,10,6,282
2022-10-10,B,144.89,126.77,6,90,0,0,Online,South,2022,10,0,283
2022-10-11,B,174.89,169.05,6,90,0,0,Online,North,2022,10,1,284
2022-10-12,B,171.12,189.24,8,90,1,0,Online,East,2022,10,2,285
2022-10-13,B,163.23,185.03,5,90,0,0,Online,West,2022,10,3,286
2022-10-14,B,117.29,112.72,7,90,0,0,Online,North,2022,10,4,287
2022-10-15,B,142.17,121.56,7,90,0,1,Store,West,2022,10,5,288
2022-10-16,B,112.39,122.46,8,90,0,1,Online,East,2022,10,6,289
2022-10-17,B,159.6,145.63,6,90,0,0,Store,South,2022,10,0,290
2022-10-18,B,149.63,143.14,6,90,0,0,Store,North,2022,10,1,291
2022-10-19,B,134.35,138.64,7,90,0,0,Store,West,2022,10,2,292
2022-10-20,B,120.47,111.3,8,90,0,0,Online,North,2022,10,3,293
2022-10-21,B,129.77,130.14,8,90,0,0,Online,East,2022,10,4,294
2022-10-22,B,170.54,167.05,6,90,0,1,Online,West,2022,10,5,295
2022-10-23,B,148.83,162.57,7,90,0,1,Store,East,2022,10,6,296
2022-10-24,B,148.23,153.58,8,90,0,0,Store,South,2022,10,0,297
2022-10-25,B,152.78,175.33,7,90,0,0,Online,South,2022,10,1,298
2022-10-26,B,159.17,138.69,8,90,1,0,Online,North,2022,10,2,299
2022-10-27,B,172.33,167.07,6,90,0,0,Store,North,2022,10,3,300
2022-10-28,B,137.18,139.76,7,90,0,0,Online,East,2022,10,4,301
2022-10-29,B,127.76,133.84,7,90,0,1,Online,East,2022,10,5,302
2022-10-30,B,145.49,141.21,7,90,0,1,Online,East,2022,10,6,303
2022-10-31,B,146.22,155.43,6,90,0,0,Online,South,2022,10,0,304
2022-11-01,B,146.8,126.83,6,90,0,0,Store,East,2022,11,1,305
2022-11-02,B,118.38,109.56,7,90,0,0,Online,South,2022,11,2,306
2022-11-03,B,164.47,184.26,8,90,1,0,Store,West,2022,11,3,307
2022-11-04,B,132.72,127.9,8,90,1,0,Online,West,2022,11,4,308
2022-11-05,B,110.2,96.15,12,90,1,1,Store,East,2022,11,5,309
2022-11-06,B,204.78,210.54,6,90,0,1,Online,North,2022,11,6,310
2022-11-07,B,158.74,163.96,7,90,0,0,Online,North,2022,11,0,311
2022-11-08,B,125.04,140.92,7,90,0,0,Store,South,2022,11,1,312
2022-11-09,B,161.37,163.14,7,90,0,0,Online,North,2022,11,2,313
2022-11-10,B,175.92,170.49,6,90,0,0,Store,South,2022,11,3,314
2022-11-11,B,140.73,131.9,6,90,0,0,Store,East,2022,11,4,315
2022-11-12,B,118.08,125.67,8,90,0,1,Online,West,2022,11,5,316
2022-11-13,B,182.6,167.26,7,90,0,1,Online,West,2022,11,6,317
2022-11-14,B,158.52,168.85,7,90,0,0,Online,South,2022,11,0,318
2022-11-15,B,148.78,168.65,8,90,0,0,Online,North,2022,11,1,319
2022-11-16,B,108.0,123.67,7,90,0,0,Online,South,2022,11,2,320
2022-11-17,B,154.68,149.22,9,90,1,0,Online,South,2022,11,3,321
2022-11-18,B,168.95,185.8,6,90,0,0,Store,South,2022,11,4,322
2022-11-19,B,192.38,171.56,6,90,0,1,Online,North,2022,11,5,323
2022-11-20,B,129.14,119.71,7,90,0,1,Online,East,2022,11,6,324
2022-11-21,B,155.75,141.18,7,90,0,0,Online,East,2022,11,0,325
2022-11-22,B,131.19,147.91,8,90,0,0,Online,West,2022,11,1,326
2022-11-23,B,166.29,144.76,7,90,1,0,Online,East,2022,11,2,327
2022-11-24,B,146.49,140.73,9,90,1,0,Online,East,2022,11,3,328
2022-11-25,B,134.27,136.48,8,90,0,0,Store,South,2022,11,4,329
2022-11-26,B,144.97,138.58,11,90,1,1,Online,East,2022,11,5,330
2022-11-27,B,165.57,152.22,7,90,0,1,Store,East,2022,11,6,331
2022-11-28,B,145.19,155.27,8,90,0,0,Store,East,2022,11,0,332
2022-11-29,B,169.77,182.84,7,90,0,0,Online,East,2022,11,1,333
2022-11-30,B,180.04,160.87,6,90,0,0,Online,East,2022,11,2,334
2022-12-01,B,135.89,136.98,8,90,0,0,Online,West,2022,12,3,335
2022-12-02,B,142.43,143.09,8,90,0,0,Store,South,2022,12,4,336
2022-12-03,B,189.67,169.99,8,90,0,1,Online,South,2022,12,5,337
2022-12-04,B,137.71,124.74,11,90,1,1,Store,West,2022,12,6,338
2022-12-05,B,163.7,170.12,7,90,0,0,Online,South,2022,12,0,339
2022-12-06,B,181.26,154.19,8,90,1,0,Online,East,2022,12,1,340
2022-12-07,B,170.96,186.05,7,90,0,0,Store,West,2022,12,2,341
2022-12-08,B,110.14,105.54,9,90,0,0,Store,North,2022,12,3,342
2022-12-09,B,172.98,164.62,8,90,1,0,Online,North,2022,12,4,343
2022-12-10,B,161.79,149.78,8,90,0,1,Store,South,2022,12,5,344
2022-12-11,B,170.21,148.09,10,90,1,1,Store,South,2022,12,6,345
2022-12-12,B,157.37,170.43,6,90,0,0,Online,East,2022,12,0,346
2022-12-13,B,160.39,164.11,10,90,1,0,Store,West,2022,12,1,347
2022-12-14,B,168.41,149.96,8,90,0,0,Online,North,2022,12,2,348
2022-12-15,B,151.22,129.7,12,90,1,0,Store,North,2022,12,3,349
2022-12-16,B,178.15,153.76,7,90,0,0,Online,East,2022,12,4,350
2022-12-17,B,173.31,171.82,11,90,1,1,Online,South,2022,12,5,351
2022-12-18,B,173.49,198.42,10,90,0,1,Online,South,2022,12,6,352
2022-12-19,B,174.61,163.12,8,90,0,0,Store,West,2022,12,0,353
2022-12-20,B,207.72,202.19,7,90,0,0,Online,West,2022,12,1,354
2022-12-21,B,132.65,151.34,9,90,0,0,Store,South,2022,12,2,355
2022-12-22,B,148.06,158.15,12,90,1,0,Store,South,2022,12,3,356
2022-12-23,B,144.68,142.5,9,90,0,0,Online,West,2022,12,4,357
2022-12-24,B,147.53,150.0,9,90,0,1,Online,East,2022,12,5,358
2022-12-25,B,143.65,134.37,13,90,1,1,Online,North,2022,12,6,359
2022-12-26,B,160.78,177.31,8,90,0,0,Online,North,2022,12,0,360
2022-12-27,B,142.32,142.93,8,90,0,0,Store,West,2022,12,1,361
2022-12-28,B,111.73,100.35,11,90,0,0,Store,North,2022,12,2,362
2022-12-29,B,127.34,142.24,13,90,1,0,Online,South,2022,12,3,363
2022-12-30,B,139.52,159.23,12,90,0,0,Online,West,2022,12,4,364
2022-12-31,B,134.2,147.67,12,90,0,1,Online,East,2022,12,5,365
2023-01-01,B,163.92,160.03,10,90,1,1,Online,South,2023,1,6,1
2023-01-02,B,150.98,158.31,9,90,0,0,Online,North,2023,1,0,2
2023-01-03,B,164.35,188.1,9,90,0,0,Online,West,2023,1,1,3
2023-01-04,B,182.34,185.46,9,90,1,0,Online,East,2023,1,2,4
2023-01-05,B,159.03,179.36,9,90,0,0,Online,South,2023,1,3,5
2023-01-06,B,186.8,169.69,9,90,0,0,Store,East,2023,1,4,6
2023-01-07,B,143.07,151.84,12,90,0,1,Store,North,2023,1,5,7
2023-01-08,B,143.5,134.89,12,90,0,1,Online,East,2023,1,6,8
2023-01-09,B,118.6,129.33,12,90,0,0,Store,East,2023,1,0,9
2023-01-10,B,171.83,164.58,11,90,1,0,Store,East,2023,1,1,10
2023-01-11,B,154.14,173.45,11,90,0,0,Online,East,2023,1,2,11
2023-01-12,B,167.43,176.27,9,90,0,0,Online,North,2023,1,3,12
2023-01-13,B,144.7,143.24,14,90,1,0,Online,North,2023,1,4,13
2023-01-14,B,146.8,166.75,13,90,0,1,Online,West,2023,1,5,14
2023-01-15,B,153.9,132.38,13,90,1,1,Online,North,2023,1,6,15
2023-01-16,B,181.84,198.14,10,90,1,0,Store,West,2023,1,0,16
2023-01-17,B,134.75,153.69,14,90,1,0,Online,North,2023,1,1,17
2023-01-18,B,132.45,140.92,13,90,0,0,Online,East,2023,1,2,18
2023-01-19,B,160.05,172.02,9,90,0,0,Store,West,2023,1,3,19
2023-01-20,B,162.89,146.62,10,90,0,0,Store,North,2023,1,4,20
2023-01-21,B,168.76,145.9,10,90,0,1,Online,North,2023,1,5,21
2023-01-22,B,152.36,153.84,9,90,0,1,Store,East,2023,1,6,22
2023-01-23,B,148.74,161.91,11,90,0,0,Online,East,2023,1,0,23
2023-01-24,B,154.14,177.09,10,90,0,0,Online,North,2023,1,1,24
2023-01-25,B,129.31,128.15,9,90,0,0,Online,East,2023,1,2,25
2023-01-26,B,158.45,172.45,11,90,0,0,Online,East,2023,1,3,26
2023-01-27,B,161.6,165.89,10,90,0,0,Online,West,2023,1,4,27
2023-01-28,B,162.38,175.37,12,90,0,1,Store,East,2023,1,5,28
2023-01-29,B,185.29,158.83,12,90,1,1,Online,East,2023,1,6,29
2023-01-30,B,187.15,208.29,10,90,1,0,Online,West,2023,1,0,30
2023-01-31,B,147.5,153.97,12,90,0,0,Store,North,2023,1,1,31
2023-02-01,B,143.13,140.9,16,90,1,0,Store,West,2023,2,2,32
2023-02-02,B,146.85,144.51,12,90,0,0,Store,West,2023,2,3,33
2023-02-03,B,142.71,136.15,17,90,1,0,Store,North,2023,2,4,34
2023-02-04,B,160.03,156.84,11,90,0,1,Store,North,2023,2,5,35
2023-02-05,B,175.12,162.1,13,90,0,1,Store,West,2023,2,6,36
2023-02-06,B,108.0,110.6,14,90,0,0,Online,East,2023,2,0,37
2023-02-07,B,153.84,162.77,14,90,1,0,Online,East,2023,2,1,38
2023-02-08,B,130.54,117.8,11,90,0,0,Online,West,2023,2,2,39
2023-02-09,B,157.62,165.72,16,90,1,0,Online,South,2023,2,3,40
2023-02-10,B,154.79,166.14,15,90,1,0,Online,West,2023,2,4,41
2023-02-11,B,131.16,121.92,19,90,1,1,Online,South,2023,2,5,42
2023-02-12,B,152.41,157.94,14,90,1,1,Store,South,2023,2,6,43
2023-02-13,B,135.87,116.5,13,90,0,0,Online,West,2023,2,0,44
2023-02-14,B,139.72,121.15,13,90,0,0,Online,South,2023,2,1,45
2023-02-15,B,135.62,131.61,13,90,0,0,Store,West,2023,2,2,46
2023-02-16,B,131.39,144.87,12,90,0,0,Store,West,2023,2,3,47
2023-02-17,B,159.43,140.8,13,90,0,0,Online,East,2023,2,4,48
2023-02-18,B,108.5,109.93,14,90,0,1,Online,South,2023,2,5,49
2023-02-19,B,148.46,145.16,14,90,0,1,Store,East,2023,2,6,50
2023-02-20,B,147.98,141.16,13,90,0,0,Store,North,2023,2,0,51
2023-02-21,B,156.78,134.43,11,90,0,0,Store,North,2023,2,1,52
2023-02-22,B,109.83,101.63,16,90,0,0,Online,North,2023,2,2,53
2023-02-23,B,136.33,119.56,12,90,0,0,Online,East,2023,2,3,54
2023-02-24,B,146.28,126.28,14,90,0,0,Store,South,2023,2,4,55
2023-02-25,B,132.41,150.91,15,90,0,1,Store,South,2023,2,5,56
2023-02-26,B,152.84,132.09,13,90,0,1,Online,North,2023,2,6,57
2023-02-27,B,161.16,172.32,10,90,0,0,Online,North,2023,2,0,58
2023-02-28,B,139.85,136.08,14,90,0,0,Online,West,2023,2,1,59
2023-03-01,B,129.91,111.33,14,90,0,0,Store,West,2023,3,2,60
2023-03-02,B,149.67,163.25,13,90,0,0,Online,West,2023,3,3,61
2023-03-03,B,159.88,157.72,14,90,0,0,Store,South,2023,3,4,62
2023-03-04,B,168.4,150.63,15,90,0,1,Online,South,2023,3,5,63
2023-03-05,B,146.02,162.95,16,90,0,1,Online,South,2023,3,6,64
2023-03-06,B,125.71,129.12,14,90,0,0,Store,South,2023,3,0,65
2023-03-07,B,142.03,157.86,12,90,0,0,Store,East,2023,3,1,66
2023-03-08,B,173.69,178.72,12,90,0,0,Online,West,2023,3,2,67
2023-03-09,B,163.34,178.01,11,90,0,0,Online,East,2023,3,3,68
2023-03-10,B,147.88,126.47,12,90,0,0,Store,East,2023,3,4,69
2023-03-11,B,138.74,158.78,19,90,0,1,Store,South,2023,3,5,70
2023-03-12,B,136.14,133.46,16,90,0,1,Online,South,2023,3,6,71
2023-03-13,B,145.49,133.61,15,90,0,0,Online,North,2023,3,0,72
2023-03-14,B,146.54,156.42,13,90,0,0,Online,North,2023,3,1,73
2023-03-15,B,147.4,132.8,13,90,0,0,Store,South,2023,3,2,74
2023-03-16,B,131.89,141.11,15,90,0,0,Online,West,2023,3,3,75
2023-03-17,B,146.89,163.69,12,90,0,0,Store,North,2023,3,4,76
2023-03-18,B,145.97,163.04,24,90,1,1,Online,South,2023,3,5,77
2023-03-19,B,135.38,119.09,16,90,0,1,Online,East,2023,3,6,78
2023-03-20,B,185.94,174.27,13,90,0,0,Store,North,2023,3,0,79
2023-03-21,B,150.95,165.95,14,90,0,0,Online,West,2023,3,1,80
2023-03-22,B,129.41,127.43,17,90,0,0,Store,North,2023,3,2,81
2023-03-23,B,176.6,177.02,12,90,0,0,Store,West,2023,3,3,82
2023-03-24,B,142.92,162.63,13,90,0,0,Online,East,2023,3,4,83
2023-03-25,B,146.13,124.99,21,90,1,1,Online,West,2023,3,5,84
2023-03-26,B,153.59,150.4,12,90,0,1,Online,West,2023,3,6,85
2023-03-27,B,161.89,179.83,13,90,0,0,Online,North,2023,3,0,86
2023-03-28,B,119.67,135.16,15,90,0,0,Online,South,2023,3,1,87
2023-03-29,B,159.13,138.06,12,90,0,0,Store,East,2023,3,2,88
2023-03-30,B,119.85,116.51,20,90,1,0,Store,North,2023,3,3,89
2023-03-31,B,157.32,152.08,14,90,0,0,Online,East,2023,3,4,90
2023-04-01,B,156.54,144.78,16,90,0,1,Store,South,2023,4,5,91
2023-04-02,B,147.17,143.45,16,90,0,1,Online,West,2023,4,6,92
2023-04-03,B,149.76,132.31,14,90,0,0,Store,North,2023,4,0,93
2023-04-04,B,156.82,149.33,14,90,0,0,Store,South,2023,4,1,94
2023-04-05,B,149.66,149.79,14,90,0,0,Online,South,2023,4,2,95
2023-04-06,B,143.18,153.49,15,90,0,0,Online,West,2023,4,3,96
2023-04-07,B,181.97,182.37,14,90,1,0,Store,South,2023,4,4,97
2023-04-08,B,141.17,155.5,17,90,0,1,Store,West,2023,4,5,98
2023-04-09,B,137.51,126.14,18,90,0,1,Store,East,2023,4,6,99
2023-04-10,B,182.26,200.45,13,90,0,0,Store,East,2023,4,0,100
2023-04-11,B,112.59,116.4,16,90,0,0,Online,South,2023,4,1,101
2023-04-12,B,166.67,175.62,13,90,0,0,Online,South,2023,4,2,102
2023-04-13,B,147.48,139.38,10,90,0,0,Online,North,2023,4,3,103
2023-04-14,B,146.14,159.66,15,90,0,0,Online,West,2023,4,4,104
2023-04-15,B,152.07,166.14,15,90,0,1,Store,East,2023,4,5,105
2023-04-16,B,168.79,151.15,13,90,0,1,Store,West,2023,4,6,106
2023-04-17,B,149.11,149.18,11,90,0,0,Online,North,2023,4,0,107
2023-04-18,B,177.96,173.38,13,90,0,0,Store,West,2023,4,1,108
2023-04-19,B,161.17,152.51,12,90,0,0,Store,West,2023,4,2,109
2023-04-20,B,151.45,134.67,15,90,0,0,Store,West,2023,4,3,110
2023-04-21,B,142.3,123.29,12,90,0,0,Store,North,2023,4,4,111
2023-04-22,B,129.47,111.34,15,90,0,1,Store,West,2023,4,5,112
2023-04-23,B,159.06,152.48,15,90,0,1,Store,South,2023,4,6,113
2023-04-24,B,153.2,142.82,11,90,0,0,Online,East,2023,4,0,114
2023-04-25,B,123.54,115.28,18,90,0,0,Online,West,2023,4,1,115
2023-04-26,B,162.36,153.58,13,90,0,0,Store,South,2023,4,2,116
2023-04-27,B,162.16,143.8,16,90,1,0,Online,East,2023,4,3,117
2023-04-28,B,131.22,115.48,15,90,0,0,Online,West,2023,4,4,118
2023-04-29,B,130.29,125.65,15,90,0,1,Store,North,2023,4,5,119
2023-04-30,B,154.95,175.88,20,90,1,1,Online,East,2023,4,6,120
2023-05-01,B,164.45,183.78,12,90,1,0,Online,West,2023,5,0,121
2023-05-02,B,169.36,186.28,10,90,0,0,Online,North,2023,5,1,122
2023-05-03,B,156.48,179.59,13,90,0,0,Online,South,2023,5,2,123
2023-05-04,B,168.78,170.51,10,90,0,0,Online,South,2023,5,3,124
2023-05-05,B,162.62,152.0,14,90,1,0,Online,West,2023,5,4,125
2023-05-06,B,132.12,138.21,18,90,0,1,Online,West,2023,5,5,126
2023-05-07,B,148.81,169.8,15,90,0,1,Online,East,2023,5,6,127
2023-05-08,B,144.01,128.82,12,90,0,0,Store,South,2023,5,0,128
2023-05-09,B,147.95,134.5,12,90,0,0,Online,South,2023,5,1,129
2023-05-10,B,123.38,119.78,13,90,0,0,Store,North,2023,5,2,130
2023-05-11,B,137.82,148.3,14,90,0,0,Online,West,2023,5,3,131
2023-05-12,B,111.49,101.2,17,90,0,0,Online,South,2023,5,4,132
2023-05-13,B,149.8,145.64,12,90,0,1,Store,East,2023,5,5,133
2023-05-14,B,167.34,174.58,15,90,0,1,Online,East,2023,5,6,134
2023-05-15,B,159.72,150.64,16,90,1,0,Online,North,2023,5,0,135
2023-05-16,B,140.75,142.15,15,90,1,0,Store,North,2023,5,1,136
2023-05-17,B,163.58,181.62,12,90,0,0,Online,South,2023,5,2,137
2023-05-18,B,188.82,166.83,10,90,0,0,Online,East,2023,5,3,138
2023-05-19,B,189.48,201.23,12,90,1,0,Store,East,2023,5,4,139
2023-05-20,B,134.8,154.49,14,90,0,1,Online,West,2023,5,5,140
2023-05-21,B,142.57,130.57,12,90,0,1,Store,West,2023,5,6,141
2023-05-22,B,167.83,186.5,15,90,1,0,Online,West,2023,5,0,142
2023-05-23,B,141.75,156.48,10,90,0,0,Store,East,2023,5,1,143
2023-05-24,B,171.56,157.41,10,90,0,0,Online,West,2023,5,2,144
2023-05-25,B,135.69,126.64,13,90,0,0,Store,South,2023,5,3,145
2023-05-26,B,156.8,135.72,10,90,0,0,Online,East,2023,5,4,146
2023-05-27,B,170.7,167.33,11,90,0,1,Store,North,2023,5,5,147
2023-05-28,B,121.09,130.41,16,90,0,1,Store,South,2023,5,6,148
2023-05-29,B,166.5,150.94,13,90,1,0,Online,West,2023,5,0,149
2023-05-30,B,148.85,162.3,11,90,0,0,Store,East,2023,5,1,150
2023-05-31,B,161.85,168.36,14,90,1,0,Online,West,2023,5,2,151
2023-06-01,B,150.62,168.1,11,90,0,0,Store,West,2023,6,3,152
2023-06-02,B,143.5,163.73,15,90,1,0,Store,West,2023,6,4,153
2023-06-03,B,157.62,139.65,14,90,0,1,Online,South,2023,6,5,154
2023-06-04,B,165.75,182.06,10,90,0,1,Online,North,2023,6,6,155
2023-06-05,B,142.1,124.25,11,90,0,0,Store,South,2023,6,0,156
2023-06-06,B,142.55,141.45,13,90,0,0,Online,East,2023,6,1,157
2023-06-07,B,188.19,208.3,8,90,0,0,Online,North,2023,6,2,158
2023-06-08,B,129.33,142.89,15,90,1,0,Store,North,2023,6,3,159
2023-06-09,B,108.7,114.4,15,90,0,0,Online,East,2023,6,4,160
2023-06-10,B,137.08,135.45,14,90,0,1,Online,East,2023,6,5,161
2023-06-11,B,183.73,197.86,10,90,0,1,Online,North,2023,6,6,162
2023-06-12,B,146.2,161.84,10,90,0,0,Store,South,2023,6,0,163
2023-06-13,B,162.74,178.51,9,90,0,0,Online,West,2023,6,1,164
2023-06-14,B,155.68,153.37,9,90,0,0,Store,East,2023,6,2,165
2023-06-15,B,165.54,168.8,8,90,0,0,Online,South,2023,6,3,166
2023-06-16,B,176.36,177.31,8,90,0,0,Store,South,2023,6,4,167
2023-06-17,B,161.17,181.7,13,90,1,1,Online,North,2023,6,5,168
2023-06-18,B,133.19,119.46,12,90,0,1,Online,South,2023,6,6,169
2023-06-19,B,167.66,185.08,10,90,0,0,Store,West,2023,6,0,170
2023-06-20,B,141.44,126.92,10,90,0,0,Online,East,2023,6,1,171
2023-06-21,B,110.42,122.93,15,90,0,0,Online,South,2023,6,2,172
2023-06-22,B,165.91,184.48,8,90,0,0,Store,North,2023,6,3,173
2023-06-23,B,146.76,165.12,11,90,0,0,Online,North,2023,6,4,174
2023-06-24,B,111.86,109.48,19,90,1,1,Store,North,2023,6,5,175
2023-06-25,B,142.37,161.1,12,90,0,1,Store,East,2023,6,6,176
2023-06-26,B,173.27,151.69,9,90,0,0,Online,South,2023,6,0,177
2023-06-27,B,147.04,168.18,13,90,1,0,Online,East,2023,6,1,178
2023-06-28,B,158.74,147.48,8,90,0,0,Online,North,2023,6,2,179
2023-06-29,B,178.67,197.7,8,90,1,0,Online,East,2023,6,3,180
2023-06-30,B,179.71,166.37,9,90,1,0,Online,West,2023,6,4,181
2023-07-01,B,170.87,173.11,10,90,0,1,Store,West,2023,7,5,182
2023-07-02,B,137.98,143.89,10,90,0,1,Store,South,2023,7,6,183
2023-07-03,B,140.4,136.02,12,90,1,0,Store,North,2023,7,0,184
2023-07-04,B,155.79,156.87,10,90,1,0,Store,South,2023,7,1,185
2023-07-05,B,177.55,174.2,8,90,0,0,Online,South,2023,7,2,186
2023-07-06,B,137.28,121.85,8,90,0,0,Online,East,2023,7,3,187
2023-07-07,B,141.93,140.38,10,90,0,0,Online,East,2023,7,4,188
2023-07-08,B,166.55,177.74,9,90,0,1,Online,North,2023,7,5,189
2023-07-09,B,159.02,165.01,11,90,0,1,Online,South,2023,7,6,190
2023-07-10,B,147.95,136.96,8,90,0,0,Store,East,2023,7,0,191
2023-07-11,B,126.22,114.0,12,90,1,0,Store,East,2023,7,1,192
2023-07-12,B,133.38,114.54,9,90,0,0,Online,East,2023,7,2,193
2023-07-13,B,159.03,149.35,8,90,0,0,Online,West,2023,7,3,194
2023-07-14,B,161.92,149.12,8,90,0,0,Store,South,2023,7,4,195
2023-07-15,B,163.43,156.02,9,90,0,1,Online,East,2023,7,5,196
2023-07-16,B,154.51,141.83,7,90,0,1,Online,West,2023,7,6,197
2023-07-17,B,195.61,182.26,6,90,0,0,Online,East,2023,7,0,198
2023-07-18,B,140.33,120.78,11,90,1,0,Store,North,2023,7,1,199
2023-07-19,B,159.4,167.54,8,90,0,0,Online,North,2023,7,2,200
2023-07-20,B,164.48,173.87,8,90,0,0,Store,East,2023,7,3,201
2023-07-21,B,168.66,158.26,8,90,0,0,Online,South,2023,7,4,202
2023-07-22,B,155.76,151.23,12,90,1,1,Online,South,2023,7,5,203
2023-07-23,B,172.99,191.72,7,90,0,1,Online,South,2023,7,6,204
2023-07-24,B,173.61,191.19,6,90,0,0,Online,South,2023,7,0,205
2023-07-25,B,142.9,126.0,10,90,0,0,Store,East,2023,7,1,206
2023-07-26,B,125.42,137.57,13,90,1,0,Store,East,2023,7,2,207
2023-07-27,B,108.0,111.02,10,90,0,0,Store,North,2023,7,3,208
2023-07-28,B,166.16,189.56,7,90,0,0,Online,North,2023,7,4,209
2023-07-29,B,113.48,104.38,11,90,0,1,Online,East,2023,7,5,210
2023-07-30,B,172.64,172.21,8,90,0,1,Online,South,2023,7,6,211
2023-07-31,B,144.04,125.68,7,90,0,0,Online,South,2023,7,0,212
2023-08-01,B,127.51,126.19,7,90,0,0,Online,North,2023,8,1,213
2023-08-02,B,164.69,188.27,6,90,0,0,Online,North,2023,8,2,214
2023-08-03,B,151.83,157.26,7,90,0,0,Store,West,2023,8,3,215
2023-08-04,B,172.47,186.76,7,90,0,0,Store,West,2023,8,4,216
2023-08-05,B,164.68,187.24,7,90,0,1,Store,North,2023,8,5,217
2023-08-06,B,179.03,157.54,7,90,0,1,Online,North,2023,8,6,218
2023-08-07,B,159.34,166.43,7,90,0,0,Online,North,2023,8,0,219
2023-08-08,B,153.74,145.89,7,90,0,0,Store,West,2023,8,1,220
2023-08-09,B,161.12,168.19,7,90,0,0,Store,West,2023,8,2,221
2023-08-10,B,116.64,125.92,8,90,0,0,Online,South,2023,8,3,222
2023-08-11,B,167.42,162.61,6,90,0,0,Store,South,2023,8,4,223
2023-08-12,B,159.69,159.27,7,90,0,1,Online,West,2023,8,5,224
2023-08-13,B,137.09,129.19,7,90,0,1,Online,West,2023,8,6,225
2023-08-14,B,150.81,171.56,6,90,0,0,Store,West,2023,8,0,226
2023-08-15,B,152.48,168.82,7,90,0,0,Online,North,2023,8,1,227
2023-08-16,B,124.31,105.97,9,90,1,0,Online,East,2023,8,2,228
2023-08-17,B,138.24,128.81,7,90,0,0,Store,South,2023,8,3,229
2023-08-18,B,159.09,182.27,7,90,1,0,Store,East,2023,8,4,230
2023-08-19,B,168.14,163.54,7,90,0,1,Online,North,2023,8,5,231
2023-08-20,B,124.45,118.52,10,90,0,1,Online,West,2023,8,6,232
2023-08-21,B,133.28,113.52,7,90,0,0,Store,East,2023,8,0,233
2023-08-22,B,141.3,133.97,7,90,0,0,Online,East,2023,8,1,234
2023-08-23,B,179.41,178.19,6,90,0,0,Online,West,2023,8,2,235
2023-08-24,B,140.31,144.88,7,90,0,0,Store,North,2023,8,3,236
2023-08-25,B,179.48,203.95,7,90,1,0,Store,West,2023,8,4,237
2023-08-26,B,159.61,171.62,7,90,0,1,Store,North,2023,8,5,238
2023-08-27,B,142.73,132.44,8,90,0,1,Online,West,2023,8,6,239
2023-08-28,B,143.96,163.76,8,90,0,0,Store,East,2023,8,0,240
2023-08-29,B,157.01,139.5,6,90,0,0,Online,West,2023,8,1,241
2023-08-30,B,152.5,140.17,5,90,0,0,Online,North,2023,8,2,242
2023-08-31,B,157.74,143.06,5,90,0,0,Online,East,2023,8,3,243
2023-09-01,B,166.45,152.17,7,90,1,0,Online,East,2023,9,4,244
2023-09-02,B,169.75,172.12,7,90,0,1,Store,West,2023,9,5,245
2023-09-03,B,189.48,208.36,6,90,0,1,Online,South,2023,9,6,246
2023-09-04,B,157.79,143.05,6,90,0,0,Online,North,2023,9,0,247
2023-09-05,B,108.56,98.18,8,90,0,0,Store,South,2023,9,1,248
2023-09-06,B,125.79,130.18,7,90,0,0,Online,East,2023,9,2,249
2023-09-07,B,164.6,178.52,6,90,0,0,Store,West,2023,9,3,250
2023-09-08,B,109.98,96.32,8,90,0,0,Store,North,2023,9,4,251
2023-09-09,B,160.45,184.04,7,90,0,1,Online,South,2023,9,5,252
2023-09-10,B,115.6,109.59,9,90,0,1,Online,South,2023,9,6,253
2023-09-11,B,126.64,120.19,8,90,0,0,Online,North,2023,9,0,254
2023-09-12,B,136.9,135.04,6,90,0,0,Online,South,2023,9,1,255
2023-09-13,B,133.44,129.17,7,90,0,0,Online,North,2023,9,2,256
2023-09-14,B,153.73,162.94,5,90,0,0,Store,West,2023,9,3,257
2023-09-15,B,181.12,199.6,7,90,1,0,Online,West,2023,9,4,258
2023-09-16,B,174.69,197.59,7,90,0,1,Online,South,2023,9,5,259
2023-09-17,B,157.59,149.15,8,90,1,1,Online,North,2023,9,6,260
2023-09-18,B,156.53,174.87,7,90,0,0,Online,East,2023,9,0,261
2023-09-19,B,145.43,149.43,6,90,0,0,Online,East,2023,9,1,262
2023-09-20,B,135.28,153.73,6,90,0,0,Online,South,2023,9,2,263
2023-09-21,B,155.12,162.65,5,90,0,0,Online,West,2023,9,3,264
2023-09-22,B,156.4,161.88,6,90,0,0,Online,South,2023,9,4,265
2023-09-23,B,154.48,162.81,6,90,0,1,Store,West,2023,9,5,266
2023-09-24,B,165.62,146.48,6,90,1,1,Online,South,2023,9,6,267
2023-09-25,B,171.24,190.83,6,90,0,0,Store,North,2023,9,0,268
2023-09-26,B,184.59,200.33,5,90,0,0,Store,South,2023,9,1,269
2023-09-27,B,152.41,135.5,7,90,1,0,Store,West,2023,9,2,270
2023-09-28,B,150.78,135.48,5,90,0,0,Online,West,2023,9,3,271
2023-09-29,B,133.31,145.39,8,90,1,0,Store,West,2023,9,4,272
2023-09-30,B,178.61,180.42,7,90,0,1,Online,East,2023,9,5,273
2023-10-01,B,124.45,121.68,9,90,0,1,Online,West,2023,10,6,274
2023-10-02,B,180.64,196.99,5,90,0,0,Online,East,2023,10,0,275
2023-10-03,B,108.0,118.39,7,90,0,0,Store,North,2023,10,1,276
2023-10-04,B,144.03,126.77,6,90,0,0,Store,North,2023,10,2,277
2023-10-05,B,137.03,122.04,6,90,0,0,Store,West,2023,10,3,278
2023-10-06,B,167.85,179.08,7,90,0,0,Online,East,2023,10,4,279
2023-10-07,B,163.77,167.46,6,90,0,1,Online,East,2023,10,5,280
2023-10-08,B,116.11,102.03,8,90,0,1,Online,North,2023,10,6,281
2023-10-09,B,142.78,153.34,7,90,0,0,Store,West,2023,10,0,282
2023-10-10,B,165.6,144.99,5,90,0,0,Store,South,2023,10,1,283
2023-10-11,B,126.14,118.01,6,90,0,0,Online,East,2023,10,2,284
2023-10-12,B,116.96,113.5,7,90,0,0,Store,North,2023,10,3,285
2023-10-13,B,136.08,129.82,10,90,1,0,Store,South,2023,10,4,286
2023-10-14,B,119.78,123.48,8,90,0,1,Online,West,2023,10,5,287
2023-10-15,B,173.94,163.21,6,90,0,1,Store,South,2023,10,6,288
2023-10-16,B,141.22,138.69,8,90,1,0,Online,North,2023,10,0,289
2023-10-17,B,154.34,139.19,6,90,0,0,Online,East,2023,10,1,290
2023-10-18,B,186.16,164.84,5,90,0,0,Online,West,2023,10,2,291
2023-10-19,B,115.91,124.76,7,90,0,0,Online,South,2023,10,3,292
2023-10-20,B,146.71,126.9,7,90,0,0,Online,East,2023,10,4,293
2023-10-21,B,159.62,162.04,6,90,0,1,Online,East,2023,10,5,294
2023-10-22,B,150.78,131.93,8,90,1,1,Store,North,2023,10,6,295
2023-10-23,B,159.02,173.87,8,90,1,0,Online,South,2023,10,0,296
2023-10-24,B,139.79,142.29,6,90,0,0,Store,South,2023,10,1,297
2023-10-25,B,118.72,121.87,9,90,1,0,Store,West,2023,10,2,298
2023-10-26,B,151.22,163.15,6,90,0,0,Online,South,2023,10,3,299
2023-10-27,B,154.31,139.3,6,90,0,0,Online,East,2023,10,4,300
2023-10-28,B,159.06,169.88,7,90,0,1,Store,South,2023,10,5,301
2023-10-29,B,144.13,136.58,8,90,0,1,Store,North,2023,10,6,302
2023-10-30,B,108.0,100.76,11,90,1,0,Online,East,2023,10,0,303
2023-10-31,B,130.63,139.16,6,90,0,0,Online,South,2023,10,1,304
2023-11-01,B,128.26,116.65,7,90,0,0,Store,East,2023,11,2,305
2023-11-02,B,190.1,212.76,5,90,0,0,Online,North,2023,11,3,306
2023-11-03,B,181.31,191.92,5,90,0,0,Store,South,2023,11,4,307
2023-11-04,B,132.84,144.46,10,90,1,1,Online,East,2023,11,5,308
2023-11-05,B,133.15,128.42,9,90,0,1,Online,North,2023,11,6,309
2023-11-06,B,152.97,132.45,8,90,1,0,Store,West,2023,11,0,310
2023-11-07,B,182.94,189.05,6,90,0,0,Online,North,2023,11,1,311
2023-11-08,B,159.46,142.56,4,90,0,0,Online,West,2023,11,2,312
2023-11-09,B,132.79,144.47,7,90,0,0,Online,West,2023,11,3,313
2023-11-10,B,141.36,137.87,6,90,0,0,Store,East,2023,11,4,314
2023-11-11,B,153.0,151.1,8,90,0,1,Online,East,2023,11,5,315
2023-11-12,B,126.61,124.7,8,90,0,1,Store,North,2023,11,6,316
2023-11-13,B,204.3,203.81,6,90,1,0,Store,North,2023,11,0,317
2023-11-14,B,108.8,99.26,11,90,1,0,Store,East,2023,11,1,318
2023-11-15,B,168.9,190.77,8,90,1,0,Store,East,2023,11,2,319
2023-11-16,B,180.39,171.73,6,90,0,0,Online,East,2023,11,3,320
2023-11-17,B,136.47,138.8,7,90,0,0,Store,East,2023,11,4,321
2023-11-18,B,190.0,199.47,6,90,0,1,Online,West,2023,11,5,322
2023-11-19,B,172.28,187.51,9,90,1,1,Online,East,2023,11,6,323
2023-11-20,B,124.46,141.4,7,90,0,0,Store,South,2023,11,0,324
2023-11-21,B,182.36,181.65,6,90,0,0,Online,North,2023,11,1,325
2023-11-22,B,179.09,195.92,7,90,0,0,Store,North,2023,11,2,326
2023-11-23,B,115.92,112.52,9,90,0,0,Online,East,2023,11,3,327
2023-11-24,B,180.32,156.3,5,90,0,0,Store,South,2023,11,4,328
2023-11-25,B,159.09,147.09,8,90,0,1,Online,West,2023,11,5,329
2023-11-26,B,195.48,213.12,7,90,0,1,Store,East,2023,11,6,330
2023-11-27,B,134.52,125.88,8,90,0,0,Store,West,2023,11,0,331
2023-11-28,B,139.34,130.26,7,90,0,0,Online,South,2023,11,1,332
2023-11-29,B,144.95,159.28,7,90,0,0,Online,West,2023,11,2,333
2023-11-30,B,147.75,163.24,7,90,0,0,Online,East,2023,11,3,334
2023-12-01,B,160.21,161.83,8,90,0,0,Store,West,2023,12,4,335
2023-12-02,B,140.43,121.92,9,90,0,1,Online,East,2023,12,5,336
2023-12-03,B,177.92,159.82,8,90,0,1,Online,North,2023,12,6,337
2023-12-04,B,133.81,134.27,9,90,0,0,Store,North,2023,12,0,338
2023-12-05,B,145.69,163.16,7,90,0,0,Online,East,2023,12,1,339
2023-12-06,B,150.81,131.58,8,90,0,0,Online,South,2023,12,2,340
2023-12-07,B,149.8,153.03,8,90,0,0,Store,West,2023,12,3,341
2023-12-08,B,155.28,161.68,7,90,0,0,Online,North,2023,12,4,342
2023-12-09,B,172.25,196.03,8,90,0,1,Online,North,2023,12,5,343
2023-12-10,B,170.84,194.08,9,90,0,1,Online,South,2023,12,6,344
2023-12-11,B,118.24,131.88,9,90,0,0,Store,North,2023,12,0,345
2023-12-12,B,128.97,113.45,7,90,0,0,Store,West,2023,12,1,346
2023-12-13,B,177.56,175.22,6,90,0,0,Online,North,2023,12,2,347
2023-12-14,B,187.75,169.56,6,90,0,0,Store,South,2023,12,3,348
2023-12-15,B,112.49,100.35,10,90,0,0,Store,West,2023,12,4,349
2023-12-16,B,167.36,156.73,8,90,0,1,Store,South,2023,12,5,350
2023-12-17,B,164.85,144.46,8,90,0,1,Online,North,2023,12,6,351
2023-12-18,B,170.74,154.4,7,90,0,0,Store,East,2023,12,0,352
2023-12-19,B,128.43,122.89,10,90,0,0,Store,South,2023,12,1,353
2023-12-20,B,129.98,110.65,10,90,0,0,Store,South,2023,12,2,354
2023-12-21,B,118.97,110.15,13,90,1,0,Store,East,2023,12,3,355
2023-12-22,B,140.99,128.5,7,90,0,0,Online,East,2023,12,4,356
2023-12-23,B,170.89,188.1,7,90,0,1,Store,North,2023,12,5,357
2023-12-24,B,139.8,140.87,10,90,0,1,Online,West,2023,12,6,358
2023-12-25,B,159.67,145.13,9,90,0,0,Store,East,2023,12,0,359
2023-12-26,B,142.78,124.2,9,90,0,0,Online,East,2023,12,1,360
2023-12-27,B,153.56,148.69,11,90,1,0,Store,West,2023,12,2,361
2023-12-28,B,158.45,154.26,7,90,0,0,Store,South,2023,12,3,362
2023-12-29,B,172.29,158.64,7,90,0,0,Online,South,2023,12,4,363
2023-12-30,B,134.51,118.87,11,90,0,1,Store,North,2023,12,5,364
2023-12-31,B,179.55,202.42,10,90,1,1,Online,North,2023,12,6,365
2021-01-01,C,37.56,32.63,11,25,0,0,Online,West,2021,1,4,1
2021-01-02,C,63.69,59.85,8,25,0,1,Online,North,2021,1,5,2
2021-01-03,C,46.65,45.19,11,25,0,1,Online,North,2021,1,6,3
2021-01-04,C,69.29,76.22,7,25,0,0,Store,North,2021,1,0,4
2021-01-05,C,58.9,57.48,8,25,0,0,Online,South,2021,1,1,5
2021-01-06,C,59.24,65.78,8,25,1,0,Online,South,2021,1,2,6
2021-01-07,C,45.78,39.91,11,25,0,0,Online,North,2021,1,3,7
2021-01-08,C,54.68,52.32,8,25,0,0,Online,East,2021,1,4,8
2021-01-09,C,50.18,56.46,13,25,0,1,Store,East,2021,1,5,9
2021-01-10,C,55.22,57.4,9,25,0,1,Online,East,2021,1,6,10
2021-01-11,C,61.06,67.29,7,25,0,0,Online,West,2021,1,0,11
2021-01-12,C,55.27,51.13,7,25,0,0,Store,North,2021,1,1,12
2021-01-13,C,62.42,53.52,7,25,0,0,Store,North,2021,1,2,13
2021-01-14,C,42.58,45.57,13,25,1,0,Online,South,2021,1,3,14
2021-01-15,C,54.56,58.25,8,25,0,0,Online,West,2021,1,4,15
2021-01-16,C,46.38,46.49,12,25,0,1,Store,East,2021,1,5,16
2021-01-17,C,40.48,37.63,13,25,0,1,Online,West,2021,1,6,17
2021-01-18,C,37.01,33.5,13,25,0,0,Online,East,2021,1,0,18
2021-01-19,C,45.03,40.6,10,25,0,0,Store,East,2021,1,1,19
2021-01-20,C,51.57,46.05,13,25,1,0,Online,North,2021,1,2,20
2021-01-21,C,51.71,47.6,9,25,0,0,Store,West,2021,1,3,21
2021-01-22,C,50.51,54.26,10,25,0,0,Store,East,2021,1,4,22
2021-01-23,C,39.12,44.65,15,25,0,1,Online,North,2021,1,5,23
2021-01-24,C,69.09,72.78,11,25,1,1,Online,South,2021,1,6,24
2021-01-25,C,56.62,63.87,14,25,1,0,Online,North,2021,1,0,25
2021-01-26,C,61.38,54.3,9,25,0,0,Online,East,2021,1,1,26
2021-01-27,C,49.05,54.75,10,25,0,0,Store,North,2021,1,2,27
2021-01-28,C,55.23,52.71,10,25,0,0,Online,East,2021,1,3,28
2021-01-29,C,39.76,45.25,13,25,0,0,Online,West,2021,1,4,29
2021-01-30,C,39.34,37.97,15,25,0,1,Store,West,2021,1,5,30
2021-01-31,C,31.81,32.19,25,25,0,1,Online,South,2021,1,6,31
2021-02-01,C,43.81,49.51,20,25,1,0,Online,East,2021,2,0,32
2021-02-02,C,39.61,38.2,13,25,0,0,Online,West,2021,2,1,33
2021-02-03,C,52.91,56.68,11,25,0,0,Store,East,2021,2,2,34
2021-02-04,C,45.62,39.01,12,25,0,0,Online,East,2021,2,3,35
2021-02-05,C,44.98,49.2,17,25,1,0,Online,South,2021,2,4,36
2021-02-06,C,54.99,53.86,11,25,0,1,Online,West,2021,2,5,37
2021-02-07,C,53.74,56.25,13,25,0,1,Online,East,2021,2,6,38
2021-02-08,C,53.89,46.69,10,25,0,0,Online,South,2021,2,0,39
2021-02-09,C,63.94,62.22,8,25,0,0,Store,West,2021,2,1,40
2021-02-10,C,32.77,31.25,18,25,0,0,Store,West,2021,2,2,41
2021-02-11,C,54.37,56.61,11,25,0,0,Store,North,2021,2,3,42
2021-02-12,C,49.19,42.96,15,25,1,0,Store,East,2021,2,4,43
2021-02-13,C,38.72,41.4,17,25,0,1,Store,South,2021,2,5,44
2021-02-14,C,44.17,47.81,18,25,0,1,Online,South,2021,2,6,45
2021-02-15,C,50.15,46.78,11,25,0,0,Online,North,2021,2,0,46
2021-02-16,C,61.35,67.89,9,25,0,0,Online,South,2021,2,1,47
2021-02-17,C,44.79,38.18,11,25,0,0,Store,South,2021,2,2,48
2021-02-18,C,62.1,56.29,9,25,0,0,Online,East,2021,2,3,49
2021-02-19,C,73.94,64.31,7,25,0,0,Online,West,2021,2,4,50
2021-02-20,C,63.0,65.98,10,25,0,1,Online,West,2021,2,5,51
2021-02-21,C,48.87,49.27,14,25,0,1,Store,North,2021,2,6,52
2021-02-22,C,46.45,39.85,10,25,0,0,Store,South,2021,2,0,53
2021-02-23,C,55.55,47.79,12,25,1,0,Store,East,2021,2,1,54
2021-02-24,C,69.64,64.15,8,25,0,0,Store,North,2021,2,2,55
2021-02-25,C,62.71,69.7,11,25,0,0,Online,South,2021,2,3,56
2021-02-26,C,47.56,50.55,12,25,0,0,Store,West,2021,2,4,57
2021-02-27,C,50.84,51.67,14,25,0,1,Store,West,2021,2,5,58
2021-02-28,C,59.5,59.41,12,25,1,1,Store,North,2021,2,6,59
2021-03-01,C,50.44,44.75,13,25,1,0,Store,West,2021,3,0,60
2021-03-02,C,43.96,40.57,12,25,0,0,Store,North,2021,3,1,61
2021-03-03,C,43.04,47.87,16,25,0,0,Online,South,2021,3,2,62
2021-03-04,C,48.2,46.67,14,25,0,0,Online,North,2021,3,3,63
2021-03-05,C,47.0,45.33,15,25,0,0,Online,South,2021,3,4,64
2021-03-06,C,47.63,50.18,16,25,0,1,Online,East,2021,3,5,65
2021-03-07,C,47.19,41.69,16,25,0,1,Store,South,2021,3,6,66
2021-03-08,C,45.79,41.51,15,25,0,0,Online,West,2021,3,0,67
2021-03-09,C,64.55,69.16,8,25,0,0,Online,East,2021,3,1,68
2021-03-10,C,35.36,34.9,23,25,1,0,Store,South,2021,3,2,69
2021-03-11,C,57.71,54.0,12,25,0,0,Store,West,2021,3,3,70
2021-03-12,C,48.07,54.83,11,25,0,0,Online,East,2021,3,4,71
2021-03-13,C,64.46,73.59,11,25,0,1,Online,North,2021,3,5,72
2021-03-14,C,42.32,41.33,21,25,1,1,Store,North,2021,3,6,73
2021-03-15,C,53.14,54.83,11,25,0,0,Online,North,2021,3,0,74
2021-03-16,C,44.82,44.45,14,25,0,0,Online,East,2021,3,1,75
2021-03-17,C,51.98,48.03,13,25,0,0,Store,West,2021,3,2,76
2021-03-18,C,46.72,41.59,15,25,0,0,Store,West,2021,3,3,77
2021-03-19,C,45.04,40.19,17,25,1,0,Online,South,2021,3,4,78
2021-03-20,C,30.0,29.98,24,25,0,1,Store,East,2021,3,5,79
2021-03-21,C,64.86,55.55,11,25,1,1,Store,West,2021,3,6,80
2021-03-22,C,54.57,53.75,13,25,0,0,Store,North,2021,3,0,81
2021-03-23,C,48.9,48.79,12,25,0,0,Online,South,2021,3,1,82
2021-03-24,C,58.79,59.13,12,25,0,0,Online,West,2021,3,2,83
2021-03-25,C,46.14,47.4,16,25,0,0,Online,West,2021,3,3,84
2021-03-26,C,37.25,32.45,17,25,0,0,Online,North,2021,3,4,85
2021-03-27,C,78.26,72.5,10,25,0,1,Store,North,2021,3,5,86
2021-03-28,C,47.41,54.13,16,25,0,1,Online,North,2021,3,6,87
2021-03-29,C,69.15,59.86,9,25,0,0,Online,South,2021,3,0,88
2021-03-30,C,52.88,60.56,11,25,0,0,Store,North,2021,3,1,89
2021-03-31,C,30.0,34.45,23,25,0,0,Online,East,2021,3,2,90
2021-04-01,C,49.0,44.98,13,25,0,0,Store,North,2021,4,3,91
2021-04-02,C,47.96,49.13,16,25,0,0,Online,East,2021,4,4,92
2021-04-03,C,46.1,41.27,18,25,0,1,Online,North,2021,4,5,93
2021-04-04,C,42.74,39.07,20,25,1,1,Store,West,2021,4,6,94
2021-04-05,C,66.45,60.9,9,25,0,0,Store,South,2021,4,0,95
2021-04-06,C,35.98,38.36,19,25,0,0,Online,North,2021,4,1,96
2021-04-07,C,52.44,56.99,13,25,0,0,Online,West,2021,4,2,97
2021-04-08,C,47.58,42.56,12,25,0,0,Store,East,2021,4,3,98
2021-04-09,C,62.7,55.08,11,25,0,0,Store,West,2021,4,4,99
2021-04-10,C,57.96,61.03,11,25,0,1,Online,South,2021,4,5,100
2021-04-11,C,31.83,34.89,28,25,0,1,Online,North,2021,4,6,101
2021-04-12,C,46.56,43.51,16,25,1,0,Online,South,2021,4,0,102
2021-04-13,C,42.89,43.76,21,25,1,0,Store,West,2021,4,1,103
2021-04-14,C,42.0,39.96,14,25,0,0,Store,North,2021,4,2,104
2021-04-15,C,40.28,36.93,15,25,0,0,Online,North,2021,4,3,105
2021-04-16,C,37.55,34.87,19,25,0,0,Store,South,2021,4,4,106
2021-04-17,C,49.7,54.15,16,25,0,1,Online,North,2021,4,5,107
2021-04-18,C,60.52,56.4,11,25,1,1,Online,East,2021,4,6,108
2021-04-19,C,53.31,49.38,10,25,0,0,Online,North,2021,4,0,109
2021-04-20,C,65.79,74.53,9,25,0,0,Online,South,2021,4,1,110
2021-04-21,C,42.0,36.14,15,25,0,0,Online,North,2021,4,2,111
2021-04-22,C,77.82,81.83,9,25,0,0,Online,East,2021,4,3,112
2021-04-23,C,48.61,52.07,15,25,0,0,Online,North,2021,4,4,113
2021-04-24,C,47.23,50.45,20,25,1,1,Online,West,2021,4,5,114
2021-04-25,C,38.34,34.2,19,25,0,1,Store,North,2021,4,6,115
2021-04-26,C,38.75,35.39,17,25,0,0,Online,West,2021,4,0,116
2021-04-27,C,33.28,31.25,18,25,0,0,Store,East,2021,4,1,117
2021-04-28,C,50.05,42.76,12,25,1,0,Online,North,2021,4,2,118
2021-04-29,C,43.07,44.92,21,25,1,0,Online,North,2021,4,3,119
2021-04-30,C,40.98,39.91,14,25,0,0,Online,East,2021,4,4,120
2021-05-01,C,47.24,53.17,15,25,0,1,Online,South,2021,5,5,121
2021-05-02,C,49.58,45.91,14,25,0,1,Store,West,2021,5,6,122
2021-05-03,C,68.31,70.29,9,25,0,0,Store,East,2021,5,0,123
2021-05-04,C,67.97,72.09,9,25,0,0,Online,North,2021,5,1,124
2021-05-05,C,55.63,49.61,10,25,0,0,Store,East,2021,5,2,125
2021-05-06,C,66.12,62.84,9,25,0,0,Store,East,2021,5,3,126
2021-05-07,C,44.05,44.82,14,25,0,0,Online,North,2021,5,4,127
2021-05-08,C,50.25,45.89,13,25,0,1,Online,South,2021,5,5,128
2021-05-09,C,55.56,59.95,12,25,0,1,Store,East,2021,5,6,129
2021-05-10,C,63.63,68.26,8,25,0,0,Store,South,2021,5,0,130
2021-05-11,C,59.42,68.29,11,25,0,0,Store,North,2021,5,1,131
2021-05-12,C,46.09,51.86,14,25,0,0,Online,North,2021,5,2,132
2021-05-13,C,36.94,37.8,20,25,1,0,Online,West,2021,5,3,133
2021-05-14,C,35.16,36.78,18,25,0,0,Store,South,2021,5,4,134
2021-05-15,C,52.17,56.32,14,25,1,1,Store,South,2021,5,5,135
2021-05-16,C,65.71,56.64,8,25,0,1,Online,East,2021,5,6,136
2021-05-17,C,45.17,42.25,17,25,1,0,Online,East,2021,5,0,137
2021-05-18,C,58.69,50.43,11,25,0,0,Online,North,2021,5,1,138
2021-05-19,C,47.75,53.71,14,25,0,0,Online,West,2021,5,2,139
2021-05-20,C,50.06,46.59,12,25,0,0,Online,North,2021,5,3,140
2021-05-21,C,48.0,49.39,13,25,0,0,Store,North,2021,5,4,141
2021-05-22,C,51.19,54.17,13,25,0,1,Online,East,2021,5,5,142
2021-05-23,C,44.28,42.3,16,25,0,1,Online,North,2021,5,6,143
2021-05-24,C,37.41,37.0,16,25,0,0,Online,North,2021,5,0,144
2021-05-25,C,50.33,46.47,11,25,0,0,Store,West,2021,5,1,145
2021-05-26,C,49.17,42.02,11,25,0,0,Online,South,2021,5,2,146
2021-05-27,C,43.45,39.4,13,25,0,0,Online,West,2021,5,3,147
2021-05-28,C,64.34,67.81,9,25,0,0,Online,North,2021,5,4,148
2021-05-29,C,35.96,39.71,20,25,0,1,Store,North,2021,5,5,149
2021-05-30,C,51.87,46.37,14,25,1,1,Online,East,2021,5,6,150
2021-05-31,C,54.91,62.56,11,25,0,0,Store,South,2021,5,0,151
2021-06-01,C,32.34,35.87,19,25,0,0,Online,North,2021,6,1,152
2021-06-02,C,62.21,55.13,9,25,0,0,Online,West,2021,6,2,153
2021-06-03,C,39.96,45.6,15,25,0,0,Online,South,2021,6,3,154
2021-06-04,C,41.48,35.51,14,25,0,0,Store,West,2021,6,4,155
2021-06-05,C,31.09,27.6,21,25,0,1,Online,North,2021,6,5,156
2021-06-06,C,53.15,56.9,12,25,0,1,Online,East,2021,6,6,157
2021-06-07,C,59.18,53.61,7,25,0,0,Online,North,2021,6,0,158
2021-06-08,C,51.8,48.42,8,25,0,0,Online,North,2021,6,1,159
2021-06-09,C,37.0,33.01,14,25,0,0,Online,East,2021,6,2,160
2021-06-10,C,63.75,68.13,7,25,0,0,Online,North,2021,6,3,161
2021-06-11,C,66.35,66.77,7,25,0,0,Online,South,2021,6,4,162
2021-06-12,C,39.61,37.42,17,25,0,1,Store,West,2021,6,5,163
2021-06-13,C,53.3,54.28,11,25,0,1,Online,South,2021,6,6,164
2021-06-14,C,64.17,60.11,8,25,0,0,Online,East,2021,6,0,165
2021-06-15,C,52.33,49.5,11,25,1,0,Store,South,2021,6,1,166
2021-06-16,C,46.38,46.33,11,25,0,0,Online,South,2021,6,2,167
2021-06-17,C,41.14,36.54,14,25,1,0,Store,South,2021,6,3,168
2021-06-18,C,46.32,47.52,12,25,0,0,Online,West,2021,6,4,169
2021-06-19,C,52.82,50.68,10,25,0,1,Store,West,2021,6,5,170
2021-06-20,C,54.84,51.48,10,25,0,1,Online,North,2021,6,6,171
2021-06-21,C,30.0,31.88,17,25,0,0,Store,West,2021,6,0,172
2021-06-22,C,57.83,58.96,9,25,0,0,Store,South,2021,6,1,173
2021-06-23,C,37.04,34.44,12,25,0,0,Store,South,2021,6,2,174
2021-06-24,C,56.42,54.54,8,25,0,0,Online,East,2021,6,3,175
2021-06-25,C,59.85,60.76,8,25,0,0,Store,East,2021,6,4,176
2021-06-26,C,76.02,76.92,8,25,0,1,Online,North,2021,6,5,177
2021-06-27,C,39.73,40.63,15,25,0,1,Online,South,2021,6,6,178
2021-06-28,C,49.06,49.2,9,25,0,0,Store,East,2021,6,0,179
2021-06-29,C,46.45,45.62,10,25,0,0,Online,South,2021,6,1,180
2021-06-30,C,49.35,54.19,13,25,1,0,Store,West,2021,6,2,181
2021-07-01,C,43.55,47.89,12,25,0,0,Online,West,2021,7,3,182
2021-07-02,C,62.83,67.16,7,25,0,0,Store,East,2021,7,4,183
2021-07-03,C,43.32,37.18,9,25,0,1,Store,West,2021,7,5,184
2021-07-04,C,38.65,35.22,12,25,0,1,Online,West,2021,7,6,185
2021-07-05,C,41.96,47.63,10,25,0,0,Online,West,2021,7,0,186
2021-07-06,C,68.7,59.83,7,25,1,0,Store,West,2021,7,1,187
2021-07-07,C,43.7,39.54,8,25,0,0,Online,North,2021,7,2,188
2021-07-08,C,50.0,53.08,9,25,0,0,Store,South,2021,7,3,189
2021-07-09,C,32.17,32.16,14,25,1,0,Store,South,2021,7,4,190
2021-07-10,C,43.55,39.98,10,25,0,1,Store,South,2021,7,5,191
2021-07-11,C,54.2,57.68,9,25,0,1,Online,West,2021,7,6,192
2021-07-12,C,50.53,51.78,10,25,1,0,Store,West,2021,7,0,193
2021-07-13,C,45.43,46.7,10,25,0,0,Store,West,2021,7,1,194
2021-07-14,C,46.99,44.27,10,25,1,0,Online,North,2021,7,2,195
2021-07-15,C,49.91,55.87,8,25,0,0,Store,East,2021,7,3,196
2021-07-16,C,37.15,35.63,11,25,0,0,Online,South,2021,7,4,197
2021-07-17,C,43.63,44.7,12,25,0,1,Online,East,2021,7,5,198
2021-07-18,C,59.07,51.55,7,25,0,1,Store,East,2021,7,6,199
2021-07-19,C,45.2,51.31,13,25,1,0,Online,North,2021,7,0,200
2021-07-20,C,58.06,63.72,9,25,1,0,Store,West,2021,7,1,201
2021-07-21,C,36.35,38.1,11,25,0,0,Online,South,2021,7,2,202
2021-07-22,C,53.49,58.54,8,25,0,0,Online,South,2021,7,3,203
2021-07-23,C,56.49,57.69,7,25,0,0,Store,North,2021,7,4,204
2021-07-24,C,57.9,49.76,7,25,0,1,Online,West,2021,7,5,205
2021-07-25,C,56.16,57.73,7,25,0,1,Online,East,2021,7,6,206
2021-07-26,C,51.12,55.81,7,25,0,0,Online,West,2021,7,0,207
2021-07-27,C,52.49,51.6,6,25,0,0,Online,North,2021,7,1,208
2021-07-28,C,53.43,48.58,8,25,1,0,Online,North,2021,7,2,209
2021-07-29,C,72.95,66.02,5,25,0,0,Online,South,2021,7,3,210
2021-07-30,C,41.39,47.54,12,25,1,0,Online,East,2021,7,4,211
2021-07-31,C,45.62,41.12,9,25,0,1,Online,East,2021,7,5,212
2021-08-01,C,37.22,36.37,10,25,0,1,Store,North,2021,8,6,213
2021-08-02,C,47.6,47.65,7,25,0,0,Online,East,2021,8,0,214
2021-08-03,C,35.7,32.44,9,25,0,0,Store,North,2021,8,1,215
2021-08-04,C,53.64,60.43,8,25,0,0,Store,East,2021,8,2,216
2021-08-05,C,46.95,47.29,11,25,1,0,Store,East,2021,8,3,217
2021-08-06,C,59.76,60.84,6,25,0,0,Online,East,2021,8,4,218
2021-08-07,C,48.41,41.73,9,25,1,1,Online,West,2021,8,5,219
2021-08-08,C,44.89,41.33,8,25,0,1,Store,North,2021,8,6,220
2021-08-09,C,63.76,62.71,5,25,0,0,Online,East,2021,8,0,221
2021-08-10,C,49.16,51.96,9,25,1,0,Store,West,2021,8,1,222
2021-08-11,C,51.84,58.59,7,25,0,0,Online,South,2021,8,2,223
2021-08-12,C,59.97,54.95,5,25,0,0,Store,West,2021,8,3,224
2021-08-13,C,64.23,72.75,6,25,1,0,Online,North,2021,8,4,225
2021-08-14,C,55.53,56.9,5,25,0,1,Store,North,2021,8,5,226
2021-08-15,C,53.71,46.62,7,25,0,1,Store,North,2021,8,6,227
2021-08-16,C,35.72,37.28,10,25,0,0,Store,East,2021,8,0,228
2021-08-17,C,37.75,35.31,9,25,0,0,Online,North,2021,8,1,229
2021-08-18,C,61.24,55.25,5,25,0,0,Store,South,2021,8,2,230
2021-08-19,C,55.88,51.81,6,25,0,0,Online,West,2021,8,3,231
2021-08-20,C,47.62,47.02,8,25,1,0,Store,South,2021,8,4,232
2021-08-21,C,48.11,43.05,11,25,1,1,Store,West,2021,8,5,233
2021-08-22,C,30.76,33.21,15,25,1,1,Store,East,2021,8,6,234
2021-08-23,C,37.21,42.63,8,25,0,0,Online,South,2021,8,0,235
2021-08-24,C,45.01,39.77,7,25,0,0,Store,West,2021,8,1,236
2021-08-25,C,53.51,46.92,5,25,0,0,Store,South,2021,8,2,237
2021-08-26,C,53.66,56.2,6,25,0,0,Online,North,2021,8,3,238
2021-08-27,C,45.25,39.67,6,25,0,0,Store,West,2021,8,4,239
2021-08-28,C,36.58,41.68,11,25,0,1,Online,South,2021,8,5,240
2021-08-29,C,54.72,57.97,7,25,0,1,Store,East,2021,8,6,241
2021-08-30,C,46.96,48.19,7,25,0,0,Online,East,2021,8,0,242
2021-08-31,C,63.16,59.99,3,25,0,0,Store,North,2021,8,1,243
2021-09-01,C,40.17,42.19,8,25,0,0,Online,West,2021,9,2,244
2021-09-02,C,44.14,42.93,7,25,0,0,Store,West,2021,9,3,245
2021-09-03,C,58.88,66.84,5,25,0,0,Online,North,2021,9,4,246
2021-09-04,C,51.86,47.48,8,25,0,1,Online,East,2021,9,5,247
2021-09-05,C,52.92,45.44,7,25,0,1,Online,East,2021,9,6,248
2021-09-06,C,43.59,44.06,8,25,0,0,Online,East,2021,9,0,249
2021-09-07,C,46.69,51.95,7,25,0,0,Store,East,2021,9,1,250
2021-09-08,C,55.7,54.11,6,25,1,0,Online,South,2021,9,2,251
2021-09-09,C,38.46,39.14,12,25,1,0,Online,South,2021,9,3,252
2021-09-10,C,60.97,55.31,6,25,1,0,Store,East,2021,9,4,253
2021-09-11,C,35.87,33.55,11,25,0,1,Store,West,2021,9,5,254
2021-09-12,C,73.33,82.44,5,25,0,1,Online,North,2021,9,6,255
2021-09-13,C,62.53,71.28,5,25,0,0,Store,West,2021,9,0,256
2021-09-14,C,53.33,47.48,5,25,1,0,Store,South,2021,9,1,257
2021-09-15,C,45.47,52.05,8,25,0,0,Online,North,2021,9,2,258
2021-09-16,C,56.63,63.95,9,25,1,0,Store,West,2021,9,3,259
2021-09-17,C,50.78,45.46,6,25,0,0,Store,West,2021,9,4,260
2021-09-18,C,58.04,59.67,7,25,1,1,Online,West,2021,9,5,261
2021-09-19,C,53.09,51.65,7,25,0,1,Store,East,2021,9,6,262
2021-09-20,C,64.94,65.26,4,25,0,0,Store,East,2021,9,0,263
2021-09-21,C,59.24,51.03,4,25,0,0,Online,East,2021,9,1,264
2021-09-22,C,44.1,50.48,6,25,0,0,Online,East,2021,9,2,265
2021-09-23,C,56.75,55.22,5,25,0,0,Store,North,2021,9,3,266
2021-09-24,C,61.47,68.77,6,25,1,0,Store,West,2021,9,4,267
2021-09-25,C,46.94,53.18,9,25,1,1,Online,East,2021,9,5,268
2021-09-26,C,49.19,47.17,7,25,0,1,Store,East,2021,9,6,269
2021-09-27,C,34.83,39.78,10,25,0,0,Store,East,2021,9,0,270
2021-09-28,C,51.01,47.8,7,25,1,0,Store,West,2021,9,1,271
2021-09-29,C,43.37,38.52,7,25,0,0,Store,North,2021,9,2,272
2021-09-30,C,31.32,30.03,8,25,0,0,Online,West,2021,9,3,273
2021-10-01,C,54.37,59.17,7,25,1,0,Online,South,2021,10,4,274
2021-10-02,C,69.52,72.23,6,25,1,1,Online,South,2021,10,5,275
2021-10-03,C,37.98,36.96,10,25,0,1,Online,East,2021,10,6,276
2021-10-04,C,43.32,41.23,7,25,0,0,Online,West,2021,10,0,277
2021-10-05,C,44.07,46.49,8,25,1,0,Online,East,2021,10,1,278
2021-10-06,C,33.39,36.75,11,25,0,0,Store,North,2021,10,2,279
2021-10-07,C,50.05,52.24,7,25,0,0,Online,West,2021,10,3,280
2021-10-08,C,45.1,46.12,7,25,0,0,Store,South,2021,10,4,281
2021-10-09,C,41.42,44.69,10,25,0,1,Online,South,2021,10,5,282
2021-10-10,C,64.34,69.63,5,25,0,1,Online,East,2021,10,6,283
2021-10-11,C,32.96,30.8,10,25,0,0,Store,South,2021,10,0,284
2021-10-12,C,48.46,42.28,8,25,1,0,Store,North,2021,10,1,285
2021-10-13,C,42.37,42.14,9,25,1,0,Online,West,2021,10,2,286
2021-10-14,C,37.74,32.17,8,25,0,0,Online,North,2021,10,3,287
2021-10-15,C,39.07,40.85,8,25,0,0,Online,North,2021,10,4,288
2021-10-16,C,44.81,39.02,8,25,0,1,Online,East,2021,10,5,289
2021-10-17,C,47.73,51.76,8,25,0,1,Store,West,2021,10,6,290
2021-10-18,C,50.95,54.6,9,25,1,0,Store,West,2021,10,0,291
2021-10-19,C,54.44,46.57,4,25,0,0,Online,West,2021,10,1,292
2021-10-20,C,39.64,39.67,8,25,0,0,Online,North,2021,10,2,293
2021-10-21,C,56.73,62.4,6,25,0,0,Online,West,2021,10,3,294
2021-10-22,C,35.69,31.67,9,25,0,0,Online,West,2021,10,4,295
2021-10-23,C,50.23,52.18,8,25,0,1,Online,South,2021,10,5,296
2021-10-24,C,54.06,51.34,6,25,0,1,Store,North,2021,10,6,297
2021-10-25,C,52.5,55.24,6,25,0,0,Online,West,2021,10,0,298
2021-10-26,C,63.23,61.93,4,25,0,0,Online,North,2021,10,1,299
2021-10-27,C,54.75,58.95,6,25,0,0,Online,West,2021,10,2,300
2021-10-28,C,66.71,60.81,5,25,0,0,Store,East,2021,10,3,301
2021-10-29,C,67.72,67.94,3,25,0,0,Store,North,2021,10,4,302
2021-10-30,C,56.46,59.3,9,25,1,1,Store,West,2021,10,5,303
2021-10-31,C,36.16,36.67,13,25,1,1,Online,South,2021,10,6,304
2021-11-01,C,51.33,47.5,6,25,0,0,Store,North,2021,11,0,305
2021-11-02,C,48.89,52.45,7,25,0,0,Online,South,2021,11,1,306
2021-11-03,C,35.56,30.95,9,25,0,0,Store,West,2021,11,2,307
2021-11-04,C,58.33,60.69,7,25,1,0,Store,West,2021,11,3,308
2021-11-05,C,47.06,52.44,7,25,0,0,Store,West,2021,11,4,309
2021-11-06,C,51.58,50.13,7,25,0,1,Store,South,2021,11,5,310
2021-11-07,C,62.32,60.15,6,25,0,1,Store,East,2021,11,6,311
2021-11-08,C,55.84,48.57,5,25,0,0,Store,East,2021,11,0,312
2021-11-09,C,60.96,66.0,5,25,0,0,Store,West,2021,11,1,313
2021-11-10,C,60.93,54.55,5,25,0,0,Online,East,2021,11,2,314
2021-11-11,C,48.05,42.29,6,25,0,0,Online,South,2021,11,3,315
2021-11-12,C,30.0,28.88,11,25,0,0,Online,West,2021,11,4,316
2021-11-13,C,44.04,41.96,9,25,0,1,Online,East,2021,11,5,317
2021-11-14,C,60.55,60.08,8,25,1,1,Online,West,2021,11,6,318
2021-11-15,C,46.69,48.02,8,25,0,0,Online,East,2021,11,0,319
2021-11-16,C,52.21,52.02,6,25,0,0,Store,West,2021,11,1,320
2021-11-17,C,69.12,59.3,5,25,0,0,Online,North,2021,11,2,321
2021-11-18,C,53.96,49.52,6,25,0,0,Online,East,2021,11,3,322
2021-11-19,C,38.96,42.06,10,25,0,0,Store,South,2021,11,4,323
2021-11-20,C,53.11,51.8,9,25,1,1,Online,North,2021,11,5,324
2021-11-21,C,63.9,55.0,7,25,0,1,Store,West,2021,11,6,325
2021-11-22,C,56.3,63.91,6,25,0,0,Store,West,2021,11,0,326
2021-11-23,C,46.24,39.69,7,25,0,0,Online,East,2021,11,1,327
2021-11-24,C,46.98,41.62,9,25,1,0,Online,West,2021,11,2,328
2021-11-25,C,53.43,59.05,8,25,1,0,Online,West,2021,11,3,329
2021-11-26,C,30.0,29.16,12,25,0,0,Store,North,2021,11,4,330
2021-11-27,C,62.74,61.79,5,25,0,1,Online,North,2021,11,5,331
2021-11-28,C,43.31,48.11,11,25,0,1,Online,East,2021,11,6,332
2021-11-29,C,52.93,49.84,8,25,1,0,Store,West,2021,11,0,333
2021-11-30,C,59.0,60.11,6,25,0,0,Online,West,2021,11,1,334
2021-12-01,C,50.78,43.32,8,25,0,0,Online,North,2021,12,2,335
2021-12-02,C,57.64,49.79,6,25,0,0,Online,East,2021,12,3,336
2021-12-03,C,41.97,40.44,10,25,1,0,Store,West,2021,12,4,337
2021-12-04,C,42.16,35.95,10,25,0,1,Online,North,2021,12,5,338
2021-12-05,C,30.0,32.66,15,25,0,1,Online,North,2021,12,6,339
2021-12-06,C,56.71,53.02,8,25,1,0,Online,South,2021,12,0,340
2021-12-07,C,47.75,46.41,10,25,1,0,Store,East,2021,12,1,341
2021-12-08,C,49.65,56.65,8,25,0,0,Store,West,2021,12,2,342
2021-12-09,C,54.51,61.34,6,25,0,0,Online,South,2021,12,3,343
2021-12-10,C,48.03,52.14,11,25,1,0,Store,East,2021,12,4,344
2021-12-11,C,55.14,51.19,7,25,0,1,Online,West,2021,12,5,345
2021-12-12,C,58.41,55.2,6,25,0,1,Store,South,2021,12,6,346
2021-12-13,C,44.04,48.0,10,25,0,0,Store,South,2021,12,0,347
2021-12-14,C,59.92,67.77,7,25,0,0,Online,South,2021,12,1,348
2021-12-15,C,36.5,31.9,12,25,0,0,Store,East,2021,12,2,349
2021-12-16,C,48.89,53.01,9,25,0,0,Online,West,2021,12,3,350
2021-12-17,C,53.27,60.24,10,25,1,0,Store,East,2021,12,4,351
2021-12-18,C,41.39,44.35,12,25,0,1,Online,North,2021,12,5,352
2021-12-19,C,55.16,58.33,9,25,0,1,Store,North,2021,12,6,353
2021-12-20,C,60.23,56.95,6,25,0,0,Store,North,2021,12,0,354
2021-12-21,C,43.96,45.33,12,25,1,0,Store,South,2021,12,1,355
2021-12-22,C,55.22,50.12,6,25,0,0,Online,West,2021,12,2,356
2021-12-23,C,57.59,59.08,7,25,0,0,Store,North,2021,12,3,357
2021-12-24,C,53.24,60.92,8,25,0,0,Online,West,2021,12,4,358
2021-12-25,C,49.89,43.27,12,25,1,1,Online,North,2021,12,5,359
2021-12-26,C,30.03,32.42,18,25,0,1,Online,North,2021,12,6,360
2021-12-27,C,52.15,50.48,8,25,0,0,Online,South,2021,12,0,361
2021-12-28,C,41.84,36.55,12,25,0,0,Online,West,2021,12,1,362
2021-12-29,C,63.45,65.31,8,25,1,0,Online,South,2021,12,2,363
2021-12-30,C,32.46,34.15,19,25,0,0,Store,East,2021,12,3,364
2021-12-31,C,48.86,47.42,9,25,0,0,Store,West,2021,12,4,365
2022-01-01,C,57.8,60.3,8,25,0,1,Online,South,2022,1,5,1
2022-01-02,C,45.44,50.74,13,25,0,1,Online,West,2022,1,6,2
2022-01-03,C,58.65,64.44,8,25,0,0,Online,West,2022,1,0,3
2022-01-04,C,44.54,48.67,15,25,1,0,Online,South,2022,1,1,4
2022-01-05,C,63.35,63.12,7,25,0,0,Online,South,2022,1,2,5
2022-01-06,C,46.17,52.16,11,25,0,0,Store,South,2022,1,3,6
2022-01-07,C,51.3,49.09,8,25,0,0,Online,East,2022,1,4,7
2022-01-08,C,61.02,65.65,8,25,0,1,Online,North,2022,1,5,8
2022-01-09,C,46.42,50.48,11,25,0,1,Online,East,2022,1,6,9
2022-01-10,C,51.06,52.77,10,25,0,0,Store,West,2022,1,0,10
2022-01-11,C,44.3,49.35,11,25,0,0,Store,West,2022,1,1,11
2022-01-12,C,50.51,51.98,8,25,0,0,Online,South,2022,1,2,12
2022-01-13,C,49.97,51.06,10,25,0,0,Store,South,2022,1,3,13
2022-01-14,C,55.14,49.67,13,25,1,0,Online,East,2022,1,4,14
2022-01-15,C,56.77,64.79,11,25,0,1,Store,West,2022,1,5,15
2022-01-16,C,55.47,48.31,11,25,0,1,Online,West,2022,1,6,16
2022-01-17,C,38.62,40.62,12,25,0,0,Online,South,2022,1,0,17
2022-01-18,C,64.81,69.13,10,25,1,0,Store,West,2022,1,1,18
2022-01-19,C,58.26,58.96,9,25,0,0,Online,West,2022,1,2,19
2022-01-20,C,32.92,35.98,15,25,0,0,Online,North,2022,1,3,20
2022-01-21,C,59.47,54.74,8,25,0,0,Online,South,2022,1,4,21
2022-01-22,C,59.43,64.17,10,25,0,1,Online,North,2022,1,5,22
2022-01-23,C,63.33,54.49,7,25,0,1,Online,South,2022,1,6,23
2022-01-24,C,43.59,45.02,10,25,0,0,Store,East,2022,1,0,24
2022-01-25,C,43.44,42.04,13,25,0,0,Store,South,2022,1,1,25
2022-01-26,C,52.51,58.98,10,25,0,0,Online,South,2022,1,2,26
2022-01-27,C,51.58,58.07,12,25,1,0,Online,West,2022,1,3,27
2022-01-28,C,47.96,51.47,11,25,0,0,Store,North,2022,1,4,28
2022-01-29,C,60.14,55.49,11,25,0,1,Online,North,2022,1,5,29
2022-01-30,C,61.12,68.8,12,25,1,1,Store,West,2022,1,6,30
2022-01-31,C,43.59,43.52,12,25,0,0,Store,West,2022,1,0,31
2022-02-01,C,50.89,48.17,9,25,0,0,Online,West,2022,2,1,32
2022-02-02,C,69.63,79.23,7,25,0,0,Online,West,2022,2,2,33
2022-02-03,C,56.56,64.07,11,25,0,0,Online,North,2022,2,3,34
2022-02-04,C,30.0,26.18,20,25,0,0,Store,South,2022,2,4,35
2022-02-05,C,65.33,68.47,10,25,0,1,Online,West,2022,2,5,36
2022-02-06,C,55.94,58.57,10,25,0,1,Store,East,2022,2,6,37
2022-02-07,C,62.95,58.51,9,25,0,0,Store,East,2022,2,0,38
2022-02-08,C,46.32,53.09,16,25,0,0,Store,South,2022,2,1,39
2022-02-09,C,58.8,55.42,9,25,0,0,Store,South,2022,2,2,40
2022-02-10,C,60.93,56.79,8,25,1,0,Online,East,2022,2,3,41
2022-02-11,C,30.2,31.19,25,25,1,0,Store,West,2022,2,4,42
2022-02-12,C,58.72,51.9,10,25,0,1,Online,East,2022,2,5,43
2022-02-13,C,50.57,44.45,15,25,1,1,Store,West,2022,2,6,44
2022-02-14,C,54.78,49.93,9,25,0,0,Online,East,2022,2,0,45
2022-02-15,C,54.89,49.87,11,25,0,0,Online,North,2022,2,1,46
2022-02-16,C,56.02,50.97,11,25,0,0,Online,East,2022,2,2,47
2022-02-17,C,35.21,31.08,16,25,0,0,Online,West,2022,2,3,48
2022-02-18,C,50.49,45.1,13,25,0,0,Online,South,2022,2,4,49
2022-02-19,C,65.4,59.47,13,25,1,1,Store,West,2022,2,5,50
2022-02-20,C,56.78,48.32,11,25,0,1,Online,East,2022,2,6,51
2022-02-21,C,57.84,62.85,14,25,1,0,Online,North,2022,2,0,52
2022-02-22,C,59.35,64.41,13,25,0,0,Store,South,2022,2,1,53
2022-02-23,C,51.73,57.2,10,25,0,0,Store,North,2022,2,2,54
2022-02-24,C,69.27,60.4,10,25,1,0,Online,South,2022,2,3,55
2022-02-25,C,30.81,26.6,17,25,0,0,Online,North,2022,2,4,56
2022-02-26,C,54.32,54.55,15,25,0,1,Store,West,2022,2,5,57
2022-02-27,C,63.35,61.49,10,25,0,1,Store,North,2022,2,6,58
2022-02-28,C,61.44,57.22,10,25,0,0,Online,South,2022,2,0,59
2022-03-01,C,56.96,61.82,13,25,1,0,Online,North,2022,3,1,60
2022-03-02,C,63.69,54.88,11,25,0,0,Store,East,2022,3,2,61
2022-03-03,C,65.9,74.16,9,25,0,0,Online,North,2022,3,3,62
2022-03-04,C,52.11,50.94,12,25,0,0,Online,West,2022,3,4,63
2022-03-05,C,44.68,43.13,22,25,1,1,Store,North,2022,3,5,64
2022-03-06,C,43.96,49.08,21,25,0,1,Online,South,2022,3,6,65
2022-03-07,C,42.84,38.17,15,25,0,0,Store,South,2022,3,0,66
2022-03-08,C,46.91,41.05,15,25,0,0,Online,North,2022,3,1,67
2022-03-09,C,56.61,59.03,12,25,0,0,Store,South,2022,3,2,68
2022-03-10,C,52.83,56.52,11,25,0,0,Store,North,2022,3,3,69
2022-03-11,C,42.08,40.08,17,25,1,0,Store,East,2022,3,4,70
2022-03-12,C,53.1,56.14,14,25,0,1,Store,South,2022,3,5,71
2022-03-13,C,49.83,46.49,13,25,0,1,Online,South,2022,3,6,72
2022-03-14,C,57.57,61.58,9,25,0,0,Store,West,2022,3,0,73
2022-03-15,C,64.79,68.92,11,25,1,0,Online,East,2022,3,1,74
2022-03-16,C,44.5,46.5,17,25,1,0,Online,West,2022,3,2,75
2022-03-17,C,40.6,41.34,15,25,0,0,Online,North,2022,3,3,76
2022-03-18,C,49.94,46.14,14,25,0,0,Store,East,2022,3,4,77
2022-03-19,C,49.89,56.5,22,25,1,1,Online,North,2022,3,5,78
2022-03-20,C,73.11,69.58,9,25,0,1,Online,East,2022,3,6,79
2022-03-21,C,44.59,43.84,16,25,0,0,Store,East,2022,3,0,80
2022-03-22,C,44.1,39.32,12,25,0,0,Online,North,2022,3,1,81
2022-03-23,C,49.95,43.72,15,25,1,0,Online,West,2022,3,2,82
2022-03-24,C,50.06,43.21,13,25,0,0,Store,South,2022,3,3,83
2022-03-25,C,50.93,51.46,13,25,0,0,Store,West,2022,3,4,84
2022-03-26,C,39.09,40.6,29,25,1,1,Store,East,2022,3,5,85
2022-03-27,C,40.5,43.54,19,25,0,1,Store,East,2022,3,6,86
2022-03-28,C,49.13,46.82,13,25,0,0,Online,East,2022,3,0,87
2022-03-29,C,34.05,33.01,22,25,0,0,Store,West,2022,3,1,88
2022-03-30,C,40.09,45.88,17,25,0,0,Store,West,2022,3,2,89
2022-03-31,C,46.76,52.85,15,25,0,0,Online,North,2022,3,3,90
2022-04-01,C,49.51,42.52,13,25,0,0,Online,West,2022,4,4,91
2022-04-02,C,34.66,35.45,28,25,1,1,Store,West,2022,4,5,92
2022-04-03,C,62.77,58.93,9,25,0,1,Store,East,2022,4,6,93
2022-04-04,C,38.78,33.42,14,25,0,0,Store,East,2022,4,0,94
2022-04-05,C,46.0,52.53,14,25,0,0,Online,South,2022,4,1,95
2022-04-06,C,48.28,45.0,15,25,0,0,Online,West,2022,4,2,96
2022-04-07,C,45.79,39.25,17,25,1,0,Store,North,2022,4,3,97
2022-04-08,C,37.54,33.61,20,25,1,0,Store,South,2022,4,4,98
2022-04-09,C,52.24,51.08,15,25,0,1,Online,West,2022,4,5,99
2022-04-10,C,56.85,56.63,10,25,0,1,Store,South,2022,4,6,100
2022-04-11,C,31.96,27.49,24,25,0,0,Store,West,2022,4,0,101
2022-04-12,C,62.52,56.47,10,25,0,0,Store,North,2022,4,1,102
2022-04-13,C,54.35,51.18,14,25,0,0,Store,North,2022,4,2,103
2022-04-14,C,73.39,71.04,11,25,1,0,Online,South,2022,4,3,104
2022-04-15,C,52.74,53.82,14,25,1,0,Store,West,2022,4,4,105
2022-04-16,C,45.17,51.59,18,25,0,1,Online,East,2022,4,5,106
2022-04-17,C,43.75,48.43,20,25,0,1,Store,East,2022,4,6,107
2022-04-18,C,52.92,57.56,16,25,1,0,Store,East,2022,4,0,108
2022-04-19,C,47.83,48.85,13,25,0,0,Store,South,2022,4,1,109
2022-04-20,C,60.36,55.9,14,25,1,0,Online,East,2022,4,2,110
2022-04-21,C,48.82,54.26,13,25,0,0,Store,West,2022,4,3,111
2022-04-22,C,53.5,51.74,13,25,0,0,Store,East,2022,4,4,112
2022-04-23,C,54.87,47.26,12,25,0,1,Store,East,2022,4,5,113
2022-04-24,C,65.09,70.12,12,25,0,1,Store,North,2022,4,6,114
2022-04-25,C,45.58,50.23,21,25,1,0,Online,North,2022,4,0,115
2022-04-26,C,45.14,41.12,14,25,0,0,Online,West,2022,4,1,116
2022-04-27,C,58.97,56.34,11,25,0,0,Store,North,2022,4,2,117
2022-04-28,C,34.15,31.52,25,25,1,0,Store,North,2022,4,3,118
2022-04-29,C,49.42,52.53,12,25,0,0,Store,East,2022,4,4,119
2022-04-30,C,66.53,64.39,14,25,1,1,Store,North,2022,4,5,120
2022-05-01,C,42.27,42.63,17,25,0,1,Online,South,2022,5,6,121
2022-05-02,C,46.47,50.35,14,25,0,0,Online,West,2022,5,0,122
2022-05-03,C,57.27,60.72,12,25,0,0,Online,West,2022,5,1,123
2022-05-04,C,37.19,34.22,19,25,1,0,Store,South,2022,5,2,124
2022-05-05,C,48.38,51.36,14,25,0,0,Online,North,2022,5,3,125
2022-05-06,C,48.76,52.36,18,25,1,0,Store,North,2022,5,4,126
2022-05-07,C,40.18,42.42,18,25,0,1,Online,North,2022,5,5,127
2022-05-08,C,48.77,44.27,16,25,1,1,Store,West,2022,5,6,128
2022-05-09,C,55.15,49.47,11,25,0,0,Store,West,2022,5,0,129
2022-05-10,C,35.43,33.32,21,25,0,0,Online,West,2022,5,1,130
2022-05-11,C,70.21,66.57,9,25,0,0,Online,East,2022,5,2,131
2022-05-12,C,49.1,56.29,15,25,0,0,Store,North,2022,5,3,132
2022-05-13,C,39.39,36.06,17,25,1,0,Online,East,2022,5,4,133
2022-05-14,C,35.67,36.35,25,25,0,1,Store,West,2022,5,5,134
2022-05-15,C,53.48,49.76,13,25,0,1,Online,North,2022,5,6,135
2022-05-16,C,58.12,50.2,14,25,1,0,Store,West,2022,5,0,136
2022-05-17,C,51.9,52.52,12,25,0,0,Online,East,2022,5,1,137
2022-05-18,C,57.01,52.33,13,25,1,0,Store,South,2022,5,2,138
2022-05-19,C,35.39,32.53,18,25,0,0,Online,West,2022,5,3,139
2022-05-20,C,49.95,48.87,10,25,0,0,Store,West,2022,5,4,140
2022-05-21,C,50.14,56.93,12,25,0,1,Store,North,2022,5,5,141
2022-05-22,C,51.98,44.9,12,25,1,1,Online,East,2022,5,6,142
2022-05-23,C,57.2,62.16,13,25,1,0,Store,South,2022,5,0,143
2022-05-24,C,59.75,60.74,8,25,0,0,Store,South,2022,5,1,144
2022-05-25,C,61.21,70.06,10,25,0,0,Online,East,2022,5,2,145
2022-05-26,C,47.72,45.41,12,25,0,0,Online,North,2022,5,3,146
2022-05-27,C,64.02,54.69,7,25,0,0,Online,North,2022,5,4,147
2022-05-28,C,45.26,49.15,22,25,1,1,Online,East,2022,5,5,148
2022-05-29,C,32.04,32.66,19,25,0,1,Store,South,2022,5,6,149
2022-05-30,C,64.32,72.57,8,25,0,0,Store,South,2022,5,0,150
2022-05-31,C,50.47,56.29,10,25,0,0,Store,East,2022,5,1,151
2022-06-01,C,55.89,55.28,10,25,0,0,Store,North,2022,6,2,152
2022-06-02,C,42.71,46.78,14,25,0,0,Store,West,2022,6,3,153
2022-06-03,C,41.57,38.28,14,25,1,0,Online,South,2022,6,4,154
2022-06-04,C,61.36,59.29,9,25,0,1,Online,North,2022,6,5,155
2022-06-05,C,33.68,30.14,20,25,0,1,Online,East,2022,6,6,156
2022-06-06,C,50.59,52.87,8,25,0,0,Online,North,2022,6,0,157
2022-06-07,C,55.34,61.71,10,25,1,0,Store,North,2022,6,1,158
2022-06-08,C,49.79,54.03,11,25,0,0,Store,North,2022,6,2,159
2022-06-09,C,63.23,71.34,9,25,0,0,Store,West,2022,6,3,160
2022-06-10,C,52.75,50.69,10,25,0,0,Online,East,2022,6,4,161
2022-06-11,C,58.28,55.57,11,25,0,1,Online,West,2022,6,5,162
2022-06-12,C,67.85,67.99,9,25,1,1,Online,South,2022,6,6,163
2022-06-13,C,31.94,35.24,19,25,0,0,Online,West,2022,6,0,164
2022-06-14,C,62.97,71.4,7,25,0,0,Store,West,2022,6,1,165
2022-06-15,C,43.48,44.63,12,25,0,0,Online,South,2022,6,2,166
2022-06-16,C,44.97,38.57,9,25,0,0,Store,South,2022,6,3,167
2022-06-17,C,56.44,56.72,13,25,1,0,Online,West,2022,6,4,168
2022-06-18,C,42.74,44.52,12,25,0,1,Online,South,2022,6,5,169
2022-06-19,C,38.64,37.64,15,25,0,1,Online,North,2022,6,6,170
2022-06-20,C,48.19,46.54,11,25,0,0,Online,West,2022,6,0,171
2022-06-21,C,60.29,67.46,8,25,0,0,Online,West,2022,6,1,172
2022-06-22,C,38.9,35.94,13,25,0,0,Store,North,2022,6,2,173
2022-06-23,C,30.0,34.2,20,25,0,0,Store,North,2022,6,3,174
2022-06-24,C,30.0,26.2,20,25,1,0,Online,North,2022,6,4,175
2022-06-25,C,37.97,39.08,18,25,0,1,Store,North,2022,6,5,176
2022-06-26,C,72.56,73.3,8,25,1,1,Store,West,2022,6,6,177
2022-06-27,C,40.62,39.34,13,25,0,0,Online,North,2022,6,0,178
2022-06-28,C,41.93,36.5,10,25,0,0,Online,East,2022,6,1,179
2022-06-29,C,61.15,54.88,7,25,0,0,Store,East,2022,6,2,180
2022-06-30,C,36.71,32.56,13,25,0,0,Store,West,2022,6,3,181
2022-07-01,C,55.25,50.68,7,25,0,0,Online,West,2022,7,4,182
2022-07-02,C,63.44,68.19,8,25,0,1,Online,South,2022,7,5,183
2022-07-03,C,61.66,55.72,7,25,0,1,Online,East,2022,7,6,184
2022-07-04,C,57.95,55.42,7,25,0,0,Online,West,2022,7,0,185
2022-07-05,C,65.43,74.58,6,25,0,0,Store,East,2022,7,1,186
2022-07-06,C,51.88,58.92,8,25,0,0,Online,South,2022,7,2,187
2022-07-07,C,31.1,27.58,13,25,0,0,Store,South,2022,7,3,188
2022-07-08,C,64.12,63.37,6,25,0,0,Store,East,2022,7,4,189
2022-07-09,C,32.58,29.79,17,25,0,1,Store,West,2022,7,5,190
2022-07-10,C,48.5,47.91,8,25,0,1,Online,South,2022,7,6,191
2022-07-11,C,51.95,45.89,8,25,0,0,Store,East,2022,7,0,192
2022-07-12,C,43.53,49.57,9,25,0,0,Online,South,2022,7,1,193
2022-07-13,C,57.02,53.88,8,25,0,0,Online,South,2022,7,2,194
2022-07-14,C,30.0,29.05,14,25,0,0,Online,West,2022,7,3,195
2022-07-15,C,70.52,70.87,7,25,1,0,Online,North,2022,7,4,196
2022-07-16,C,52.73,46.63,7,25,0,1,Store,East,2022,7,5,197
2022-07-17,C,48.47,50.5,10,25,0,1,Store,South,2022,7,6,198
2022-07-18,C,53.17,46.85,7,25,0,0,Online,North,2022,7,0,199
2022-07-19,C,50.52,52.16,11,25,1,0,Online,West,2022,7,1,200
2022-07-20,C,45.29,40.6,8,25,0,0,Store,East,2022,7,2,201
2022-07-21,C,50.07,53.05,7,25,0,0,Store,South,2022,7,3,202
2022-07-22,C,41.74,41.32,10,25,0,0,Store,East,2022,7,4,203
2022-07-23,C,36.64,39.99,11,25,0,1,Online,West,2022,7,5,204
2022-07-24,C,34.26,39.26,16,25,0,1,Online,North,2022,7,6,205
2022-07-25,C,65.58,69.2,7,25,1,0,Online,East,2022,7,0,206
2022-07-26,C,37.71,34.17,11,25,0,0,Store,West,2022,7,1,207
2022-07-27,C,34.33,29.67,11,25,0,0,Online,North,2022,7,2,208
2022-07-28,C,67.5,71.02,6,25,0,0,Store,East,2022,7,3,209
2022-07-29,C,58.72,58.43,6,25,0,0,Online,North,2022,7,4,210
2022-07-30,C,45.81,45.12,10,25,0,1,Online,South,2022,7,5,211
2022-07-31,C,47.87,48.08,10,25,1,1,Online,East,2022,7,6,212
2022-08-01,C,54.3,60.86,7,25,0,0,Online,North,2022,8,0,213
2022-08-02,C,54.38,61.67,7,25,0,0,Online,West,2022,8,1,214
2022-08-03,C,50.55,52.15,9,25,0,0,Online,North,2022,8,2,215
2022-08-04,C,37.62,33.76,10,25,0,0,Store,East,2022,8,3,216
2022-08-05,C,69.75,72.29,5,25,0,0,Store,West,2022,8,4,217
2022-08-06,C,37.35,38.67,14,25,0,1,Online,South,2022,8,5,218
2022-08-07,C,51.97,59.52,9,25,0,1,Online,North,2022,8,6,219
2022-08-08,C,41.9,42.87,8,25,0,0,Online,South,2022,8,0,220
2022-08-09,C,39.82,36.66,9,25,0,0,Online,South,2022,8,1,221
2022-08-10,C,48.0,50.4,9,25,0,0,Store,West,2022,8,2,222
2022-08-11,C,66.97,61.11,3,25,0,0,Store,South,2022,8,3,223
2022-08-12,C,50.75,50.47,7,25,0,0,Online,West,2022,8,4,224
2022-08-13,C,36.56,41.24,13,25,0,1,Online,East,2022,8,5,225
2022-08-14,C,44.82,42.32,7,25,0,1,Store,North,2022,8,6,226
2022-08-15,C,48.91,53.31,8,25,0,0,Online,West,2022,8,0,227
2022-08-16,C,59.55,66.99,6,25,0,0,Online,East,2022,8,1,228
2022-08-17,C,46.67,53.6,9,25,0,0,Online,South,2022,8,2,229
2022-08-18,C,51.3,56.57,6,25,0,0,Store,North,2022,8,3,230
2022-08-19,C,43.89,42.21,8,25,0,0,Online,North,2022,8,4,231
2022-08-20,C,39.59,44.33,12,25,0,1,Online,West,2022,8,5,232
2022-08-21,C,57.87,56.81,7,25,0,1,Store,South,2022,8,6,233
2022-08-22,C,33.95,36.6,11,25,0,0,Store,West,2022,8,0,234
2022-08-23,C,44.84,51.17,10,25,1,0,Online,East,2022,8,1,235
2022-08-24,C,48.29,45.6,7,25,0,0,Online,East,2022,8,2,236
2022-08-25,C,45.31,42.47,6,25,0,0,Online,South,2022,8,3,237
2022-08-26,C,44.7,50.99,8,25,0,0,Online,North,2022,8,4,238
2022-08-27,C,40.21,35.1,8,25,0,1,Online,North,2022,8,5,239
2022-08-28,C,58.76,63.9,8,25,1,1,Store,West,2022,8,6,240
2022-08-29,C,39.78,40.39,10,25,1,0,Online,South,2022,8,0,241
2022-08-30,C,47.6,48.81,7,25,0,0,Online,West,2022,8,1,242
2022-08-31,C,68.66,66.8,4,25,0,0,Store,West,2022,8,2,243
2022-09-01,C,50.3,43.95,5,25,0,0,Online,West,2022,9,3,244
2022-09-02,C,55.4,59.95,7,25,1,0,Online,East,2022,9,4,245
2022-09-03,C,67.08,57.76,7,25,1,1,Store,West,2022,9,5,246
2022-09-04,C,42.94,46.41,9,25,0,1,Store,North,2022,9,6,247
2022-09-05,C,58.19,49.76,5,25,0,0,Store,South,2022,9,0,248
2022-09-06,C,59.25,52.46,5,25,0,0,Online,South,2022,9,1,249
2022-09-07,C,31.37,29.19,10,25,0,0,Online,North,2022,9,2,250
2022-09-08,C,68.24,58.94,4,25,0,0,Online,East,2022,9,3,251
2022-09-09,C,50.7,52.54,7,25,0,0,Online,West,2022,9,4,252
2022-09-10,C,54.67,62.67,7,25,0,1,Online,North,2022,9,5,253
2022-09-11,C,30.0,34.25,15,25,0,1,Online,West,2022,9,6,254
2022-09-12,C,61.1,67.55,5,25,0,0,Online,West,2022,9,0,255
2022-09-13,C,44.63,42.79,9,25,1,0,Store,North,2022,9,1,256
2022-09-14,C,61.67,57.66,5,25,1,0,Online,North,2022,9,2,257
2022-09-15,C,44.4,49.69,7,25,0,0,Store,West,2022,9,3,258
2022-09-16,C,43.6,37.99,8,25,1,0,Store,East,2022,9,4,259
2022-09-17,C,55.12,49.54,7,25,0,1,Store,South,2022,9,5,260
2022-09-18,C,69.74,79.76,5,25,0,1,Online,South,2022,9,6,261
2022-09-19,C,34.93,31.4,10,25,0,0,Online,West,2022,9,0,262
2022-09-20,C,38.26,37.66,8,25,0,0,Online,South,2022,9,1,263
2022-09-21,C,48.98,48.67,6,25,0,0,Online,West,2022,9,2,264
2022-09-22,C,53.79,61.26,6,25,0,0,Store,West,2022,9,3,265
2022-09-23,C,52.17,59.66,6,25,0,0,Online,East,2022,9,4,266
2022-09-24,C,42.99,42.96,8,25,0,1,Online,East,2022,9,5,267
2022-09-25,C,60.05,63.39,6,25,0,1,Online,West,2022,9,6,268
2022-09-26,C,54.08,46.95,5,25,0,0,Online,North,2022,9,0,269
2022-09-27,C,54.54,50.36,6,25,1,0,Online,South,2022,9,1,270
2022-09-28,C,46.9,42.12,6,25,0,0,Store,North,2022,9,2,271
2022-09-29,C,55.83,63.66,5,25,0,0,Online,South,2022,9,3,272
2022-09-30,C,54.25,61.7,6,25,0,0,Online,West,2022,9,4,273
2022-10-01,C,55.67,62.17,7,25,0,1,Store,West,2022,10,5,274
2022-10-02,C,52.96,58.06,8,25,0,1,Store,South,2022,10,6,275
2022-10-03,C,54.67,48.37,6,25,0,0,Store,West,2022,10,0,276
2022-10-04,C,63.18,70.2,4,25,0,0,Store,North,2022,10,1,277
2022-10-05,C,45.89,49.87,7,25,0,0,Store,West,2022,10,2,278
2022-10-06,C,38.21,38.74,11,25,1,0,Online,West,2022,10,3,279
2022-10-07,C,49.43,54.37,7,25,0,0,Online,East,2022,10,4,280
2022-10-08,C,53.18,51.27,7,25,0,1,Store,South,2022,10,5,281
2022-10-09,C,51.44,52.53,8,25,1,1,Online,West,2022,10,6,282
2022-10-10,C,39.92,45.07,8,25,0,0,Online,North,2022,10,0,283
2022-10-11,C,49.37,55.78,6,25,0,0,Online,West,2022,10,1,284
2022-10-12,C,35.89,30.76,13,25,1,0,Online,West,2022,10,2,285
2022-10-13,C,55.74,59.88,7,25,1,0,Online,West,2022,10,3,286
2022-10-14,C,55.1,52.66,7,25,1,0,Online,North,2022,10,4,287
2022-10-15,C,49.15,51.25,8,25,0,1,Store,South,2022,10,5,288
2022-10-16,C,61.68,52.75,6,25,0,1,Store,North,2022,10,6,289
2022-10-17,C,52.66,59.97,6,25,0,0,Store,East,2022,10,0,290
2022-10-18,C,71.78,71.78,4,25,0,0,Online,North,2022,10,1,291
2022-10-19,C,53.83,51.44,6,25,0,0,Store,East,2022,10,2,292
2022-10-20,C,47.48,40.44,6,25,0,0,Online,East,2022,10,3,293
2022-10-21,C,38.77,33.93,9,25,0,0,Online,East,2022,10,4,294
2022-10-22,C,53.37,48.93,8,25,1,1,Online,South,2022,10,5,295
2022-10-23,C,38.79,36.75,9,25,0,1,Store,East,2022,10,6,296
2022-10-24,C,43.94,42.29,7,25,0,0,Store,West,2022,10,0,297
2022-10-25,C,67.81,73.95,5,25,0,0,Store,East,2022,10,1,298
2022-10-26,C,48.5,54.78,6,25,0,0,Online,East,2022,10,2,299
2022-10-27,C,43.68,39.05,6,25,0,0,Online,East,2022,10,3,300
2022-10-28,C,64.64,62.05,4,25,0,0,Online,West,2022,10,4,301
2022-10-29,C,39.16,39.74,11,25,0,1,Online,South,2022,10,5,302
2022-10-30,C,39.69,35.79,9,25,0,1,Online,North,2022,10,6,303
2022-10-31,C,44.83,41.31,6,25,0,0,Online,North,2022,10,0,304
2022-11-01,C,60.48,62.77,5,25,0,0,Online,South,2022,11,1,305
2022-11-02,C,50.51,49.93,6,25,0,0,Online,East,2022,11,2,306
2022-11-03,C,40.35,37.54,7,25,0,0,Online,West,2022,11,3,307
2022-11-04,C,40.98,40.45,9,25,0,0,Online,South,2022,11,4,308
2022-11-05,C,44.84,45.48,8,25,0,1,Store,North,2022,11,5,309
2022-11-06,C,30.0,32.16,19,25,1,1,Store,East,2022,11,6,310
2022-11-07,C,41.84,35.59,10,25,1,0,Online,East,2022,11,0,311
2022-11-08,C,47.46,47.99,9,25,1,0,Online,South,2022,11,1,312
2022-11-09,C,42.15,47.83,8,25,0,0,Store,East,2022,11,2,313
2022-11-10,C,68.17,72.85,5,25,0,0,Store,East,2022,11,3,314
2022-11-11,C,54.3,54.72,7,25,0,0,Online,South,2022,11,4,315
2022-11-12,C,50.33,51.93,6,25,0,1,Store,East,2022,11,5,316
2022-11-13,C,47.11,46.42,8,25,0,1,Online,South,2022,11,6,317
2022-11-14,C,64.38,55.17,6,25,1,0,Store,South,2022,11,0,318
2022-11-15,C,62.56,62.55,5,25,0,0,Store,North,2022,11,1,319
2022-11-16,C,44.44,45.12,7,25,0,0,Online,West,2022,11,2,320
2022-11-17,C,61.41,63.0,6,25,0,0,Online,West,2022,11,3,321
2022-11-18,C,66.78,59.19,5,25,0,0,Online,West,2022,11,4,322
2022-11-19,C,46.83,43.45,8,25,0,1,Online,West,2022,11,5,323
2022-11-20,C,57.68,58.5,6,25,0,1,Store,South,2022,11,6,324
2022-11-21,C,35.88,36.5,10,25,0,0,Online,South,2022,11,0,325
2022-11-22,C,64.45,63.16,5,25,0,0,Online,West,2022,11,1,326
2022-11-23,C,33.9,29.35,11,25,0,0,Online,South,2022,11,2,327
2022-11-24,C,56.29,57.9,5,25,0,0,Online,West,2022,11,3,328
2022-11-25,C,64.66,66.3,6,25,0,0,Store,North,2022,11,4,329
2022-11-26,C,46.46,46.52,11,25,1,1,Online,West,2022,11,5,330
2022-11-27,C,30.0,29.92,14,25,0,1,Online,North,2022,11,6,331
2022-11-28,C,41.85,35.75,8,25,0,0,Store,North,2022,11,0,332
2022-11-29,C,56.77,58.41,6,25,0,0,Online,East,2022,11,1,333
2022-11-30,C,41.48,44.98,10,25,0,0,Store,West,2022,11,2,334
2022-12-01,C,31.22,34.79,12,25,1,0,Store,East,2022,12,3,335
2022-12-02,C,59.32,54.44,9,25,1,0,Online,East,2022,12,4,336
2022-12-03,C,40.97,39.36,14,25,1,1,Online,South,2022,12,5,337
2022-12-04,C,58.0,55.55,7,25,0,1,Store,West,2022,12,6,338
2022-12-05,C,45.73,39.59,7,25,0,0,Online,North,2022,12,0,339
2022-12-06,C,55.91,55.5,7,25,0,0,Online,North,2022,12,1,340
2022-12-07,C,45.0,44.94,9,25,0,0,Online,North,2022,12,2,341
2022-12-08,C,65.11,58.49,6,25,1,0,Store,East,2022,12,3,342
2022-12-09,C,68.78,69.6,5,25,0,0,Online,South,2022,12,4,343
2022-12-10,C,40.02,39.68,11,25,0,1,Online,South,2022,12,5,344
2022-12-11,C,60.43,53.93,5,25,0,1,Online,West,2022,12,6,345
2022-12-12,C,72.2,81.34,6,25,0,0,Online,East,2022,12,0,346
2022-12-13,C,40.96,41.02,11,25,0,0,Store,North,2022,12,1,347
2022-12-14,C,53.78,61.78,8,25,0,0,Online,East,2022,12,2,348
2022-12-15,C,57.67,62.0,7,25,0,0,Store,West,2022,12,3,349
2022-12-16,C,69.01,77.22,6,25,0,0,Online,South,2022,12,4,350
2022-12-17,C,56.94,56.11,9,25,0,1,Online,East,2022,12,5,351
2022-12-18,C,51.43,45.24,8,25,0,1,Online,North,2022,12,6,352
2022-12-19,C,59.67,59.7,6,25,0,0,Online,West,2022,12,0,353
2022-12-20,C,73.08,71.36,5,25,0,0,Store,East,2022,12,1,354
2022-12-21,C,48.31,45.59,10,25,1,0,Online,East,2022,12,2,355
2022-12-22,C,49.66,55.47,9,25,0,0,Online,East,2022,12,3,356
2022-12-23,C,59.45,59.46,7,25,0,0,Store,South,2022,12,4,357
2022-12-24,C,64.83,71.65,7,25,1,1,Store,West,2022,12,5,358
2022-12-25,C,53.6,55.77,10,25,0,1,Store,North,2022,12,6,359
2022-12-26,C,53.77,46.95,7,25,0,0,Store,West,2022,12,0,360
2022-12-27,C,31.43,27.55,18,25,0,0,Store,North,2022,12,1,361
2022-12-28,C,50.84,53.43,10,25,1,0,Store,North,2022,12,2,362
2022-12-29,C,65.7,56.79,6,25,0,0,Store,West,2022,12,3,363
2022-12-30,C,67.16,75.3,9,25,1,0,Online,West,2022,12,4,364
2022-12-31,C,40.29,41.91,14,25,0,1,Online,West,2022,12,5,365
2023-01-01,C,48.51,48.78,11,25,0,1,Online,East,2023,1,6,1
2023-01-02,C,49.8,51.6,8,25,0,0,Online,East,2023,1,0,2
2023-01-03,C,30.0,26.47,17,25,0,0,Store,South,2023,1,1,3
2023-01-04,C,67.07,71.19,10,25,1,0,Store,East,2023,1,2,4
2023-01-05,C,56.74,59.49,12,25,1,0,Store,South,2023,1,3,5
2023-01-06,C,51.37,45.59,8,25,0,0,Online,South,2023,1,4,6
2023-01-07,C,50.09,48.12,12,25,0,1,Store,South,2023,1,5,7
2023-01-08,C,59.74,53.7,11,25,1,1,Store,West,2023,1,6,8
2023-01-09,C,58.55,53.79,7,25,0,0,Store,West,2023,1,0,9
2023-01-10,C,49.2,53.86,12,25,1,0,Store,East,2023,1,1,10
2023-01-11,C,41.68,41.76,12,25,0,0,Online,North,2023,1,2,11
2023-01-12,C,53.06,54.33,9,25,0,0,Online,East,2023,1,3,12
2023-01-13,C,43.24,46.03,13,25,0,0,Online,South,2023,1,4,13
2023-01-14,C,55.21,60.47,9,25,0,1,Store,North,2023,1,5,14
2023-01-15,C,49.91,49.43,12,25,0,1,Online,West,2023,1,6,15
2023-01-16,C,37.54,37.1,13,25,0,0,Online,North,2023,1,0,16
2023-01-17,C,30.0,25.65,13,25,0,0,Online,South,2023,1,1,17
2023-01-18,C,53.48,47.85,8,25,0,0,Online,South,2023,1,2,18
2023-01-19,C,40.99,47.07,15,25,0,0,Online,West,2023,1,3,19
2023-01-20,C,45.76,46.76,13,25,1,0,Online,West,2023,1,4,20
2023-01-21,C,30.0,34.26,26,25,1,1,Store,West,2023,1,5,21
2023-01-22,C,60.42,54.11,9,25,0,1,Store,South,2023,1,6,22
2023-01-23,C,60.15,53.21,9,25,0,0,Online,South,2023,1,0,23
2023-01-24,C,46.84,46.64,15,25,1,0,Online,North,2023,1,1,24
2023-01-25,C,43.33,44.51,16,25,1,0,Online,East,2023,1,2,25
2023-01-26,C,36.53,32.4,15,25,0,0,Online,South,2023,1,3,26
2023-01-27,C,44.42,45.76,12,25,0,0,Store,North,2023,1,4,27
2023-01-28,C,38.1,38.28,17,25,0,1,Online,North,2023,1,5,28
2023-01-29,C,54.03,57.85,12,25,0,1,Store,South,2023,1,6,29
2023-01-30,C,56.44,55.94,9,25,0,0,Online,North,2023,1,0,30
2023-01-31,C,38.54,39.8,17,25,1,0,Online,South,2023,1,1,31
2023-02-01,C,39.37,37.48,14,25,0,0,Store,North,2023,2,2,32
2023-02-02,C,72.35,71.92,8,25,0,0,Online,East,2023,2,3,33
2023-02-03,C,33.13,33.22,16,25,0,0,Online,West,2023,2,4,34
2023-02-04,C,42.42,36.35,12,25,0,1,Store,North,2023,2,5,35
2023-02-05,C,59.42,55.33,11,25,0,1,Store,North,2023,2,6,36
2023-02-06,C,31.72,28.08,21,25,0,0,Store,South,2023,2,0,37
2023-02-07,C,57.84,63.57,13,25,1,0,Online,West,2023,2,1,38
2023-02-08,C,44.82,49.08,15,25,0,0,Store,East,2023,2,2,39
2023-02-09,C,36.53,37.15,22,25,1,0,Online,East,2023,2,3,40
2023-02-10,C,62.94,54.97,8,25,0,0,Online,South,2023,2,4,41
2023-02-11,C,62.62,66.85,13,25,1,1,Online,North,2023,2,5,42
2023-02-12,C,55.29,54.75,12,25,0,1,Store,South,2023,2,6,43
2023-02-13,C,46.15,47.34,16,25,1,0,Online,South,2023,2,0,44
2023-02-14,C,41.29,46.96,14,25,0,0,Online,South,2023,2,1,45
2023-02-15,C,54.74,59.82,12,25,1,0,Store,South,2023,2,2,46
2023-02-16,C,56.91,50.48,8,25,0,0,Store,West,2023,2,3,47
2023-02-17,C,44.14,44.32,15,25,0,0,Online,East,2023,2,4,48
2023-02-18,C,53.45,48.92,12,25,0,1,Online,North,2023,2,5,49
2023-02-19,C,63.87,63.03,10,25,0,1,Store,East,2023,2,6,50
2023-02-20,C,64.03,68.16,11,25,1,0,Online,South,2023,2,0,51
2023-02-21,C,65.76,73.23,10,25,0,0,Online,South,2023,2,1,52
2023-02-22,C,42.63,37.39,21,25,1,0,Online,South,2023,2,2,53
2023-02-23,C,41.09,46.53,16,25,0,0,Store,East,2023,2,3,54
2023-02-24,C,53.98,46.89,10,25,0,0,Online,East,2023,2,4,55
2023-02-25,C,67.04,64.94,9,25,0,1,Online,West,2023,2,5,56
2023-02-26,C,55.44,51.07,14,25,0,1,Online,North,2023,2,6,57
2023-02-27,C,56.98,61.93,15,25,1,0,Online,South,2023,2,0,58
2023-02-28,C,30.39,30.63,23,25,0,0,Store,West,2023,2,1,59
2023-03-01,C,35.82,36.16,25,25,1,0,Online,East,2023,3,2,60
2023-03-02,C,30.0,26.01,22,25,0,0,Store,East,2023,3,3,61
2023-03-03,C,47.44,45.98,16,25,1,0,Store,North,2023,3,4,62
2023-03-04,C,37.35,31.96,19,25,0,1,Store,South,2023,3,5,63
2023-03-05,C,59.45,58.13,11,25,0,1,Store,West,2023,3,6,64
2023-03-06,C,69.4,66.65,9,25,0,0,Online,East,2023,3,0,65
2023-03-07,C,49.83,44.35,14,25,1,0,Online,South,2023,3,1,66
2023-03-08,C,56.24,55.67,16,25,1,0,Store,West,2023,3,2,67
2023-03-09,C,40.72,35.81,16,25,0,0,Store,South,2023,3,3,68
2023-03-10,C,64.92,63.52,8,25,0,0,Store,North,2023,3,4,69
2023-03-11,C,55.22,56.38,15,25,0,1,Online,West,2023,3,5,70
2023-03-12,C,49.74,47.64,14,25,0,1,Store,North,2023,3,6,71
2023-03-13,C,46.67,40.17,12,25,0,0,Store,East,2023,3,0,72
2023-03-14,C,36.01,36.43,19,25,0,0,Online,South,2023,3,1,73
2023-03-15,C,41.17,41.1,17,25,0,0,Online,West,2023,3,2,74
2023-03-16,C,54.58,46.94,12,25,0,0,Store,East,2023,3,3,75
2023-03-17,C,60.3,63.85,15,25,1,0,Online,North,2023,3,4,76
2023-03-18,C,59.23,61.82,13,25,0,1,Online,North,2023,3,5,77
2023-03-19,C,48.03,54.77,17,25,0,1,Online,East,2023,3,6,78
2023-03-20,C,55.2,63.33,14,25,1,0,Store,West,2023,3,0,79
2023-03-21,C,41.6,47.67,15,25,0,0,Store,North,2023,3,1,80
2023-03-22,C,32.54,34.64,27,25,1,0,Store,East,2023,3,2,81
2023-03-23,C,67.85,70.39,10,25,0,0,Online,South,2023,3,3,82
2023-03-24,C,57.55,65.33,11,25,0,0,Store,North,2023,3,4,83
2023-03-25,C,36.04,39.23,23,25,0,1,Store,North,2023,3,5,84
2023-03-26,C,54.59,60.31,16,25,0,1,Online,South,2023,3,6,85
2023-03-27,C,51.48,51.17,14,25,0,0,Store,West,2023,3,0,86
2023-03-28,C,57.48,56.2,12,25,0,0,Online,East,2023,3,1,87
2023-03-29,C,42.7,39.11,18,25,1,0,Store,West,2023,3,2,88
2023-03-30,C,56.07,58.59,13,25,1,0,Store,East,2023,3,3,89
2023-03-31,C,66.36,74.34,9,25,0,0,Online,East,2023,3,4,90
2023-04-01,C,44.37,46.74,18,25,0,1,Online,East,2023,4,5,91
2023-04-02,C,58.23,55.6,12,25,0,1,Online,North,2023,4,6,92
2023-04-03,C,50.67,45.02,13,25,0,0,Online,West,2023,4,0,93
2023-04-04,C,44.06,41.46,11,25,0,0,Online,West,2023,4,1,94
2023-04-05,C,39.33,33.92,17,25,0,0,Store,South,2023,4,2,95
2023-04-06,C,66.62,60.49,9,25,0,0,Store,South,2023,4,3,96
2023-04-07,C,50.27,46.47,12,25,0,0,Online,South,2023,4,4,97
2023-04-08,C,52.46,45.83,14,25,0,1,Store,West,2023,4,5,98
2023-04-09,C,33.95,30.7,26,25,0,1,Store,West,2023,4,6,99
2023-04-10,C,53.53,58.16,14,25,0,0,Online,East,2023,4,0,100
2023-04-11,C,63.34,70.45,12,25,1,0,Online,South,2023,4,1,101
2023-04-12,C,47.24,41.78,16,25,1,0,Online,North,2023,4,2,102
2023-04-13,C,64.25,60.92,9,25,0,0,Store,West,2023,4,3,103
2023-04-14,C,58.75,55.32,11,25,0,0,Store,North,2023,4,4,104
2023-04-15,C,60.57,63.68,11,25,0,1,Store,North,2023,4,5,105
2023-04-16,C,61.14,69.65,18,25,1,1,Online,East,2023,4,6,106
2023-04-17,C,60.28,67.96,10,25,0,0,Online,South,2023,4,0,107
2023-04-18,C,62.78,68.33,10,25,0,0,Online,North,2023,4,1,108
2023-04-19,C,43.87,38.15,14,25,0,0,Online,East,2023,4,2,109
2023-04-20,C,48.97,44.04,11,25,0,0,Store,East,2023,4,3,110
2023-04-21,C,65.06,70.09,10,25,0,0,Online,West,2023,4,4,111
2023-04-22,C,48.96,51.29,14,25,0,1,Online,North,2023,4,5,112
2023-04-23,C,66.63,67.64,11,25,0,1,Online,South,2023,4,6,113
2023-04-24,C,60.68,55.72,11,25,0,0,Online,South,2023,4,0,114
2023-04-25,C,40.65,42.74,24,25,1,0,Store,West,2023,4,1,115
2023-04-26,C,56.49,54.2,10,25,0,0,Online,North,2023,4,2,116
2023-04-27,C,53.75,57.64,11,25,0,0,Online,West,2023,4,3,117
2023-04-28,C,46.77,53.71,16,25,0,0,Online,North,2023,4,4,118
2023-04-29,C,47.14,49.4,15,25,0,1,Online,East,2023,4,5,119
2023-04-30,C,47.52,54.03,14,25,0,1,Store,South,2023,4,6,120
2023-05-01,C,45.6,49.23,13,25,0,0,Online,North,2023,5,0,121
2023-05-02,C,37.56,37.24,17,25,0,0,Online,West,2023,5,1,122
2023-05-03,C,41.13,42.89,16,25,0,0,Online,North,2023,5,2,123
2023-05-04,C,42.91,37.26,15,25,0,0,Store,East,2023,5,3,124
2023-05-05,C,49.48,54.78,12,25,0,0,Online,East,2023,5,4,125
2023-05-06,C,35.69,30.76,21,25,0,1,Online,West,2023,5,5,126
2023-05-07,C,62.49,65.48,11,25,0,1,Store,East,2023,5,6,127
2023-05-08,C,58.33,63.78,13,25,0,0,Online,South,2023,5,0,128
2023-05-09,C,68.22,68.31,8,25,0,0,Online,East,2023,5,1,129
2023-05-10,C,45.33,42.95,11,25,0,0,Online,West,2023,5,2,130
2023-05-11,C,45.23,47.84,13,25,0,0,Online,North,2023,5,3,131
2023-05-12,C,55.28,50.81,11,25,0,0,Online,North,2023,5,4,132
2023-05-13,C,50.05,48.01,16,25,0,1,Online,East,2023,5,5,133
2023-05-14,C,47.68,51.27,15,25,0,1,Store,North,2023,5,6,134
2023-05-15,C,50.3,55.65,14,25,0,0,Store,West,2023,5,0,135
2023-05-16,C,43.09,39.94,16,25,0,0,Online,South,2023,5,1,136
2023-05-17,C,51.72,46.21,10,25,0,0,Online,North,2023,5,2,137
2023-05-18,C,70.56,70.46,10,25,1,0,Store,North,2023,5,3,138
2023-05-19,C,38.54,42.47,14,25,0,0,Store,South,2023,5,4,139
2023-05-20,C,49.19,46.33,15,25,1,1,Online,North,2023,5,5,140
2023-05-21,C,62.24,53.99,11,25,0,1,Store,South,2023,5,6,141
2023-05-22,C,47.81,43.57,12,25,0,0,Online,East,2023,5,0,142
2023-05-23,C,42.57,48.4,15,25,0,0,Online,West,2023,5,1,143
2023-05-24,C,61.08,62.35,8,25,0,0,Store,East,2023,5,2,144
2023-05-25,C,50.39,43.67,11,25,0,0,Store,West,2023,5,3,145
2023-05-26,C,42.97,47.57,14,25,0,0,Online,North,2023,5,4,146
2023-05-27,C,49.22,54.11,14,25,0,1,Store,North,2023,5,5,147
2023-05-28,C,58.46,65.21,13,25,0,1,Store,East,2023,5,6,148
2023-05-29,C,33.18,31.93,20,25,0,0,Store,South,2023,5,0,149
2023-05-30,C,51.46,51.58,9,25,0,0,Online,North,2023,5,1,150
2023-05-31,C,40.24,43.59,18,25,0,0,Online,South,2023,5,2,151
2023-06-01,C,55.96,53.01,12,25,1,0,Online,North,2023,6,3,152
2023-06-02,C,47.79,42.88,9,25,0,0,Store,South,2023,6,4,153
2023-06-03,C,47.56,53.99,14,25,0,1,Store,South,2023,6,5,154
2023-06-04,C,39.12,42.7,17,25,0,1,Online,North,2023,6,6,155
2023-06-05,C,55.36,63.16,10,25,0,0,Online,North,2023,6,0,156
2023-06-06,C,62.22,61.03,8,25,0,0,Store,East,2023,6,1,157
2023-06-07,C,49.32,51.22,11,25,0,0,Online,East,2023,6,2,158
2023-06-08,C,52.45,51.85,11,25,0,0,Online,West,2023,6,3,159
2023-06-09,C,53.36,61.33,9,25,0,0,Online,South,2023,6,4,160
2023-06-10,C,59.98,68.79,10,25,0,1,Online,West,2023,6,5,161
2023-06-11,C,36.53,40.0,17,25,0,1,Store,East,2023,6,6,162
2023-06-12,C,52.73,53.35,11,25,0,0,Online,North,2023,6,0,163
2023-06-13,C,64.27,64.05,9,25,1,0,Online,South,2023,6,1,164
2023-06-14,C,42.59,39.17,14,25,0,0,Online,East,2023,6,2,165
2023-06-15,C,73.19,80.76,7,25,1,0,Store,North,2023,6,3,166
2023-06-16,C,50.85,53.48,9,25,0,0,Online,East,2023,6,4,167
2023-06-17,C,56.72,51.53,12,25,1,1,Store,East,2023,6,5,168
2023-06-18,C,60.29,65.35,11,25,1,1,Online,West,2023,6,6,169
2023-06-19,C,39.71,44.93,14,25,0,0,Online,North,2023,6,0,170
2023-06-20,C,50.21,50.07,11,25,0,0,Store,West,2023,6,1,171
2023-06-21,C,53.5,57.12,9,25,0,0,Store,West,2023,6,2,172
2023-06-22,C,58.28,60.94,9,25,0,0,Online,North,2023,6,3,173
2023-06-23,C,62.76,53.93,8,25,0,0,Online,East,2023,6,4,174
2023-06-24,C,38.95,36.78,14,25,0,1,Store,East,2023,6,5,175
2023-06-25,C,45.31,45.04,12,25,0,1,Online,West,2023,6,6,176
2023-06-26,C,42.53,38.16,11,25,0,0,Online,East,2023,6,0,177
2023-06-27,C,30.56,26.8,16,25,0,0,Store,West,2023,6,1,178
2023-06-28,C,40.74,41.31,10,25,0,0,Store,East,2023,6,2,179
2023-06-29,C,30.0,25.58,15,25,0,0,Online,East,2023,6,3,180
2023-06-30,C,34.82,37.68,16,25,0,0,Online,East,2023,6,4,181
2023-07-01,C,50.62,47.68,11,25,0,1,Online,East,2023,7,5,182
2023-07-02,C,55.79,59.69,9,25,0,1,Online,South,2023,7,6,183
2023-07-03,C,42.21,46.63,11,25,0,0,Online,West,2023,7,0,184
2023-07-04,C,54.46,56.54,7,25,0,0,Store,South,2023,7,1,185
2023-07-05,C,45.16,39.28,9,25,0,0,Store,West,2023,7,2,186
2023-07-06,C,33.54,33.62,14,25,0,0,Store,West,2023,7,3,187
2023-07-07,C,56.65,60.58,7,25,0,0,Online,East,2023,7,4,188
2023-07-08,C,54.83,56.45,12,25,1,1,Online,South,2023,7,5,189
2023-07-09,C,44.59,38.3,11,25,0,1,Online,South,2023,7,6,190
2023-07-10,C,49.14,56.38,9,25,0,0,Store,North,2023,7,0,191
2023-07-11,C,45.35,48.92,10,25,0,0,Store,North,2023,7,1,192
2023-07-12,C,55.57,57.54,7,25,0,0,Online,East,2023,7,2,193
2023-07-13,C,59.39,66.91,6,25,0,0,Online,East,2023,7,3,194
2023-07-14,C,30.0,29.08,20,25,1,0,Online,West,2023,7,4,195
2023-07-15,C,57.87,56.94,7,25,0,1,Store,North,2023,7,5,196
2023-07-16,C,48.77,46.47,11,25,1,1,Store,South,2023,7,6,197
2023-07-17,C,48.4,55.03,10,25,1,0,Online,East,2023,7,0,198
2023-07-18,C,48.72,48.78,10,25,1,0,Store,South,2023,7,1,199
2023-07-19,C,67.01,63.66,7,25,1,0,Online,South,2023,7,2,200
2023-07-20,C,48.0,48.05,9,25,0,0,Store,West,2023,7,3,201
2023-07-21,C,55.9,62.8,6,25,0,0,Store,East,2023,7,4,202
2023-07-22,C,32.07,28.55,15,25,0,1,Online,South,2023,7,5,203
2023-07-23,C,45.44,50.99,11,25,0,1,Store,North,2023,7,6,204
2023-07-24,C,31.38,35.0,13,25,0,0,Store,North,2023,7,0,205
2023-07-25,C,61.06,66.38,7,25,1,0,Store,North,2023,7,1,206
2023-07-26,C,42.07,45.6,13,25,1,0,Store,East,2023,7,2,207
2023-07-27,C,45.38,38.96,7,25,0,0,Online,East,2023,7,3,208
2023-07-28,C,49.69,51.11,8,25,0,0,Store,North,2023,7,4,209
2023-07-29,C,49.37,43.84,8,25,0,1,Online,West,2023,7,5,210
2023-07-30,C,50.11,55.08,9,25,0,1,Online,West,2023,7,6,211
2023-07-31,C,53.19,56.87,8,25,0,0,Online,South,2023,7,0,212
2023-08-01,C,54.37,50.33,7,25,0,0,Online,North,2023,8,1,213
2023-08-02,C,38.23,35.44,12,25,1,0,Online,North,2023,8,2,214
2023-08-03,C,45.65,51.11,7,25,0,0,Store,North,2023,8,3,215
2023-08-04,C,36.18,31.48,9,25,0,0,Online,South,2023,8,4,216
2023-08-05,C,56.14,56.84,9,25,1,1,Online,South,2023,8,5,217
2023-08-06,C,57.89,50.36,6,25,0,1,Online,North,2023,8,6,218
2023-08-07,C,53.4,55.48,9,25,1,0,Store,West,2023,8,0,219
2023-08-08,C,58.91,54.37,6,25,0,0,Store,South,2023,8,1,220
2023-08-09,C,43.1,40.18,7,25,0,0,Online,South,2023,8,2,221
2023-08-10,C,40.79,41.71,10,25,0,0,Online,West,2023,8,3,222
2023-08-11,C,46.1,43.98,7,25,0,0,Online,West,2023,8,4,223
2023-08-12,C,41.22,42.59,9,25,0,1,Store,East,2023,8,5,224
2023-08-13,C,35.35,38.92,13,25,0,1,Online,South,2023,8,6,225
2023-08-14,C,47.17,45.9,7,25,0,0,Store,South,2023,8,0,226
2023-08-15,C,31.46,33.04,12,25,0,0,Online,East,2023,8,1,227
2023-08-16,C,55.3,55.16,7,25,0,0,Online,North,2023,8,2,228
2023-08-17,C,49.64,54.42,7,25,0,0,Online,North,2023,8,3,229
2023-08-18,C,68.98,61.92,4,25,0,0,Store,East,2023,8,4,230
2023-08-19,C,30.0,32.82,14,25,0,1,Store,East,2023,8,5,231
2023-08-20,C,51.66,55.42,8,25,0,1,Online,East,2023,8,6,232
2023-08-21,C,49.59,42.58,7,25,0,0,Online,West,2023,8,0,233
2023-08-22,C,30.0,28.17,12,25,0,0,Store,South,2023,8,1,234
2023-08-23,C,69.05,60.66,4,25,0,0,Store,West,2023,8,2,235
2023-08-24,C,63.72,57.23,5,25,0,0,Online,East,2023,8,3,236
2023-08-25,C,53.12,49.28,8,25,1,0,Online,West,2023,8,4,237
2023-08-26,C,59.16,62.74,6,25,0,1,Online,East,2023,8,5,238
2023-08-27,C,51.85,51.56,6,25,0,1,Online,East,2023,8,6,239
2023-08-28,C,37.5,34.62,9,25,0,0,Store,West,2023,8,0,240
2023-08-29,C,52.12,46.23,6,25,0,0,Store,North,2023,8,1,241
2023-08-30,C,38.45,43.82,10,25,0,0,Online,West,2023,8,2,242
2023-08-31,C,61.87,53.7,5,25,0,0,Online,West,2023,8,3,243
2023-09-01,C,46.62,47.36,8,25,0,0,Online,East,2023,9,4,244
2023-09-02,C,46.7,49.87,9,25,0,1,Online,West,2023,9,5,245
2023-09-03,C,64.44,60.21,7,25,1,1,Online,East,2023,9,6,246
2023-09-04,C,45.67,40.48,6,25,0,0,Store,North,2023,9,0,247
2023-09-05,C,49.16,56.33,7,25,0,0,Online,North,2023,9,1,248
2023-09-06,C,50.94,57.47,7,25,0,0,Online,East,2023,9,2,249
2023-09-07,C,37.51,42.56,8,25,0,0,Store,West,2023,9,3,250
2023-09-08,C,67.0,59.7,6,25,0,0,Online,South,2023,9,4,251
2023-09-09,C,41.2,43.73,12,25,1,1,Online,North,2023,9,5,252
2023-09-10,C,44.99,39.83,10,25,1,1,Store,East,2023,9,6,253
2023-09-11,C,50.72,43.57,9,25,1,0,Store,North,2023,9,0,254
2023-09-12,C,46.36,41.05,6,25,0,0,Online,East,2023,9,1,255
2023-09-13,C,30.0,34.1,11,25,0,0,Store,South,2023,9,2,256
2023-09-14,C,65.86,60.24,5,25,1,0,Store,North,2023,9,3,257
2023-09-15,C,68.59,75.71,4,25,0,0,Online,East,2023,9,4,258
2023-09-16,C,46.13,42.29,8,25,0,1,Online,West,2023,9,5,259
2023-09-17,C,53.36,50.63,6,25,0,1,Store,West,2023,9,6,260
2023-09-18,C,33.03,32.63,11,25,0,0,Online,South,2023,9,0,261
2023-09-19,C,43.57,50.05,7,25,0,0,Online,East,2023,9,1,262
2023-09-20,C,34.82,34.45,8,25,0,0,Online,South,2023,9,2,263
2023-09-21,C,55.63,58.61,7,25,1,0,Store,North,2023,9,3,264
2023-09-22,C,49.04,56.15,7,25,0,0,Online,West,2023,9,4,265
2023-09-23,C,48.29,54.68,8,25,0,1,Online,North,2023,9,5,266
2023-09-24,C,59.72,60.78,6,25,0,1,Online,South,2023,9,6,267
2023-09-25,C,50.79,52.4,6,25,0,0,Online,South,2023,9,0,268
2023-09-26,C,46.8,53.24,6,25,0,0,Online,East,2023,9,1,269
2023-09-27,C,44.88,46.16,7,25,0,0,Online,West,2023,9,2,270
2023-09-28,C,43.52,47.33,7,25,0,0,Store,South,2023,9,3,271
2023-09-29,C,58.88,62.71,5,25,0,0,Store,North,2023,9,4,272
2023-09-30,C,53.59,58.88,8,25,0,1,Store,South,2023,9,5,273
2023-10-01,C,64.2,68.72,6,25,0,1,Store,North,2023,10,6,274
2023-10-02,C,61.82,70.82,5,25,0,0,Online,South,2023,10,0,275
2023-10-03,C,30.0,26.74,14,25,1,0,Online,East,2023,10,1,276
2023-10-04,C,65.08,73.92,6,25,1,0,Online,East,2023,10,2,277
2023-10-05,C,43.63,46.18,7,25,0,0,Store,East,2023,10,3,278
2023-10-06,C,63.06,56.6,4,25,0,0,Store,South,2023,10,4,279
2023-10-07,C,54.42,49.86,6,25,0,1,Online,West,2023,10,5,280
2023-10-08,C,55.51,53.2,6,25,0,1,Online,South,2023,10,6,281
2023-10-09,C,46.98,51.73,7,25,0,0,Store,North,2023,10,0,282
2023-10-10,C,50.28,52.23,7,25,1,0,Store,West,2023,10,1,283
2023-10-11,C,67.79,64.26,4,25,0,0,Store,South,2023,10,2,284
2023-10-12,C,46.01,41.13,5,25,0,0,Store,East,2023,10,3,285
2023-10-13,C,51.21,54.04,6,25,0,0,Store,West,2023,10,4,286
2023-10-14,C,57.61,62.24,7,25,0,1,Store,East,2023,10,5,287
2023-10-15,C,56.08,54.71,6,25,0,1,Online,North,2023,10,6,288
2023-10-16,C,48.92,47.69,7,25,1,0,Online,West,2023,10,0,289
2023-10-17,C,31.22,30.49,14,25,1,0,Store,South,2023,10,1,290
2023-10-18,C,59.12,67.93,7,25,1,0,Store,East,2023,10,2,291
2023-10-19,C,45.91,47.76,9,25,1,0,Online,South,2023,10,3,292
2023-10-20,C,57.91,66.54,6,25,0,0,Store,West,2023,10,4,293
2023-10-21,C,49.64,53.05,9,25,1,1,Store,East,2023,10,5,294
2023-10-22,C,49.92,56.87,8,25,0,1,Online,South,2023,10,6,295
2023-10-23,C,36.25,40.23,10,25,0,0,Online,North,2023,10,0,296
2023-10-24,C,58.57,61.88,7,25,1,0,Online,West,2023,10,1,297
2023-10-25,C,48.02,49.47,6,25,0,0,Online,West,2023,10,2,298
2023-10-26,C,43.93,45.91,8,25,0,0,Online,South,2023,10,3,299
2023-10-27,C,54.33,61.11,6,25,1,0,Online,East,2023,10,4,300
2023-10-28,C,53.57,57.38,9,25,1,1,Online,East,2023,10,5,301
2023-10-29,C,48.38,49.56,9,25,1,1,Online,West,2023,10,6,302
2023-10-30,C,54.51,47.37,5,25,0,0,Online,West,2023,10,0,303
2023-10-31,C,49.09,48.56,6,25,0,0,Online,South,2023,10,1,304
2023-11-01,C,54.15,50.69,6,25,0,0,Online,South,2023,11,2,305
2023-11-02,C,50.93,48.18,6,25,0,0,Store,East,2023,11,3,306
2023-11-03,C,46.18,47.71,9,25,1,0,Online,East,2023,11,4,307
2023-11-04,C,52.45,50.89,6,25,0,1,Online,South,2023,11,5,308
2023-11-05,C,67.0,72.58,6,25,0,1,Online,East,2023,11,6,309
2023-11-06,C,61.06,56.71,5,25,0,0,Online,South,2023,11,0,310
2023-11-07,C,55.79,54.49,4,25,0,0,Store,West,2023,11,1,311
2023-11-08,C,49.9,50.35,7,25,0,0,Online,West,2023,11,2,312
2023-11-09,C,30.0,25.57,11,25,0,0,Online,South,2023,11,3,313
2023-11-10,C,51.56,58.5,7,25,0,0,Online,West,2023,11,4,314
2023-11-11,C,46.93,40.28,9,25,0,1,Store,West,2023,11,5,315
2023-11-12,C,50.07,52.28,8,25,0,1,Online,East,2023,11,6,316
2023-11-13,C,50.4,45.74,7,25,0,0,Online,East,2023,11,0,317
2023-11-14,C,47.43,45.31,7,25,0,0,Online,North,2023,11,1,318
2023-11-15,C,47.34,51.22,7,25,0,0,Store,West,2023,11,2,319
2023-11-16,C,54.53,60.91,7,25,0,0,Online,North,2023,11,3,320
2023-11-17,C,46.09,43.59,7,25,0,0,Online,East,2023,11,4,321
2023-11-18,C,59.68,62.76,7,25,1,1,Online,West,2023,11,5,322
2023-11-19,C,50.46,46.52,8,25,1,1,Store,West,2023,11,6,323
2023-11-20,C,51.4,46.91,7,25,0,0,Online,South,2023,11,0,324
2023-11-21,C,68.13,61.29,4,25,0,0,Store,East,2023,11,1,325
2023-11-22,C,30.0,31.89,12,25,0,0,Online,South,2023,11,2,326
2023-11-23,C,67.05,70.72,7,25,1,0,Online,North,2023,11,3,327
2023-11-24,C,48.74,41.8,7,25,0,0,Store,East,2023,11,4,328
2023-11-25,C,58.88,60.77,7,25,0,1,Store,West,2023,11,5,329
2023-11-26,C,63.44,55.76,6,25,0,1,Online,North,2023,11,6,330
2023-11-27,C,40.8,37.04,11,25,1,0,Online,East,2023,11,0,331
2023-11-28,C,46.34,45.36,7,25,0,0,Online,East,2023,11,1,332
2023-11-29,C,48.52,54.8,9,25,0,0,Store,South,2023,11,2,333
2023-11-30,C,66.05,73.79,6,25,1,0,Online,East,2023,11,3,334
2023-12-01,C,47.22,50.4,9,25,0,0,Online,North,2023,12,4,335
2023-12-02,C,56.59,53.01,7,25,0,1,Store,East,2023,12,5,336
2023-12-03,C,42.31,40.38,10,25,0,1,Store,North,2023,12,6,337
2023-12-04,C,48.27,53.89,8,25,0,0,Online,West,2023,12,0,338
2023-12-05,C,51.57,55.49,8,25,0,0,Online,South,2023,12,1,339
2023-12-06,C,64.59,60.04,8,25,1,0,Online,North,2023,12,2,340
2023-12-07,C,59.36,54.1,7,25,0,0,Online,West,2023,12,3,341
2023-12-08,C,33.32,35.05,16,25,1,0,Online,East,2023,12,4,342
2023-12-09,C,44.19,38.6,10,25,0,1,Online,West,2023,12,5,343
2023-12-10,C,48.13,54.18,8,25,0,1,Online,West,2023,12,6,344
2023-12-11,C,51.38,48.06,11,25,1,0,Online,East,2023,12,0,345
2023-12-12,C,36.45,41.06,11,25,0,0,Store,South,2023,12,1,346
2023-12-13,C,30.0,30.8,15,25,0,0,Online,North,2023,12,2,347
2023-12-14,C,46.14,43.44,9,25,0,0,Store,East,2023,12,3,348
2023-12-15,C,52.66,46.54,9,25,1,0,Online,North,2023,12,4,349
2023-12-16,C,44.0,42.59,16,25,1,1,Store,South,2023,12,5,350
2023-12-17,C,44.76,49.64,16,25,1,1,Online,West,2023,12,6,351
2023-12-18,C,36.45,39.5,10,25,0,0,Store,South,2023,12,0,352
2023-12-19,C,39.34,35.45,13,25,1,0,Store,South,2023,12,1,353
2023-12-20,C,41.07,38.49,10,25,0,0,Online,South,2023,12,2,354
2023-12-21,C,46.28,52.57,12,25,1,0,Online,East,2023,12,3,355
2023-12-22,C,48.27,54.2,11,25,0,0,Online,East,2023,12,4,356
2023-12-23,C,46.1,40.06,11,25,0,1,Online,North,2023,12,5,357
2023-12-24,C,48.49,55.51,11,25,0,1,Store,East,2023,12,6,358
2023-12-25,C,66.34,65.68,7,25,0,0,Store,North,2023,12,0,359
2023-12-26,C,38.04,39.2,14,25,1,0,Store,North,2023,12,1,360
2023-12-27,C,42.16,41.73,10,25,0,0,Online,North,2023,12,2,361
2023-12-28,C,35.89,35.89,10,25,0,0,Online,West,2023,12,3,362
2023-12-29,C,49.48,48.54,7,25,0,0,Store,North,2023,12,4,363
2023-12-30,C,44.73,44.24,11,25,0,1,Store,North,2023,12,5,364
2023-12-31,C,30.0,29.04,18,25,0,1,Online,West,2023,12,6,365
